#SUBSTART
        0.2296519429       -0.0488423525        4.5878212894        4.5959449038
        0.3218473197        0.0832710800        1.3737533350        1.4202808807
       -0.3201086760       -0.2246697224       36.1663098962       36.1686936084
        0.5906799303       -0.1042469184       13.7146397241       13.7284592270
       -0.1668515343        0.0395907630       14.0577455410       14.0594842133
       -0.3177892022       -0.0413217308      222.8738457997      222.8741198946
        3.6068455540        4.1355965220        4.6760315412        7.2705265423
        2.0987388018        1.4704718038        1.3649889489        3.0513173069
       -0.1651450147        0.7858603113        0.1421817068        0.8273721819
        0.2122523681        0.7444348423       -1.0514174861        1.3958345147
        1.2163216147       -0.6720351610       -6.9928609075        7.1466645479
        0.0251979039       -0.9672248823       -8.0372495655        8.0964819070
       -2.5310248676       -2.4984290068      -82.9742381841       83.0557209781
       -4.2091628488       -3.4630119540     -146.8965253272      147.0006171710
        0.0780558804       -0.5582395162      119.6503626461      119.6517717596
        0.2119057239       -0.4686260904       80.9397946629       80.9468817578
        0.0370558743        0.2187198954        9.2984541149        9.3483052501
       -0.1666468114       -0.4095965231       -0.8738364146        0.9892473582
       -0.1292040987        0.3343379219        0.2768104141        1.0430202948
        0.1842131993       -0.3580399949       10.7924978081       10.8009081036
       -0.0932630972        0.7548099033      338.8210863615      338.8219687077
       -0.0452040997        0.2052680260       15.1093213592       15.1114277980
       -0.1378483233        0.0000186288       99.2266212121       99.2279446542
        0.1007199754        0.8655839079      100.3430582513      100.3469391612
       -0.4131406776        0.1492790100       80.2567107115       80.2633972261
       -0.4182123520        0.8227227617       78.7555546678       78.7665662393
       -0.1562309446       -0.0888246724        0.4635101377        0.5163519760
       -0.1967175851       -0.1618447008        2.4034850123        2.4209732557
        0.1432840383        0.4621579065        4.0521340458        4.1106631498
        0.5918787804        0.6516316534        5.0429147888        5.2046830504
        0.8432104835       -0.1847673903        3.0116263978        3.1360032290
        0.0732612127       -0.2363006473        0.0294556257        0.2855741935
       -0.1590860401        1.0134352713        0.8821992007        1.4402346361
       -0.4926661047        0.2555179200       -0.0880526085        0.5790011614
       -0.1001307694       -0.0460769687        0.0583722901        0.1871800395
       -0.2209700381       -0.1798568790       -0.3258615674        0.4547986375
        0.3573068122       -0.2535431882       -1.3998449771        1.4734307080
       -1.0123603383       -0.9381302934       -5.1847058792        5.3670864294
       -0.3412270574       -0.5816007503       -9.9497238080        9.9735238997
       -2.7277638391        0.6900756197      -45.3654210851       45.4623044063
       -0.5899619727       -0.1798002085      -21.6694439633       21.6985145924
       -0.7948538023        0.8135681929      -25.1767533305       25.2028187673
       -0.4499725364       -0.3189580859      -30.4551826922       30.4604964199
       -0.1387727185        0.7970689160      -89.2970204250       89.3056145161
       -0.9517436933        0.7679879964      -45.5370862282       45.5537190969
       -0.0327109153        0.2018927078      -26.8329549898       26.8340974124
       -0.1463670016       -0.6198871212      -15.0321119142       15.0462470978
       -0.3930032755       -0.2145876402      -14.3441118117       14.3595850935
        0.5873384068       -0.1213560559     -104.8658830560      104.8718070531
        1.1656278880       -0.4050356998      -94.1220687425       94.1348337081
        0.4893530764       -0.2084622310    -1642.4387763517     1642.4388684107
        0.5891250864       -0.8510117123    -2208.6788974703     2208.6793392819
       -0.0608005107        0.4428081433        3.4770320402        3.5084194942
       -0.0940647181        0.0405826301        0.9003014678        0.9061113916
       -0.0555091108        0.1698883363        2.7478052085        2.7536115870
       -0.3084433023       -0.0257944368        9.1553958930        9.1616896022
       -0.3279266721       -0.1774014436       25.2225955407       25.2257371105
       -0.1021283238       -0.0309389636        9.2512116910        9.2528798193
        0.2880124997       -0.3648069556       95.6557339721       95.6569650200
       -0.0412750283       -0.0036252783      109.9133735841      109.9134700079
        0.1294227392       -0.2444070411      331.3402681012      331.3404129143
       -0.1995902218        0.0596593205      618.9084104053      618.9091586475
        0.3476840841        0.2090236980       94.4773523864       94.4783264503
        2.7436296104        2.3802166572        3.4047506558        4.9804358833
        2.1324761821        1.7418215353        2.6571708187        3.8290251335
        2.9142209112        2.6640339387        3.5632128150        5.3203125562
        5.2785248023        4.7810127992        6.2176179994        9.5006564429
        3.0598054183        2.8379878424        3.6797845748        5.5656876029
        0.0520402381        0.0621671410       -0.0220736825        0.0840249205
        0.5674873430        0.7697615547        0.1996638122        0.9769546425
        0.5629957996        0.2452097353        0.2230583312        0.6680770080
        0.8476872640        0.0668491972       -0.8228079444        1.1832393781
        0.5217037224       -0.0514124714       -0.5814674950        0.7828936479
       -0.0675998040        0.0598991783       -0.3579127309        0.3946377490
        0.1369337441        0.2776961225       -6.6515512521        6.6602162000
        0.2705131393       -0.5855691824      -12.5621358920       12.6137273864
        0.3353587916       -0.3609531265       -4.7976014570        4.8248535940
        0.3470435460       -0.1168103822      -16.4446646256       16.4755537182
       -0.7649750397       -0.5801551385      -12.7395778311       12.7764662522
       -0.6248349781       -0.5945569889      -26.2958793161       26.3103908286
      -13.2784570218      -12.4165675481     -449.7126979022      450.0802626932
       -6.2596272616       -6.2520112845     -211.2110475951      211.3963024383
       -0.1413609643       -0.0537428300      239.6654219659      239.6655103203
       -0.0214520395       -0.0605196899       42.6078867368       42.6081637106
       -0.3100123064        0.1851504584       31.0066047810       31.0090213995
        0.1538833054        0.4305967777       26.4543079339       26.4586277366
       -0.1931472295       -0.3125684112        4.9694375617        4.9830025631
       -0.0291828837       -0.2084367449        2.1998422791        2.2098876827
        0.2684092611       -0.0981561213        1.2007969918        1.2422042329
       -0.3785038195       -0.3394120182        1.0821721899        1.2037616429
        0.2432347338       -0.2481830756        1.6856784887        1.7211246155
       -0.0396790964        0.1694489419        0.2683151448        0.3198130571
       -0.1317120172       -0.1148573211       -0.0390913041        0.1790764913
       -1.3597260739       -0.9314971385       -1.8715489080        2.4977423837
       -0.2429586693        0.0887302058       -0.7275983265        0.7847171936
       -0.5980451977       -0.4768890763       -0.3364730828        0.8472161294
       -1.0705152306       -0.3222667658       -0.8504118615        1.4115731814
       -1.4687923766       -0.2143818952       -1.4907492635        2.1083462226
       -0.4938932143        0.0929146804        0.0806933806        0.5089941715
       -0.6497878088        0.0647220420       -0.0384144274        0.6541321024
       -0.1051582631       -0.0998172476        0.0784587715        0.9539231137
       -0.0013494180       -0.1359374437        1.0481411259        1.0660958748
       -0.2954998277        0.3595879396        0.4659079254        0.6731817097
       -0.0160183836       -0.0538186605        0.1416229899        0.2066153261
        0.2542985029       -0.6581268132        2.3472815602        2.6244770806
       -0.0361974950       -0.0135971824        0.0846329886        0.1677428677
       -0.0597568643        0.1857610048        1.6133994258        1.6251571434
        0.0487364796        0.4828367456        3.4196023703        3.4538655067
        0.3411017175       -0.0240663200        3.6623407250        3.7963747102
       -0.0841573146        0.0690759646        1.1254461112        1.1392816493
        0.1575227808       -0.3259057341       23.2773798903       23.2806125846
        0.3488390930       -0.1151961235      129.5889454220      129.5895412996
        0.8340250859        0.1434333775      300.7877421573      300.7889326472
       -0.1580718987        0.2429922430       40.2827815170       40.2838245292
        1.0834822635        0.4321783918      218.6664279350      218.6695838420
        0.0923767541        0.0343464488       43.9290709210       43.9294031932
        0.3427235877        0.2288066228      266.0839477589      266.0843034579
        0.2243942068       -0.2558297085      103.1116906874      103.1123466797
        0.0952341097        0.0667868549      135.4752223898      135.4753442194
       -0.1096889503       -0.0885462160      142.2302173232      142.2303556619
       -0.1700781239        0.5144659275      313.5830901458      313.5839467640
       -0.0639032050        0.4957283202       48.3981509356       48.4009330898
       -0.0125493360       -0.1449546793        8.5952180020        8.5964493744
        0.1469158279       -0.2178018432       12.9789270008       12.9815857273
        0.3133940504       -0.4541231456       38.5573743621       38.5615746715
        0.0044065767       -0.0061615635        3.5581702364        3.5609145734
        0.4940118660       -1.0728032573       19.2809575073       19.3176022512
       -0.0799071231       -0.5394124364        3.7310800209        3.7732994623
       -0.9424016173       -1.2298611636        6.0593634679        6.2737712651
       -0.1751032613        0.0050775683        1.6088421699        1.6243582875
       -0.4387834457       -0.4230159269        2.9586502151        3.0608373759
       -0.1141150550        0.2618533472        1.4102665862        1.4456559239
       -0.6873964907       -0.5227962936        5.7414754983        5.8270071012
       -0.0007467711       -0.0252452150        3.8203857209        3.9339973981
        0.1039839571        0.0537579657        0.7588567342        0.7804139351
        0.4325758030        0.9238761459        6.0569966725        6.1438878110
        0.7175490840        0.4323310832        2.6128429696        2.7474015036
        0.0800368797        0.1266604699        0.8782627368        1.0185456159
        0.4512472167       -0.3682030338        0.5462607107        0.8106035243
       -0.1351791983       -0.1874177515        0.2888394583        0.6168208994
       -0.0557461351        0.0536289661        0.3159772378        0.5911567240
       -0.5657561354        0.2197123213        0.4677534444        1.2114030653
       -0.1646109546        0.2525462359       -0.0064306928        0.3322612021
       -0.8422404203        0.7050502275        0.7930833354        1.6479673900
       -0.0472455748        0.0570109207        0.3926771986        0.4232700752
       -0.2141481801        0.0382620405       -0.2667758596        0.3714465923
        1.0806748971       -0.5345242114       -2.6782582697        2.9404287969
        0.4407111370       -0.4355397207       -0.5285182567        0.8262762778
       -0.1955967719       -0.0586454814       -0.1761520137        0.3036555722
       -0.0279704295       -0.1777394076       -0.3775652840        0.4409183264
        0.3147300710       -0.4043293650       -1.2983197141        1.4027298806
       -0.3764922349       -0.1660910479       -0.8657210418        0.9686513027
        0.0947731283       -0.3603045800       -0.8960790605        0.9804278677
        0.6233736257       -0.3529677562       -1.5797971837        1.7402355705
        0.3307828575       -1.2599036271       -3.1600362490        3.4208307950
        0.2039318149       -0.7397628885       -3.9928493623        4.1727729317
       -0.4135139671       -0.5604641697       -4.8079356351        4.9478995090
       -0.3461256578       -0.2189618896       -1.9272221481        1.9751992996
       -0.3018382062       -0.0940499992       -0.1689947639        0.3846956202
       -1.1091007553       -0.0198321049      -10.5430330452       10.6021471116
       -0.6156860014        0.1375646816       -5.9671937429        6.0020724957
        0.1090778573       -0.1195064519       -2.7437157388        2.7520239119
        0.1700809326        0.9388208926      -48.1530547239       48.1627083044
        0.0480521013        0.4080342929      -61.8727061337       61.8742276322
        1.1400213318        0.4130469775     -155.4710310550      155.4785905015
        0.2580199570        0.0778188740      -25.5340357418       25.5403071002
       -0.0968022488       -0.0144027558      -24.2232747221       24.2238745076
        0.1618150184        0.0344960783       -2.0891103988        2.1002942943
       -0.1624504094       -0.3055727138       -1.6869347418        1.7277133521
       -0.0320168482        0.1533990805       -7.5254390249        7.5283642751
       -0.0597684610       -0.0627754879       -3.5611270493        3.5649149607
       -0.0063419709       -0.0944407426       -0.6652902747        0.6863309763
        0.1290603430       -0.1634051523       -3.7851359124        3.7934274049
       -0.4215883078        0.2723201850       -6.9180266186        6.9376124903
       -0.0525852152        0.6602093141       -2.8896113001        3.0053512222
       -0.0803360468       -0.2760226714      -12.6349578349       12.6730088171
        0.1303010770       -0.2601871547       -8.1644427842        8.1708188994
       -2.1198582186       -0.0924837014      -72.4400191650       72.4771624674
       -0.1093503680       -0.1479765954       -4.3343153890        4.3404635988
       -0.0081484359        0.0137424279       -0.2695957353        0.2700687169
        0.1049568747       -0.0265065280      -16.4790302350       16.4793857903
       -0.0536418987       -0.0540654582       -6.4438628330        6.4458241151
       -3.0124685433       -3.7942956934     -150.1211383067      150.1993584967
       -0.7277124542       -0.4844694194      -24.3200912398       24.3361992458
       -0.9225254255        0.1075823189      -39.7202153382       39.7313177910
       -0.8827231338       -0.8669722087      -53.6892485923       53.7057715362
       -0.4183664698       -0.3963863197      -47.8070588007       47.8107362794
       -0.7814552537        0.2678995626      -57.2199266233       57.2260598421
        0.0231711042       -0.2034406415       -8.1215238185        8.1253033121
       -0.1631560628       -0.0901094798      -36.8752868701       36.8760220354
        0.0342484157       -0.1472292631      -36.2888753267       36.2894585475
       -0.3706661982        0.1183554378      -49.6710546604       49.6727747595
       -0.1791987614       -0.0026676656        1.5060428078        1.5166688009
       -0.7060463100       -0.0459739215        7.6943411773        7.7268040874
       -0.0001643769        0.0001217746        0.0000199699        0.0005498614
        0.0810293501       -0.0232018677        1.0178653063        1.0213490412
       -0.0234063748       -0.0491058431        2.2004788640        2.2011511700
        0.3891372054        0.2297900878       30.5985633531       30.6019004397
        0.2464939860        0.0385925352       19.4788829604       19.4804807449
       -0.3150641940       -0.0588364724      140.2617955118      140.2621617093
        0.0142569356        0.0003317986        6.9665886034        6.9666031995
        0.0360615355       -0.0528588003        9.9129188004        9.9131253210
       -0.1074552868       -0.1527837768       46.4098064127       46.4101822964
       -0.0084016208       -0.0141464859        3.2405515977        3.2405933666
        0.2107153990       -0.0508697749      182.9829736314      182.9831020278
       -0.1039698070       -0.1528346581       54.6269228920       54.6272356321
        0.0046956994       -0.2670972791       75.0358237558       75.0362992805
       10.6598255391        9.9620356176       12.4850129886       19.2257622499
        3.0561293645        2.7358091236        3.5243581181        5.4097281062
        3.8162604844        3.4760530714        4.8261275479        7.0667033438
        0.0036062203        0.0004866812        0.0086464946        0.0093810209
        0.0372438883        0.0132227363        0.0097397094        0.0407039299
        0.2834086138        0.2225780142       -0.3165864357        0.4796752923
        0.0840705234        0.1134307659       -0.0182791187        0.1423675446
        0.2249130638        0.2029318634       -0.2456775085        0.3900316213
        0.2860871439        0.3027295961       -0.1310448786        0.4366506871
        0.1672185195        0.2702353547       -0.2095779902        0.3806732381
        0.4073099347        0.3082527736       -0.0901570221        0.5186997629
        0.3975137275        0.2679565187       -0.2188763806        0.5269959482
        0.0438369207       -0.0306306558       -0.1833639729        0.1910032965
        0.0093411165        0.0256299783       -1.1351298748        1.1354576104
        0.0909586681        0.1866953255      159.7590758264      159.7592108065
        0.0520000517        0.0550009744      157.0111547153      157.0111729596
        0.1746717525       -0.0933714239       39.1545761053       39.1550770454
        0.0086721303       -0.0988223182       22.6450767940       22.6452940821
       -0.1137342706       -0.2601827489       25.8776642352       25.8792221061
        0.0120513102       -0.1028668365       16.8648129761       16.8651309968
        0.3270848539        0.1139697527        0.4747748977        0.5876944867
        0.2701834508        0.2363460244        0.4702056717        0.5915673368
       -0.1753848544       -0.0117892002       -0.0147380539        0.1763973997
       -0.0578719140       -0.0527983044       -0.0913568757        0.1203449131
       -0.4153495451       -0.0964993821        0.2898343769        0.5341452296
        0.0191268495       -0.1429581930        0.3272602390        0.3839035429
        0.2100600092       -0.1688875395       -0.4364012648        1.0693198143
       -0.0656397266        0.0301827086       -0.0778740162        0.1753958862
       -0.0241887275       -0.1463648001        0.0205588747        0.1497678756
        0.0421024701       -0.0254301434       -0.0521887193        0.0717145216
       -1.4155453539       -0.5664424932       -0.9092661302        2.0079196287
       -0.1481534725       -0.1208815347       -0.2238297287        0.3257933842
       -0.7011829823        0.0394109858       -0.4944272558        0.8588766569
       -0.0347970053       -0.0063697336       -0.0718431561        0.0800802358
       -0.9158541783        0.0677704855       -0.9543553788        1.3244530583
       -0.4811544010        0.0400369041       -0.3703035472        0.6084712223
        0.0266124327        0.0495430303       -0.0041560888        0.0563915464
        0.1473637434       -0.0209868321       -0.1688545069        0.2250963449
       -0.4301344923       -0.0821406012        0.1445916831        0.4611610506
       -0.2723982475       -0.0647148334       -0.0157269018        0.2804213800
       -0.0454609561        0.1886687437        0.6700957828        0.6976323899
        0.0432568874        0.0076318895        0.1341438775        0.1411523429
       -0.1919939236        0.2959563873       30.6583385880       30.6603681783
       -0.0090103156        0.0015508985        0.1156424664        0.1160033237
        1.2696961108        0.3794378987      146.6570521229      146.6630391022
        0.2209142015        0.0212350803       21.0248785050       21.0260497993
       -0.0357885643       -0.0048442980       23.1676576229       23.1676857718
        0.0674554160       -0.0339124296       10.0390219286       10.0393058311
       -0.1043861504        0.2638021096      193.8431675782      193.8433751893
       -0.1654240451        0.1988847654      120.4958438378      120.4961215245
       -0.1217688472        0.2036105938      319.3600361555      319.3601242769
       -0.1478008022        0.2494631065      234.5961450077      234.5963242026
       -0.1896927550       -0.0364593867        4.1142563397        4.1187883967
       -0.0670703141       -0.0143505854        4.4527529564        4.4532811787
        0.1174858911       -0.1503933758        1.1800298865        1.1953625539
        0.0268872368       -0.0297091151        0.0536421453        0.0669554686
        0.1932016014       -0.1304633830        3.7313684772        3.7716221569
       -0.0244993956       -0.0089255274        0.0445919625        0.0516558665
       -0.6250906605       -0.7205630515        3.4110329167        3.5419055611
        0.4439536152        0.0132308691        2.3612974579        2.4027058815
       -0.0034028857       -0.0136939869        0.1371249126        0.1378489991
        0.9371507758        0.0748668846        3.3272697495        3.4575396763
        0.6312064095        0.1613788763        2.3707468395        2.4586389019
        0.0507308866        0.1978644387        0.0074276251        0.2043994339
        0.0063109873        0.0185652876       -0.0587863992        0.0619704704
        0.0026291744        0.0389242551        0.0431385990        0.0581631233
       -0.0911464870        0.0497811439       -0.0765690780        0.1290297178
        0.0399092749        0.0081565251       -0.0085181371        0.0416153552
       -0.0832553533       -0.0538229498        0.0604852978        0.1161328336
        0.0455261725       -0.6055015363       -0.7448837225        1.0822346935
        0.1897820107        0.1277067844       -0.0038588965        0.2679942357
       -0.0753395236        0.4238343231       -0.2988709233        0.5423238801
        0.3826325987       -0.4638586370       -1.4525503409        1.5720925652
        0.0766018897       -0.0330327323       -0.1320312326        0.1561770062
        0.6480243549       -0.0811307782       -1.1417457431        1.3153330793
        0.3982728068       -0.1591882086       -0.7536110615        0.8671169163
        0.0907932662       -0.2521315796       -1.3872405221        1.4128871210
        0.0620247070       -0.0445900877       -0.1870834915        0.2020781359
        0.0038251955       -0.0398356656       -0.1158297314        0.1225481091
       -0.1731366392       -0.0859508374       -1.5476772986        1.5597015300
        0.0175049629       -0.4892130238       -1.7054759414        1.7743404389
       -0.0160927723       -0.0456324891       -0.3455203033        0.3488923064
        0.0002678962       -0.0386989163       -0.1921180193        0.1959777317
        0.0411144547       -0.0435614938       -0.9415635904        0.9434670089
       -0.0786903977       -0.1302224900       -1.1657680329        1.1756552139
       -1.7483464073       -1.0240881821      -18.3255039664       18.4371789433
       -0.2268101780       -0.1174721197       -2.7684105800        2.7801690048
        0.1429260688        0.0776250430      -20.4744365835       20.4750825864
        0.0392704180        0.1618251939      -18.5636287539       18.5643756176
        0.5981408832        1.2795523528     -242.8943262833      242.8989428606
        0.0472817609        0.2443345301      -39.4479415862       39.4487265994
        0.0527599051        0.2292068344      -21.5123370403       21.5136227613
        0.0276125632       -0.0483440427       -0.7372321468        0.7393313455
        0.0325201903        0.0269414936       -4.0698007600        4.0700198566
        0.3216877996       -0.0489858459      -31.0475023006       31.0492074256
       -0.0051127537        0.0066160723       -0.1578326899        0.1580540119
        0.5016486076        0.1871896539      -40.4580380183       40.4615809328
       -0.0632922595       -0.1166864408       -4.4227069080        4.4246986372
        0.0092265140        0.0067323184       -1.3707469399        1.3707945236
        0.3569418096       -0.3547158428      -19.0517807428       19.0584254401
        0.0332906347        0.1089175213       -1.3724536404        1.3771711179
        0.0282378014       -0.0122545691       -0.0749984393        0.0810698081
       -0.0522725465        0.0988405493       -5.2075496289        5.2087498511
        0.0758259113        0.0566826554       -3.6992526870        3.7004638810
        0.5860752357        0.3598779713      -10.2755884780       10.2985782953
        0.0675652317        0.0871443091       -2.2987656272        2.3014088294
        0.2337784172        0.2698578850       -2.6794132741        2.7030965799
        0.1116899817        0.1288988632       -2.2036829723        2.2102733341
       -0.2535079204       -0.0259394034       -1.3092424675        1.3338121896
       -0.0494697810        0.0303606979       -0.1184144527        0.1318749931
        0.0916997198       -0.0604118940      -15.8495461413       15.8499265399
        0.0069652258       -0.1041662773      -35.8332564458       35.8334085267
        0.1476493815       -0.0696480100       -7.8952710837        7.8969586975
        0.0947823902       -0.2102462310      -10.3775991056       10.3801613849
       -0.3480885714       -0.0385828764       -2.7562776314        2.7819418502
        0.0929281762        0.0731552508       -1.2341744693        1.2476593053
#SUBSTART
        0.7208303700        0.2907679378      -10.1601140594       10.1907575724
       -0.2837920216       -0.3500957144       -3.9741364179        4.0020426002
       -0.8140532856        0.2076154724      -12.2818187173       12.3462224399
       -1.0051910393       -0.5257803061      -10.4269621658       10.5303724794
       -0.0298295131        0.1631839289       -0.4653940864        0.5134103963
       -0.5056971002        0.5447413145     5189.2347244441     5189.2348625014
        0.2882666427       -0.5578956209      642.5700827162      642.5704047237
        0.1236593314       -0.3265138168        3.2623951748        3.2839922297
       -0.7353507396       -0.1116130715       -0.4822815309        0.8973702959
       -0.1574167191        0.3697777290       -0.4786480387        0.6403899766
        0.5181032782        0.3969938835       -2.0204334452        2.1798686697
       -0.0228362665        0.0962885530       -0.1941236784        0.2587600586
        1.2062383146        0.2187131074      -19.7181283326       19.7785293443
        0.5558111593       -0.1566829116       -8.8129147561        8.8816515279
       -1.3496862893       -0.9115943665      -14.8099237964       14.8998651004
       -0.2588411558       -1.3179444726       -8.3215891858        8.4813426736
       -0.0303788462       -0.0600525150       -8.3195390637        8.3725509855
       -1.6873405291       -0.5104649485      -11.7483033049       11.9168231363
       -0.0495098632        0.0632084423     -177.3819820112      177.3820550917
       -0.9401042643        0.4900166142    -4418.4861508493     4418.4863779298
        0.3790065735        0.0283068454       22.1635438060       22.1672416210
        0.1010167447        0.5596382302        7.6345787841        7.6570015233
        0.6292826466        0.6824722046       24.1843818876       24.2025943244
        0.5504703661        0.4076574953      125.1593536339      125.1613058581
        0.1984390658        0.3039804839      162.2757474179      162.2762134819
        0.2600898497        0.1137191688       -0.2437539566        0.6193833471
       -0.1789448962        0.4544823636        0.2932483892        0.5865576676
       -0.7220926323        0.2159432189       -6.3428294410        6.4561851233
        0.5117087159       -1.0069445603      -18.3744781628       18.4331229773
        0.2406376586       -0.0344801607      -23.4105016190       23.4117637400
        2.5499113889       -0.7206156530     -282.8313028676      282.8437151799
       -0.0820265043        0.2250122700      -27.7375855716       27.7544836523
       -0.2634095818        0.1648625645       -8.8821757275        8.8887057389
       -0.4499788485       -0.3354146580       -6.7043284966        6.7928900433
       -0.0711822081       -0.1204022191       -0.9083787913        0.9296211134
       -0.7692509409        0.3935190315       -7.2774292171        7.3298744896
       -0.5878679308        0.4378295283       -1.5466300549        1.7172151034
       -0.5563749058        0.4071273378       -3.4794390123        3.5812626970
       -0.8293661505        0.2954667684       -3.8541526997        3.9841288653
       -0.6267599192       -0.2953973786       -8.4118309318        8.4403191428
       -0.9136955968        0.2928890433       -5.6730397714        5.7750912817
       -0.3085373703        0.2469029917       -1.5903067026        1.6386676919
       -0.1581293637       -0.2316330192       -0.5182252317        0.5892504918
        0.4801687153       -0.1199593220       -0.6405907978        0.9481296137
       -0.1158809341        0.2025829369       -0.2524113217        0.3710249283
        0.5813155090       -0.0441948640        2.3724930779        2.4470562104
       -0.2775932292       -0.1154514301        0.2190015734        0.3972763619
       -0.1331050652       -0.7632503412        4.4334908229        4.5028422916
       -0.7274294609        0.0008727106       12.6945754648       12.7161661045
        0.1823712454       -0.3063185721        4.2567036343        4.2738853464
        0.7404163266        0.1355324821        0.4866257466        1.0232453116
        0.4664560190        0.0898342465        0.1945443058        0.7121375263
        0.0517211390        0.4059603183        0.2997287314        0.5261140120
        0.3801397940        0.1459871960        0.6231579762        0.7444087504
        0.1806277285       -0.2772700409        0.2235688250        0.4230459269
       -0.0120073019        0.0777667977        0.5498307008        0.5727001262
        0.6420786069        0.2506508888        4.4745670195        4.5294945196
       -0.0144646799        0.0211259445        0.0886181619        0.0922426751
        0.1103642413        0.0998958045        0.0575127505        0.1595843162
        0.2177145102        0.2616210531        0.9623908933        1.0303015091
       -0.0904170187        0.2529719741        0.5164024126        0.5985994434
        0.5528197257        0.2158942721        1.7318985922        1.8360752992
        0.2811527501       -0.1159009318        1.4282097761        1.4668820145
       -0.0601455052        0.0595528693        0.0186279322        0.0866661750
        0.0667128078        0.0121576106        0.0268964611        0.0729508453
        0.7651466267        0.2007662863       -0.1958694467        0.8149363793
        0.2868020868        0.0066615418       -0.1198289330        0.3108999619
       -0.0181100846        0.1841566522       -0.7235146075        0.7597333874
        0.8002768972        0.5000150976       -0.8395170627        1.2707190458
        0.0160221225       -0.0638642431       -1.9541544544        1.9602384463
        0.3820800096        0.1155721097       -1.0761238816        1.1562285413
        0.9748205115        0.1498819060       -3.9419583778        4.0658646378
        1.1750968902        0.2415464255       -4.0454321414        4.2488108944
       -0.0881011047        0.3453518451       -8.7469669233        8.7542252689
       -0.0179348001       -0.0079804037       -0.2884905552        0.2891576462
        0.2002203327       -0.5059971525      -17.0484335964       17.0571160924
        0.1165925077       -0.2647230684       -6.4713951805        6.4778567210
        0.1330448406        0.0975051424      -12.9376815762       12.9387330427
        0.3008148206        0.0921651428      -12.5823543509       12.5870610059
        0.8013535408       -0.0340396861      -44.6017326813       44.6091623342
       -0.1997920103        0.2151329426      -53.2384367824       53.2394292780
        0.4632420565       -0.1902863016      -65.4071457578       65.4092118745
       -0.0307022217       -0.1549587652      -11.8713740480       11.8732454038
        0.0124800810       -0.1682809639       -9.5427635519        9.5452758068
       -0.6377653513       -0.5010733846      -24.1451925556       24.1592140292
        0.0493679717       -0.0450714175       -2.1582668702        2.1593018576
       -0.1183085266       -0.0804049112       -0.9266990844        0.9480046599
       -0.2011823537       -0.2111030729       -8.7302417028        8.7362256622
       -1.4832384776       -0.8163881547      -12.4341173910       12.5838830210
        0.0068592173       -0.0130210793       -0.4700017504        0.4905079282
       -0.3597156821       -0.1366484082      -27.0905681755       27.0936603658
       -0.0300038746        0.0137143812      -18.7852117434       18.7857591901
        0.0416090312        0.0029462095       -3.7227247846        3.7229584759
       -0.0969118155        0.0626310700       -6.7086837043        6.7096759680
       -0.0762646678        0.1597147787      -39.4101540652       39.4217188761
        0.2049818584       -0.0904296117     -145.3399881424      145.3431893791
       -0.1835805569       -0.0973638776      -52.1250303781       52.1254445877
       -0.3592957191       -0.0876861876     -140.6603220124      140.6608082265
       -0.0831598242        0.4823613205     -193.5843813638      193.5850504966
       -0.1697646330       -0.3717075193     -244.8939168423      244.8942975503
        1.2350348127       -0.1509797257        0.4881038751        1.4247779543
        0.1046052444       -0.3345030613        0.5051571916        0.6304745263
       -0.2025639953        0.1662715078        3.0259966560        3.0405285615
        0.4341036639        0.0060444759        3.8266914076        3.8537682132
       -0.2026502929        0.2049641982        3.6528891150        3.6642429436
       -0.0074610261        0.1205913722        1.8187000557        1.8227089286
        0.1167860906       -0.1131961050        9.4300429257        9.4314453786
        0.0100667199       -0.0456856497        0.7131160743        0.7146489018
       -0.3406669799       -0.3103261526       70.2605941791       70.2622439899
        0.1251653839        0.0028815927        5.4484027232        5.4516278942
       -0.1669193151        0.0092999687       11.2565123026       11.2586188119
        0.0877900436        0.0963776010       10.4439112964       10.4456574080
       -0.0044446929       -0.0027875987        0.1238185251        0.1239296299
        0.3013204903        0.8061952760       39.1641328726       39.1735886603
       -0.1667849700        0.0201311727        6.1443597971        6.1482403654
        0.0432145909        0.1018464394      136.1704097375      136.1705262091
       -0.1644242687        0.6077564763      196.2388446189      196.2399042510
        0.2314548619       -0.3240595087       -0.4134809398        0.5907894640
        0.2028433684        0.3505229687       -0.7069946915        0.9526249197
        0.2712494083       -0.1478035276       -0.0652035946        0.3451860628
       -0.0330965787       -0.1977811172        0.3773375121        0.4495287942
       -0.3026981314        0.1865180458        1.9887969555        2.0251440085
        0.0141587563        0.0499841961        3.5294467205        3.5325872711
        0.0690594579        0.4635161309        9.0108474958        9.0365164729
        0.6696500943        0.3787106224        5.0700781377        5.2132423596
        0.0258769258        0.0751053490        2.6799126211        2.6847200730
       -0.2024622220        0.5945483640        1.4207619927        1.6299338356
       -0.0274725932       -0.0583289435       -0.0423241965        0.0771255252
        0.1271136876       -0.1250953214       -0.2405545124        0.2994548421
       -0.5572154121        0.2904272250       -0.5927482820        0.8750241706
        0.2142217698        0.0415141375       -4.0976706965        4.1058494021
       -0.1357314158       -0.6278658904       -9.5038587951        9.5385347941
       -0.0998727143        0.1487044122       -1.9888958824        1.9969462667
        0.0061872779       -0.0253952901       -0.2574452175        0.2587687060
       -1.3234435016        0.3533627502       -4.8749258257        5.0881180381
       -0.0497554476       -0.2869772830       -3.8954948457        3.9088606324
       -0.6344631761       -0.0757861037       -4.1646894912        4.2157330796
       -1.1529228724        0.1616068669       -6.8616800331        6.9611407536
       -0.1656513500        0.1165426923       -0.9371316949        0.9688746912
       -0.0031060225        0.3765459475       -1.1174850271        1.1874548701
        0.0716816343       -0.0554185722       -0.2111919200        0.2688703904
       -0.1565027553       -0.2570562751       -0.5142042004        0.6119287423
        0.0987637262       -0.1227582895       -0.0170482602        0.2111736236
       -0.1590764315       -0.0232969977        0.3390324945        0.3752213926
        0.0249190996       -0.0177234365        0.0352542755        0.0466684654
       -0.2216172731       -0.0912567352        0.4082872951        0.4734348136
       -0.3190266431       -0.2117128607        0.3955534847        0.5505114836
       -0.0100599354        0.0263127789        0.0440427626        0.0522812545
       -0.2170507877       -0.0461954790        0.2115565255        0.3065966247
       -0.1262106201       -0.0271702493        0.1213382325        0.1771738407
       -0.0365630345        0.2572752019        0.6714389430        0.7199705822
       -0.0240880375       -0.0117352515        0.0729855218        0.0777485438
        0.3679536468        0.0517421727        0.2213734356        0.4325197529
        0.1764702151        0.1252547975        0.1157087266        0.2453956204
        0.4683536504        0.3185111485        0.4440552275        0.7197149009
        0.3401137908        0.3747238169        0.4554023759        0.6807985411
       -0.0872036139       -0.2463895871        0.0269505314        0.2627520315
       -0.0360060697       -0.0530021944        0.0829710236        0.1048325351
        0.0785373597        0.1391333830        0.2850938009        0.3268098689
        0.0700599696       -0.0201480053        0.1069506338        0.1294325289
        0.0757922294        0.0616130192        0.0985698260        0.1387682845
        0.2899607685        0.0926648441        0.6954439769        0.7591484345
       -0.0549644175       -0.1225569192        0.1368357417        0.1917428117
        0.0107991868        0.0001279658        0.1534917655        0.1538712477
        0.0993948966        0.1173530751        0.3588012684        0.3903709005
        0.3299896623        0.1324986785        0.5806988454        0.6809260063
       -0.0700280875        0.5737069401       -1.8414651586        1.9931665624
        0.3360948729       -0.1716635746       -1.5325977695        1.5783802043
        0.0029499727       -0.0484576717       -0.2192413705        0.2245520582
        0.1376168139       -0.0360031059       -0.7659064775        0.7914083196
        0.1850516927        0.1820188488       -4.5370755765        4.5466371707
       -0.0952117290        0.0269726079       -0.9532740763        0.9583967130
        0.0293441762        0.0582186005       -1.2115256754        1.2132785947
        0.0246681555       -0.0199196629      -19.0500516801       19.0500780661
        0.2272995050       -0.0061725960      -35.4158834321       35.4166133678
       -0.0604463688       -0.0798690611       -2.7005064381        2.7023633828
       -0.3660369430       -0.5647694888      -30.2003516580       30.2078497726
       -0.5624545503       -1.4264075639      -82.8622586078       82.8765610714
       -0.1398190734       -0.1452230441       -9.0480338257        9.0513554234
       -0.2378057995       -0.0017466092       -2.0590456467        2.0727333703
       -0.0122060824       -0.0250410433       -0.8081166065        0.8085966189
        0.0799499497       -0.0418934097       -7.4215514960        7.4221003536
        0.0669818106       -0.0514201276      -28.5933887543       28.5935134436
        0.0289275296        0.0125698623      -10.2635443582       10.2635928210
       -0.0685520554       -0.0757948491       -9.3700729784        9.3706302810
        0.0188541137       -0.0301183592       -5.1320147291        5.1321377391
        0.0077293137        0.0394629434       -0.5176950354        0.5192544808
       -0.0651843692        0.0334522688     -182.3831050140      182.3837987268
       -0.0233737245       -0.1626963304     -148.4677280282      148.4686531147
        1.4089089720       -0.2668860487        0.7779209662        1.6313839781
        0.5935156306       -0.0248754437        0.3341652535        0.6815761205
       -0.1355494181        0.0971133183        0.3006722404        0.3438145394
       -0.0705394635        0.2085318332        0.2608552984        0.3413309656
        0.1040671287        0.0494038383       41.3047944592       41.3049551025
       -0.0152291346        0.0799085740       15.1079654434       15.1081844424
       -0.6288751564       -0.3053806690       75.4459145628       75.4491535111
       -0.1021372745       -0.0720380717       20.6058615401       20.6062405915
        0.0741725983        0.0774186126       44.8884650150       44.8885930568
        0.0981336312        0.1819380378       37.3256760101       37.3262484221
        0.4329557979        0.4683979182        5.3394238384        5.4586303091
        0.0971135920        0.1818394846        0.8183936958        0.8554207585
        0.0268074830       -0.0467436503        0.3253968604        0.3298283292
       -0.0745892960        0.0491410364        0.5360154271        0.5434067929
       -0.1665029390        0.4068091024        2.7255236130        2.7607419002
       -0.0005064251        0.0186937139        0.0276370927        0.0333694516
       -0.0424996851        0.1010295190       -0.0429972300        0.1177367773
        0.0416532228       -0.0043571321        0.0257866361        0.0491825800
       -0.2075319298       -0.6766922119        0.3555013835        0.8042654227
        0.0709383428       -0.0566892646        0.0191359427        0.1676063555
       -0.0043563653        0.0648802384       -0.2585706619        0.2666218492
        0.1283124267        0.1297633039       -0.2728064355        0.3282163085
        0.2134946219       -0.3664627634       -4.7075384815        4.7286650601
       -0.1699690909       -0.3428293995       -6.1561275978        6.1695873666
       -0.5547592497       -0.0764093986       -0.8569985855        1.1382961943
       -0.0543098267        0.0706029701       -0.5707758686        0.5776845410
       -0.0777588512       -0.0599214557       -0.4707818671        0.4809080849
       -0.1352838555        0.0205606958        0.2354041469        0.3059728110
        0.2572009675       -0.0720040066        0.1460724468        0.3348938029
       -0.0662863639       -0.0350086290       -4.2524315486        4.2530922353
       -0.3150735044       -0.5617106155      -46.3781280383       46.3825996519
       -0.0393516567       -0.0336031555       -0.3373287627        0.3687115458
       -0.0043085358        0.2032144312        0.0192967904        0.2473192664
       -0.1730655982       -0.0221218070        1.0818973723        1.1047274708
        0.1572788501       -0.3106002487        1.9502174122        1.9859599419
        0.0665323070       -0.0630889769       -1.1971086273        1.2006147727
        0.0847897271       -0.2997452042       -2.2492245026        2.2706931427
        0.0255626621        0.0365835787       -0.2158142848        0.2203806104
       -0.0934076894       -0.0356241055       -0.2468770254        0.2663500309
        0.0683689669       -0.0755001861       -0.8399532779        0.8461064370
       -0.0592461937       -0.1457667959       -1.3906051806        1.3994787739
       -0.1135703364        0.0323358537       -0.6648743905        0.6752790415
       -0.0157873453        0.1257516840       -0.6986829063        0.7100848751
#SUBSTART
        0.0690728124       -0.4964550964     1247.5586040452     1247.5587125445
        0.0010700218       -0.3496162847      245.2693870795      245.2696759708
       -0.4553496159        0.3883813881      149.8963012625      149.8983087180
       -0.3547667222       -0.8210911293      172.2313939711      172.2344238538
       -0.9103882607       -0.1901694517        4.3970216688        4.5912004263
       -1.7833029252       -1.8692355046       12.0267905803       12.3368656048
        0.1149783356       -0.8194299269        2.8716070686        2.9917039232
       -0.4164388566       -0.0234960540        4.7553386292        4.8649326261
       -0.1705704979        0.8081333115        7.6282618278        7.7301580865
        0.3653102531       -0.0304063941        1.7249098263        1.7689459640
        0.4723298300        0.8607993042       -6.3855959064        6.5286061127
        0.2212932955       -0.0406651075       -1.7495068076        1.7694287859
        0.0594921216        0.4960684235      -59.7206492236       59.7229021957
       -1.7324988811       -0.6525891262      -75.0826820939       75.1071249371
       -0.0604227803        0.5626988121       -3.2445127782        3.3302830200
       -0.0072671727        0.1180533783      -64.8788156301       64.8808010734
       -0.2306637272        0.4333211813       12.1697402831       12.1804364185
        0.2783587490       -0.0700414489      219.5395120059      219.5397440123
       -0.0053324909       -0.0103065368        1.4763501609        1.4829781666
       -0.4342586499        0.5753444618       31.9972687882       32.0191374388
        0.3902044013       -0.6114275820       16.1077534123       16.1514276440
       -0.0076798735        0.0723950340       -0.2780661719        0.9813110670
        0.4952270211        0.0890982287       -0.0027574765        0.5221835744
       -0.0525398102       -0.0779189068      -69.3953315382       69.3971506046
        0.4545363092        0.1066309288     -287.7487623650      287.7495644774
        0.5125852411        0.4869867925    -1670.3382596072     1670.3386727721
        0.6613722102        0.4889431697     2347.7648788425     2347.7652109180
       -0.6165679472       -0.0004990649      326.8698245313      326.8704060410
       -0.0086821584        0.0099069643        2.1469582573        2.1469986694
       -0.3615181670       -0.6608363562      117.4364429548      117.4389416409
        0.3725552773       -0.3347803718       50.9658857166       50.9685379621
        0.0060465187       -0.0721068832       39.3534980423       39.3567112391
       -0.4210280459       -0.3259913600       35.9403896249       35.9477790246
       -0.1144440348       -0.0359003170       37.7115824544       37.7120314657
       -0.0636154195        0.2338338199       26.0789850813       26.0804844248
        0.5372999408        0.1460019205       35.7885454410       35.7931483996
        0.6798915142        0.1154557807       18.1435444096       18.1808728296
       -0.1708910625        0.0896550983       12.3924216566       12.3939241690
       -0.1288715781       -0.2230486843        2.7781711917        2.7900884877
        0.8384923041        0.4673467767       31.4952162788       31.5137076804
        0.4542064969       -0.1324786912       13.2942848783       13.3034335551
        0.7908632143        0.6567658086        9.2570904743        9.3272828535
        0.2009669163        0.1126857726        5.3874182725        5.3941487941
       -0.0430732074        0.0016165034        1.0628662825        1.0728571357
       -0.1735337366        0.0103661262        1.4562717322        1.4732374409
        0.1144567057        0.0099346655        0.7503500502        0.7590943504
        0.0043671386       -0.0764403535        0.4470308609        0.4535402850
       -0.2314758481        0.0633760404        6.2318161707        6.3066219935
       -0.2188777103       -0.1156332566        3.1776667222        3.1903485835
       -0.3508716480        0.6009585527        5.7821470938        5.8255443432
        0.0493033157        0.1839178758        0.4441080149        0.4832065096
        0.0599333357        0.6443017029        2.1749083970        2.2691282961
        0.1149795983        0.4540862386        4.3607946495        4.4853914412
        0.5776136354       -0.2485282404        0.8990674296        1.1059863589
       -0.1867516122        0.0690694157        0.5063542054        0.5617126624
       -0.0543207592        0.0995940549        0.6117737721        0.6376650012
       -0.0507207097        0.0675002677        0.6408551419        0.6612896297
       -0.1520576084        0.7024900433        0.1805122396        1.1956375031
        0.1394404676        0.1239471301      -31.3031811728       31.3037371263
        0.0656838872        0.0988183143       -8.5537953646        8.5546183183
        0.3077175644        0.2526541739      -47.2982841648       47.3001658449
        0.3694550958        0.2403725366      -83.2637577400       83.2650413367
        0.3847315995       -0.0687267714      -80.2320267156       80.2330999803
       -0.0094974071        0.0486455930      -37.1928010495       37.1928340746
        0.0947660167       -0.0295731663      -32.0882712332       32.0884247963
       -0.7965200637       -0.8517313543     -120.1697984022      120.1755375204
       -0.0959089084        0.3331437870      -16.6479646628       16.6521587339
        0.0335685756        0.4457109675      -31.4954447964       31.4989255027
        0.0634394117       -1.3253605162     -133.8264862074      133.8331367617
        0.0866006295       -0.2732890745       -1.3122575156        1.3504392468
       -0.1442599052        0.2763610895       -5.4895511878        5.4983960039
       -0.0271142395        0.0252049942       -0.2057376359        0.2090417388
       -0.0101724103       -0.6329228246       -6.4017092935        6.4344429785
        0.1100630167       -0.1427279961       -4.4960553281        4.5018305662
       -0.0099410797       -0.0511455413       -1.5434501185        1.5443292913
        0.0814769760       -0.0046547591       -3.0617538583        3.0660196734
       -0.3848370226        0.3739018908       -5.5615994221        5.5891654185
        0.2466702168        0.0354224659      -20.7948365914       20.8175436014
       -0.1135195166       -0.0919723990       -4.5560843698        4.5605624843
       -0.1851570859        0.0098751443     -132.6011455284      132.6045946666
       -0.0877769540        0.1565064418      -43.6602764741       43.6634352957
        0.2723495467       -0.1251186588      -39.8600183836       39.8613895176
        0.2282698227       -0.0253522982      295.9174479966      295.9175700402
        0.0848061411       -0.0456508943        3.2861181057        3.2904905523
        0.0681051440        0.1747746578       31.2439782352       31.2448530200
       -0.0566746800       -0.1367157038       11.1876797546       11.1886586102
        0.0615891463       -0.1238369955       16.3507116499       16.3512965933
        0.0865108013       -0.1514293919        0.2058782432        0.9775441757
       -0.0675600169        0.5238412415       -0.2386914168        0.5961773055
        0.0705360593        0.1706223641       -0.4077789967        0.4688825246
       -0.4887735233       -0.1594518620       -2.9579845651        3.0023319505
        0.4771503197        0.1214964996      -33.5555090219       33.5628111900
       -0.2426696668       -0.2698055442      -68.3615459505       68.3642910393
       -0.0743862000       -0.0757205894      -54.0313364978       54.0336953355
        0.0836305398        0.4640828513     -198.6749294096      198.6755380580
       -0.4629299964        0.0210085754     -467.3568946252      467.3571452102
       -0.2151352272        0.0697122745     -132.5434044179      132.5436708314
        0.0105128498        0.4563391831     -601.2333921421      601.2335816157
       -0.2634520981       -0.1208958711    -1250.0043484413     1250.0043898422
        0.1170336905        0.3303322333       -6.0726640495        6.0843688837
       -0.0530283714        0.1400339886       -8.6755093563        8.6768014912
       -0.1264008939        0.0265108369       -8.5957928459        8.5967630338
        0.4645427874        0.3237445665      -54.3534118132       54.3644808498
       -0.2261122331       -0.3731815803      -54.3673199411       54.3771887890
       -0.0748491350       -0.0294722757      -13.7215147179       13.7224603095
        0.0254385741        0.0007798923       20.2538465523       20.2538625425
        0.2004595297        0.0041448452      859.1848166292      859.1848400242
       -0.1570011979       -0.2601036168       25.4290434667       25.4312413123
       -0.4503490509        0.0068311524       23.0551771751       23.0599985970
        0.2148482931        0.0174147828       84.5290667287       84.5345632086
        0.4888036269        0.1262870791        9.4407545535        9.4542437007
        0.1322685126        0.1069698310        3.8083028148        3.8121001867
        0.0008892381       -0.0241593316        0.1240346732        0.1263687627
       -0.2560657573        0.0775252614        2.0713383295        2.0885455019
        0.1138410089       -0.7049799047       12.1458119458       12.1667869327
       -0.0266322213       -0.0546871681        0.8183657997        0.8206232654
        0.0783171552        0.0299689341        0.2434686705        0.2575047715
        0.4688553621        0.2574219662        2.9248668177        2.9733713728
       -0.0845058321        0.3393918225        1.2990018746        1.3452635114
       -0.0486108981        0.2904954061        0.7092974926        0.7680192272
        0.3356840670        0.1735784679        0.5942831482        0.7042625487
        0.1891871397        0.1813151585        0.5912563248        0.6467232810
       -0.0838589053        0.0763402545       -0.0223394363        0.1155820093
       -0.1688099897        0.0015987250        0.0801197704        0.1868650479
       -0.0669279627       -0.3315872459       -0.1503323242        0.3956122425
       -0.3281219581       -0.0138136197       -0.1739061996        0.3969609384
        0.0920821185        0.1455264895       -6.2131804518        6.2155666196
        0.0035598735        0.1322976860       -2.3583786855        2.3620891970
        0.4473122736       -0.1416152489      -42.9786711429       42.9812321410
        0.0164126526        0.0056439637       -5.6655598557        5.6655864399
        0.0318627987        0.0129679939       -0.3996842304        0.4011619260
       -0.0342851102       -0.1474420424       -3.1424377218        3.1460816042
        0.0891993267        0.0761639465       -4.0019853373        4.0037037986
       -0.0429711745        0.0416907230       -3.8275030852        3.8279713303
        0.0634518891        0.0412625339      -18.2748306376       18.2749873754
       -0.0442315205       -0.0351606200      -22.7926608914       22.7927309291
       -0.0966347888       -0.2157988339       -6.3800666421        6.3844465521
       -0.0121234963       -0.1787321781       -2.7956697745        2.8014035159
       -0.0040994956        0.0360623125       -0.8415695945        0.8423518734
       -0.1420515391       -0.0673482598       -1.7662555808        1.7732380563
       -0.1703070799        0.1006003680       -2.2453636970        2.2583761538
        0.3388611640       -0.1019336521      -24.1931169185       24.1961071946
       -0.0511142919        0.0311494533      -10.6186318994       10.6188006090
       -0.1864908616       -0.1279153597      -60.1028770676       60.1033025131
        0.1236234377       -0.3713772599      110.7861266756      110.7868181130
        0.1497943854       -0.4247740917      175.4984120120      175.4989899975
       -0.0225723793        0.0001232160        5.2872218893        5.2872700739
       -0.0164038248       -0.1195761586        4.1557195275        4.1574718681
       -0.1646122933       -0.2320025019       -0.0617026368        0.2910834647
        0.0197553095        0.0007426517       -0.0013279343        0.0198138132
       -0.0168882283        0.0424260684        0.0039746293        0.0458364616
       -0.0491235524       -0.1009539066        0.0633124084        0.1288924968
       -0.0288922744       -0.0190753359       -0.0437768258        0.0558125652
       -0.5680414767       -0.4359874978       -0.1634468035        0.7344869468
       -0.1107495197        0.0031421791       -6.0777684271        6.0803802651
        0.2996519283        0.0739226971      -20.9703263950       20.9730618829
       -0.0498436407       -0.1923532225     -293.0917209954      293.0917883534
       -0.0812496901       -0.0219489538     -164.1876597076      164.1876812782
        0.0853601638        0.0877726385       -0.4614918001        0.4774568831
        0.2885623246        0.0640130033       -1.7047231883        1.7301580935
        0.0120433656        0.0064378801       -0.0017342497        0.0137657756
       -0.0125345432        0.0779266067       -0.7817641381        0.7857384033
        0.0428299273       -0.1660477453       -0.7903002576        0.8086907651
        0.0640978096       -0.0212280287       -0.6917301997        0.6950178613
        0.0698007668        0.0575424242       -0.2170787459        0.2351732543
       -0.0291197302       -0.0285406470       -0.2588866343        0.2620778828
        0.0819443295       -0.0371730721      -10.5017894085       10.5021748933
       -0.0353259195       -0.1079659564      -12.7866759791       12.7871805791
       -0.0362996598        0.0163712002        3.3978743043        3.3981076306
        0.1133385414        0.0826110709       20.0702904759       20.0707805030
        0.1396103589        0.1084200644       -0.5465123593        0.5911019425
       -0.1334015895       -0.1602077599       -1.1849662918        1.2112338370
        0.1594286220       -0.1707900918     -155.6004435567      155.6006815588
        0.1090769125        0.0094451123      -21.2744648658       21.2752043961
#SUBSTART
        0.0807652971       -0.1381158864        3.9633002309        3.9689831867
        0.3498098488       -0.7581141393       -0.6271709485        1.1550274184
        0.1651161136        0.2820802771       -1.3069221980        1.3543847423
       -0.0742938859        0.6209690445      -11.8107026398       11.8280724874
        0.0772636631       -0.4681107264      516.4974669517      516.4985394526
        0.0045971237        0.3404884020       36.5847100235       36.5983572414
       -0.7413113224        0.6977425532       47.3431788312       47.3634432952
       -0.7758788555        0.2163418704       47.3292868478       47.3454383856
        0.4505780454       -0.3189929215        1.0983758200        1.2372090712
       -0.0971523532       -0.0733073717        0.3215354118        0.3710489946
       -0.3162340445       -0.2699224041        2.7352676169        2.7702041073
       -0.2922586612       -1.5097308605       -5.9675177246        6.1640449361
        0.1312866436       -0.3295862809      -21.5110274550       21.5144055288
        0.1813833204        0.6540361508     -145.9108524748      145.9124977954
        0.4042246871       -0.5011013325      -37.5423584752       37.5481379006
        0.1256470675        0.1014174063       -4.9563449896        4.9609382294
        0.7156999717       -0.4299380764       69.2769708811       69.2837600641
        0.7736251505       -0.0351928129       86.1604165393       86.1640098441
        0.1151208554       -0.1101988977       30.9430491759       30.9437743124
        2.3535555634        0.2640883491      206.1107060100      206.1243594973
        0.2346318017       -0.1265591124       13.2546645996       13.2580799033
       -0.5671946317        0.5498570829        1.0612424413        1.3229845354
        0.1152403823        0.1725270996        0.4594005341        0.5040781651
       -0.0108522527       -0.1298015764       -1.3059415743        1.3198217307
       -0.1118317771        0.0142807517       -1.0202637129        1.0359189712
        0.1780487945       -0.0476580573       -2.9108529165        2.9166825959
        0.2041253859       -0.1101881534       -2.0043176897        2.0176962119
       -0.0741425119       -0.0278090179       -1.2353038207        1.2456828520
       -0.3508663031       -0.0332602653       -2.1493103904        2.1824821528
       -0.1785248823       -0.0637374289       -4.5335584010        4.5375197376
       -0.1849760495       -0.1570898901       -9.6793570383        9.6823987754
        0.4424926735        0.1739937901      -17.7487839392       17.7551515039
       -0.1093785943       -0.3519414703      -29.8972968738       29.8998940905
       -0.0694452977        0.0716894312       -4.1970626351        4.2005686011
       -0.0636969454       -0.4019724746    -1169.0576961342     1169.0581445427
        0.2233932099       -0.0030514371     -388.3038308762      388.3039202310
        0.3844049512        0.1478483071    -1080.6529440919     1080.6530315881
        0.7864663511        0.0426069135     1688.0905859382     1688.0910304331
        0.3885167717       -0.2137949901     1069.1296803826     1069.1297814617
        0.1227122078        0.6716590523     1130.7293881923     1130.7299836196
       -0.2120719593        0.0909596241      364.3630915563      364.3631913578
       -0.1405378765        0.3175297501      256.0712799538      256.0715534240
       -0.0811949647        0.0641665855       66.1445536263       66.1447818363
       -0.0395915219        0.1750376503      167.6345127106      167.6346668717
        0.0674145942        0.0561450604       22.9617574978       22.9623492737
       -0.1882406953       -0.0925653444       15.8696501881       15.8716501908
       -0.4229517234       -0.1192067304       39.8714743555       39.8741400593
        0.0381883114        0.0906610840      112.9318677273      112.9319968208
       -0.0014204099       -0.0987571627       15.0117608912       15.0120857994
       -0.6802959769       -0.0470640557       79.3193022412       79.3237692412
       -1.0275147576        0.5130951283      126.0757459727      126.0810543085
        0.0384728329        0.2447030913        6.4879660859        6.4941930583
       -0.0008735692        0.0525121264        0.0491475105        0.0719288839
        0.3533925595       -0.5429271114        5.1854856018        5.2257934398
       -0.4624323493        0.3115004193        9.9924660888       10.0089826911
       -0.2920822609        0.1838340606        1.8700868195        1.9067804033
       -0.0942081628        0.2172660733        0.5874405276        0.6485721879
       -0.0904336476        0.3266846456        0.0519726572        0.3702459240
        0.0854896657       -1.0284792592       -2.4808432721        2.7326428306
       -0.2321544450       -0.8009950843       -3.1813508596        3.3256763318
        0.0870728370        0.1007074201       -0.5746513118        0.6061580474
        0.0072372433        0.0546058741       -0.1155111049        0.1279726320
        0.1413496699        0.0987832379       -1.1091414334        1.1224671828
       -0.3302380297       -0.1486460719       -3.7402814320        3.7603640497
        0.2062275599        0.5762276588       -3.6274672113        3.6813810283
        0.0533941168        0.0089302428       -1.4893807486        1.4903642827
        0.0383254505        0.8919788985       -3.7509465572        3.8557353735
        0.2176078246        0.1002954510       -0.4665782339        0.7202420088
        0.5052077041        0.3582569981       -1.1200856849        1.2874993699
       -0.0462679354        0.0456389666       -0.4443194183        0.4702373523
       -0.0575532036       -0.0199817847       -0.0706800806        0.1678901476
        0.3544034006        0.6258896432       -1.3440124618        1.5243717110
       -0.1053471514        0.2296873051       -1.1981417010        1.2244990061
       -0.0510305862       -0.0072851392       -0.2503261314        0.5594602711
       -0.3357026350        0.4390134562       -0.1088184350        0.5632677211
       -0.0438976444        0.0058463219        0.0089058430        0.0451718574
       -0.1213993571        0.1646159257       -0.2498415981        0.3517624425
       -0.6485499550       -0.3930105783        0.0390974768        0.7720639587
       -0.5207920592       -0.5906873469       -1.9470528624        2.1049063031
       -0.5612938476        0.1597957340       -1.4134770413        1.5355723986
       -0.9619621443        0.2193886489       -1.6918616544        1.9585449711
       -0.5238039734        0.2116056782       -0.8767327301        1.0429802710
       -0.8505941765       -0.4866105358       -1.4309108780        1.7399097656
       -0.6474827040        0.0038941987       -0.3310510525        0.7404887582
        0.8228469668       -0.4729908947       51.2799293726       51.2911262248
        0.1496135631       -0.2364563972        3.1663720449        3.2174342576
       -0.0015872927        0.0576421910        0.0545352991        0.0793677549
        0.1290225259       -0.0205562509        0.1668540224        0.2119189384
       -0.1188143777        0.1384162408       -1.1513284439        1.1740157080
       -0.0002382671        0.1290387240       -0.6132145523        0.6419991598
        0.0669852599       -0.1147298534       -0.5785432059        0.5936010490
        0.1156194560       -0.0153516969       -0.2632102888        0.2878944066
        0.0425427136       -0.0650684405       -0.3729032945        0.3809207943
       -0.0746081975       -0.0969048297       -1.2412508712        1.2472612615
        0.0310882690       -0.0223089994       -8.9289873583        8.9290693478
       -0.1272104247       -0.0284677870      -17.3792783269       17.3797672041
        0.0901385768        0.0104811559    -1443.1449822505     1443.1449851035
        0.1236816393       -0.1571237409    -2536.5944256403     2536.5944335219
        0.3243704355        0.0876137475      232.9022281995      232.9024705594
        0.1591731225        0.0412947212       72.6291012172       72.6292873792
        0.1488053321        0.0366008852       74.5324188461       74.5325763808
        0.1661185040        0.3352680581       70.5455543189       70.5465465787
        0.0702084761        0.0686835518       34.0792928588       34.0794343911
        0.0063486019        0.0062826324        7.9069020417        7.9069070864
       -0.1377795383       -0.3014346545       72.6857431458       72.6864987649
        0.4075813173       -0.4270874564      112.9638758156      112.9693257362
        0.2007030997       -0.0031850922        3.3766770301        3.3826379712
        0.0593876643       -0.0730067529        2.6009592109        2.6026612721
       -0.0134527983       -0.0567242309        0.4105859547        0.4147040419
       -0.0063988135       -0.0174128539       -0.0053121629        0.0192969265
        0.1626361885        0.1009578780        0.5770590105        0.6079803652
        0.0122866378       -0.0353115227        0.0792600311        0.0876357098
        0.0157230904       -0.0103870157        0.0516872652        0.0550152620
       -0.0114131739       -0.2567591640        0.0554896270        0.2629346450
        0.1980359741        0.0529742229       -1.5636443262        1.5770250772
        0.1797190403        0.1095421083       -0.8941182041        0.9185563509
       -0.0353564965        0.4592396548       -0.8446636641        0.9620851563
        0.0277697773        0.0575388736       -0.0554520739        0.0845979610
       -0.2035493568        0.0388400455       -0.6418703346        0.6744912277
       -0.0191269737       -0.0498252981       -0.1586879227        0.1674223948
       -0.0329384936        0.0542598677        0.0254798773        0.0683981121
       -0.3128085203        0.0308310873        0.0175207156        0.3148121691
        0.0837452334       -0.0476593639       -0.1713398328        0.1965757293
        0.0271666306        0.0478340610       -0.0112862380        0.0561560538
        0.1237837719       -0.1188455289       -0.1531367775        0.2299946837
       -0.0074336931       -0.1276329651       -0.1840989851        0.2241380599
        0.0558613327        0.0174525620        0.0072121908        0.0589669069
       -0.0401514499       -0.0798121201       -0.0163662179        0.0908293264
        0.0190551210       -0.1107341691       -0.3087182383        0.3285302186
       -0.0341427681        0.0295114139       -0.1558749565        0.1622764746
        0.0118071132        0.0362759873        5.1327106309        5.1328524015
       -0.0655737400       -0.0930926794        9.0550219540        9.0557378909
       -0.0204196922        0.0042918820        0.0007027184        0.0208776889
       -0.2544619428        0.2139902016       -0.6252651002        0.7081660344
        0.0168451342       -0.0526502927       -0.0329890084        0.0643745800
        0.1069514715        0.0597098668       -0.1640396800        0.2047264079
       -0.0259573493        0.0765962516       -0.2850728613        0.2963229758
       -0.1568573464        0.0072181387       -0.8355619637        0.8501882873
        0.1170508709       -0.1356677272       -0.5783936825        0.6055129153
        0.0150762344       -0.0566898847       -0.6230678015        0.6258230749
#SUBSTART
        0.0739139052       -0.1841592961        0.3807688854        0.4514893584
       -1.3659683696        0.3917143662      -17.1878919202       17.2470988336
       -0.2497950457       -0.1641144763       -1.3284789876        1.3688196855
       -0.5532551178       -0.3789195338       -0.9464607628        1.1683060382
        0.2096716535        0.1696955401       -0.3024194650        0.4285978259
       -0.4937137326       -0.1051602190        1.1764817552        1.3720649408
       -0.5701132995       -0.5474694840       12.7023388839       12.7276724077
       -0.2053583989        1.3320086682        9.4365984245        9.5451270264
        0.0566405742        0.0614545506      196.4381998663      196.4382672274
       -0.2136732462        0.1706817218        0.4816339554        0.5711738423
        0.1658549487        0.0497743348       -5.0359908408        5.0408996104
       -0.2466735915       -0.4762088155      -48.2396978521       48.2428808359
       -0.1732501997        0.2081879354    -1208.3541628430     1208.3542012580
       -1.4218732422       -1.5313371447     -547.7852334963      547.7894416603
       -0.1232345625        0.2259285745       -3.6658337265        3.6775055641
        0.2956159288        0.1096101249       -3.3137221731        3.3650852526
        0.3926549250       -0.5567815484       -1.1923443834        1.3803436153
       -0.1649387272        0.8795573533       -6.4153086723        6.5450257352
       -1.1405270387       -0.3080460216       -7.1073993052        7.2657532131
        0.3051329784       -0.4242176991      -12.9704676190       12.9817401311
        1.1676001567       -0.0120189542        1.4667645283        1.8799767412
        0.6445258625       -0.3631840653        1.7912691230        1.9430494355
        0.3541663705       -0.6463209434        0.6720315321        1.0071100957
        0.6598268567        0.0026580573        0.9011338111        1.1255667357
       -0.0210668894        0.0633667487        0.2303318440        0.2774737860
       -0.2061910703       -0.0714483421        0.7980299359        0.8390179894
        0.0613501531        0.0560778811        0.7887429861        0.8052973694
       -0.2110813044       -0.9602242125        1.6635905519        1.9374207506
       -0.2954524401        0.0514761770       39.6886524428       39.6928547175
       -0.3005399209       -0.4710545023       64.6229593999       64.6255257462
        0.3147897198       -0.4785129756       71.2189809190       71.2212841107
        0.0183287480        0.0003349014        0.9559427790        0.9561185344
       -0.2823277017       -0.0241470493       -3.3735767638        3.3883317395
       -0.8057386108        0.0359187967       -4.1016847906        4.1825593570
       -0.0756518936        0.9530091738      -21.5849601008       21.6117582165
        0.1319400616        0.2491182484       -2.5332429241        2.5526980979
        0.4655515361       -0.0913850446      -31.1304440411       31.1482331352
       -0.1020096276        0.1297835541      -10.3562702670       10.3585261192
        0.3004928082       -0.4135164487      -17.4182562425       17.4263140709
        0.0687010502        0.3880218679      -57.3733950724       57.3824409966
        0.0907940076       -0.0703504456      -16.2512699374       16.2522751362
        0.5533485934       -0.1229236888      -15.7210848846       15.7319196105
        0.7877073830       -0.4094340048     -122.6843726675      122.6876639916
        0.2085748947        0.1210155180     -130.8037458225      130.8040425569
       -1.6524494674       -1.2840543300      -10.3012454819       10.5125887881
       -0.1223672826        0.0887903075       -0.2079096206        0.2925126763
       -0.0086371232       -0.1875768463        0.0938706686        0.2520935551
       -0.5112760344       -0.4262269944        0.2715121567        0.7323054487
       -0.2457785415        0.1926603040        0.0243054865        0.3429221861
        0.0007874623        0.2597889147        2.5161996399        2.5772839362
        0.2838152728        0.1202062305        3.5456190368        3.5617263772
       -0.2470093798       -0.0323562051        5.9195084863        5.9263919092
        0.6403768962        0.1143871956       10.5285861935       10.5495864383
        0.0403636718       -0.2283803319       35.9912625610       35.9922803852
       -0.1906920742       -0.0332190613       10.9312098560       10.9338143241
       -0.3616342459       -0.1770632571       94.2892396905       94.2902027356
        0.0741882237        0.2813211826       38.5131747103       38.5145265004
       -0.3005659314       -0.1878455344       49.3140484589       49.3155196770
        0.2907792877       -0.4452949726      234.6510956760      234.6517398655
       -0.0564894796        0.3385812287       29.5845316281       29.5868521433
       -0.0164461521       -0.5400312670       23.6037290709       23.6103242266
        0.4856905036        0.0593992482       12.0213175963       12.0320812860
        0.2329644113        0.3963074173       10.9513291445       10.9618621503
       -0.0115367039       -0.0448673995        0.8465087280        0.8477754453
        0.2390526964       -0.2464579257        2.9328966104        2.9562222536
       -0.0352564468        0.0994582932       26.4058640951       26.4227853445
       -0.0150254923        1.0803803563       22.2344076002       22.2610828262
       -0.2464083283       -0.3382261303       32.8718045455       32.8878919945
        0.3703062475        0.4203133180       49.2117966435       49.2239526112
        0.0788443669       -0.4987952078      446.7407085243      446.7419819735
        0.0770077624       -0.1958667952       40.3813744439       40.3821640798
       -0.3729055826        0.0239911641      189.5388823144      189.5392506663
       -0.0365359936       -0.0449376719       28.3284143309       28.3284735341
        0.2000088899       -0.2296161198      304.7981152400      304.7997155064
        0.0894252612        0.1049688147      110.8315098478      110.8316835127
        0.2419943513       -0.8791224177     3065.4979523894     3065.4982319866
        0.2693825508        1.1995686922        0.9738248134        1.6442346953
        0.3371570481        0.1173834846        0.0580719599        0.3876930422
        0.4676307591        0.1827331638       -0.0109706756        1.0642090418
       -0.0211992313        0.0788992858        0.1156385470        0.1988128848
        0.0324822898       -0.1683757036       -0.7970029718        0.8271027739
       -0.0703641274       -0.2325622355       -0.8443861877        0.8786491552
        0.6264034342       -0.2936688111       -1.8167431665        1.9440108966
        0.4433584368       -0.2913716488      -13.5577916950       13.5688857159
       -0.4007677393        0.3203164588       -2.4738761234        2.5265154836
       -0.0253863738        0.0716405238       -0.2412732706        0.2529617041
       -0.0197804555       -0.2425020850      -48.3708042518       48.3716175281
        0.0076999320       -0.0107790277       -0.3363328069        0.3365935730
       -0.0890821163        0.2398734840      -20.3082126554       20.3098246218
        0.2020680139        0.1011604516     -703.7735238714      703.7735739903
       -0.1750706750       -0.3893337827     -128.3392172288      128.3400030747
       -0.0925713483        0.1621337573      -15.3227000569       15.3244730294
       -0.1522031899       -0.4765467466     -619.6501271677      619.6505257018
       -0.0555109039        0.2063573258     -281.3660814970      281.3661972618
       -0.2552671056        0.2886056149    -1280.8085287708     1280.8089313470
        0.2373555386        0.1311488537       -4.9246839807        4.9321445623
        0.0830098574        0.0001477878       -3.1391305582        3.1402279089
        0.0212152182       -1.2174859499     -288.8501702684      288.8527705700
        0.5842368757       -0.4744091452       -2.6992855236        2.8057118325
        0.2509612439        0.3058125865       -1.4035965830        1.4649457453
       -0.3203390824        0.2515252942       -1.6487625415        1.7685985920
       -0.2230130527       -0.1828386605       -1.8385285641        1.8662346753
       -0.0758741482        0.0715907905       -1.3653956585        1.3764691122
        0.0275920470       -0.2623806329       -2.0692648225        2.1436190854
       -0.2774392377        0.1086499931       -0.6711826522        0.7474913304
       -0.0610476054       -0.0352994187       -0.3770057529        0.4081494600
        0.0295339926        0.2417482988       -1.0558575058        1.0925334567
       -1.0208630694        0.1851340205     -119.1717492277      119.1773045736
       -0.3279267902        0.2541314471       -8.2181998585        8.2298485691
       -0.0685948417       -0.5120432455        0.9657160159        1.0952173122
       -0.2316573203       -0.6056959358        1.2501074621        1.4082973221
       -0.0803675243       -0.4058918788        0.6590972614        0.7782135673
        0.0429873492       -0.0782111206        0.1170374213        0.1471823684
        0.0475912708       -0.0071676624        0.2903885278        0.2943497945
        0.1337114781       -0.0225828220        2.5997519543        2.6032862361
        0.1194687778       -0.0225954665        2.3236710000        2.3268499136
       -0.2933992454        0.0846735804        0.9314521102        0.9802325061
        0.0033963444       -0.0148254684        0.0154617563        0.0216886047
        0.0159841487       -0.0336035179        0.1193617609        0.1250276745
       -0.2652551736       -0.2928392198        1.3107301683        1.3689881993
        0.0285397761       -0.0047983658       -0.3402021720        0.3414309022
       -0.1040837515       -0.1399506913       -0.9024001660        0.9191004748
        0.2649996438       -0.4691353649       -5.3499652736        5.3788401181
        0.1612480065        0.0065271367       -3.9021778532        3.9080065642
        0.2548172763        0.3610710029      -18.3989164024       18.4042231267
        0.0251451379       -0.0097635498       -1.2526144678        1.2529048686
       -0.0219833615        0.0547433667       -2.5522334702        2.5529151555
        0.0400347405        0.2062243858      -25.3773999518       25.3782694365
       -0.2860037108       -0.0304498776       -1.7605452030        1.7838847299
        0.0013833914        0.0242125794       -0.0863163709        0.0896586787
       -0.0018146791       -0.0058289237        0.0507652890        0.0511310471
       -0.0134893727        0.1916527270        0.0396665362        0.1961789108
        0.1154251327        0.0810068330       -0.1022514732        0.1741850511
        0.0292420179        0.0159444250        0.0426072773        0.0540804991
       -0.0152198805        0.0016366787       -0.0089550971        0.0177346340
        0.2323426873       -0.1541721603        0.0371256776        0.2813014314
        0.0852697474       -0.1135107890        0.0270297790        0.1445207182
       -0.0157782661       -0.0031215266       -0.0449755705        0.0477650453
       -0.0356081141       -0.0757501972        0.1499935351        0.1717675485
        0.1011519594       -0.0587730272        0.2578947626        0.2831884465
       -0.1629423126        0.0002887080        6.9523093286        6.9542185241
        0.0138884786        0.0249847711        0.4777453254        0.4785997540
       -0.0036660012        0.0062332486        0.0475882924        0.0481345877
       -0.0116562323        0.1711709626       18.6373080479       18.6380977205
        0.1146777775        0.2927191861       64.2530548626       64.2538239694
        0.0731308654        0.0232388496       17.6885292673       17.6886957068
       -0.0887873874       -0.1055921830       21.8006458758       21.8010823931
       -0.0580579705       -0.3359395572       73.5790732835       73.5798630852
       -0.0050723339       -0.0197189567        3.9853311690        3.9853832128
        0.0344708156        0.1503382015        5.2083055328        5.2105888664
        0.1867333756        0.1649024270       11.5198262230       11.5225196191
       -0.1168538969        0.4098729556       38.6138352495       38.6275843658
       -0.1010145153        0.0002733618        8.5108688549        8.5126125518
        0.0717152433        0.3001208727        2.6269117551        2.6449727756
       -0.0394854077        0.1375089912        0.8211970359        0.8335660693
        0.1082470631        0.1034073838        2.1033510044        2.1086716106
       -0.0347845658        0.0636504148        1.5834719746        1.5851324348
       -0.0203946873       -0.0469049714        1.8968698359        1.8975592729
       -0.0575436056       -0.0536769454        0.4675357859        0.4741120038
        0.0386633432        0.0081355080        1.9284830191        1.9288877094
       -0.0639293789        0.1987188968        9.7754360652        9.7776646716
       -0.0534357406        0.0674383220        3.4496455131        3.4507183994
        0.0082330386        0.2938514472        7.1656460718        7.1716734506
        0.1119955093       -0.0091896513      562.0906679549      562.0906791874
        0.0012692809       -0.0272717344      823.3328902451      823.3328906978
       -0.1060087112       -0.0434263375        0.0226696742        0.1167801686
       -0.0284081303        0.0690700185        0.0439078943        0.0866348227
        0.4952633705        0.8322697137        0.6776214116        1.5099408084
       -0.0389941818        0.0566367411       -0.0173785976        0.0709244832
        0.0861687860        0.0783498327       -0.1318909192        0.1759516142
        0.1579109825        0.0737240447       -0.8108698917        0.9672417089
        0.0040958847       -0.0153790317       -0.0743028398        0.0759881760
       -0.3872678092        0.0799746035       -1.8613313554        1.9028732769
       -0.0757690267        0.0815621716       -0.2588571391        0.2817806802
       -0.0005005808       -0.0063185594       -0.3759156203        0.3759690524
       -0.0160966647        0.0435020335       -0.0870419040        0.0986297247
       -0.4138933772        0.1931816311       -1.5118843715        1.5793736806
        0.0099091907       -0.0487743524       -0.3701793527        0.3735102176
       -0.1333869987       -0.0088624595       -0.5005134796        0.5180582765
        0.0035602523        0.4244289484     -165.4151303205      165.4156748665
        0.0330984122        0.0811516945      -61.1040255064       61.1040883590
       -0.0549757868        0.3850144241     -152.5489556816      152.5494514510
        0.0546257910        0.0986142902      -39.9104282015       39.9105874171
       -0.0634136050       -0.0272316938      -44.4748643590       44.4749179044
        0.0680199374       -0.0004794505      -54.6750183077       54.6750606208
        0.1530724369        0.1302067271      -13.1078464136       13.1093868112
        0.7059969627        0.8289518758      -90.2301758950       90.2367454808
       -0.0581355209       -0.0396653403      -23.2141608209       23.2142675030
       -0.3659908528       -0.8030033861     -310.6359992922      310.6372527885
        0.0817720157        0.0944275352       -0.2021431981        0.2376238508
        0.2763802045        0.6753378064       -0.8039926789        1.0857584436
        0.2668987547        0.0808484014       -1.1163236447        1.1506302138
        0.1703104845        0.0932357778       -0.4414623627        0.4822733551
       -0.0094830966        0.4908085756       -1.2527195632        1.3454699146
        0.1328833183       -0.0575654422       -1.1676548025        1.1766008219
        0.2779414815       -0.3641373639        2.9662334839        3.0046411354
       -0.0014663825        0.0603590653        0.5672206187        0.5872515493
        0.0369522893       -0.0043452767        0.0368063059        0.0523360036
       -0.0140383021        0.2062371719        0.1955742451        0.2845700798
        0.3931047251        0.0194397458       -0.4422706669        0.6082699699
       -0.0571788878        0.0510700777       -0.0376714983        0.1636352796
        0.1914192151        0.2865912287       -0.2415291435        0.4433869194
        0.1542223753        0.1972573438       -0.8386536101        0.8862926511
       -0.1724156942       -0.1454359595       -1.4673714026        1.4911530465
       -0.0513014058       -0.0231416396       -4.7522588427        4.7546410236
        0.7291348793        0.9876713792      -63.2991895892       63.3110933018
        0.3257234838        0.3083398912      -24.1523287662       24.1564930010
        0.0548923275        0.1621532871       -9.3383914303        9.3399604582
       -0.0052380620       -0.0082743110       -0.0602403206        0.0610311211
#SUBSTART
        0.1664468888       -0.3256159561       14.0923736923       14.0978085668
        0.2413959083       -0.0211623230       11.3210754418       11.3245286336
        0.0923938469        0.0013278392        2.8218284698        2.8267886522
       -0.4188164247        0.2002981516        0.0895326141        0.4929730429
        0.6309325728        1.0450409315       -3.3815571309        3.7155707075
       -0.0428099118       -0.0933695094       -1.9068118753        2.1282090749
        0.0965518987        0.1729521898       -6.2588564955        6.3318930782
        0.4262731912        0.2693110841      -23.3407090385       23.3513720512
        0.6711652644       -0.2098075466     -136.7286011678      136.7336286724
       -0.1383437516        0.1097439575     -161.9120208509      161.9148432681
       -0.2439927919       -0.3713919730      -97.8567013891       97.8578098622
       -0.0117000497       -0.2340381204     -251.8098249639      251.8099726756
       -0.4161581487       -0.0153952487     3832.2027651197     3832.2029029277
        0.4900552891        0.4850828559       64.2729209572       64.2767711364
        0.3088363916       -0.0892120694        1.3432131722        1.4666974112
       -0.1776087681       -0.3146958989        0.9835115365        1.4073610448
       -0.5454525399       -0.0700099883        0.3135607991        1.1318528347
        0.2193281168       -0.1863702222       -0.1718220609        0.3630995566
        0.3101104756       -0.1879848268      -27.7972520427       27.7999677646
        0.0039337274        0.4822528990       18.3415832982       18.3484533681
       -0.0029353269       -0.3447158735        6.9778053585        6.9877095715
        0.2520097724       -0.0089846161        2.8083721298        2.8231229964
        0.1505939950        0.6483757516        0.5886480865        0.8994754144
        0.1724009821       -0.1369920484        1.2388546692        1.2659895720
       -0.2028855109       -0.1119867390        0.8953286573        0.9353056985
       -0.7599693785        0.4364777436        0.2238616002        0.9045331906
       -0.1750735756        0.1370365627       -0.0037606671        0.2223598862
       -0.1228129265        0.3927558096       -4.3923373945        4.4137793005
       -0.0036465407        0.0629808506       -3.0327114008        3.0365767091
       -0.0954706488       -0.0549319532       -4.0048517960        4.1147686041
       -0.5635287848        0.0176943150       -4.8624612771        4.8970284088
        0.2315244739       -0.0366221810       -2.4869143201        2.5018328054
        0.1624360413       -0.1288113529     -169.9810088117      169.9811925310
        1.3714056184        0.7583377931     -809.2966714032      809.2982006984
       -0.0859002215       -0.3001486125      -56.2074746187       56.2085149318
        0.0315133513        0.0414224019      -83.5918030109       83.5919357313
       -0.3096002367        0.7534468052    -3954.9398150842     3954.9400102686
        0.1785335677        0.0147712281    -1018.5209940881     1018.5210194053
       -0.6584217780        0.2192542292      979.6322158056      979.6325859610
        0.1242617252       -0.0687867392      116.1054727281      116.1056434881
       -0.2012344625        0.3053908619      832.1366507968      832.1367428723
        0.0549000516        0.5306684203       48.1255207284       48.1376480538
       -0.0110936272       -0.0861730007        3.2869392764        3.2910482291
       -0.0407729457       -0.0009139457        1.6498802680        1.6562753250
       -0.0557685817        0.0673399568        4.9214184990        4.9241734973
        0.3057628352       -0.3664794067       26.3660132886       26.3870196383
       -0.0671649954        0.2023828013        3.9840872318        3.9922300523
       -1.0079445011       -0.2384722632        5.5661574220        5.6634273518
       -0.0637532503       -0.2397975074        4.2836738369        4.2931234140
        0.5011336072        0.0158630716        0.2209692135        0.5654146333
       -0.3020098279       -0.3789610148       -1.0832225093        1.1948523660
       -0.0093504886        0.3896255525       -6.3756759780        6.3891016164
        0.1187458585       -0.2400322033       -0.4674093199        0.5386905511
        0.0600863688       -0.2849379176       -0.3045266361        0.4213507573
        0.0308065140       -0.0175350174       -3.1196881767        3.1230098659
       -0.2452154193        0.0191453564       -1.1812002803        1.2145826582
       -0.0592127262       -0.1163527682       -6.7890251519        6.7917145414
       -0.0538258360       -0.0530236364       -4.4129971124        4.4136438733
       -0.5047558361       -0.1651105978      -19.0066165896       19.0140346625
       -0.2878459229       -0.3288259748      -30.0781896137       30.0816879849
       -0.1007534736       -0.1435444476      -37.3897733652       37.3904451479
        0.2503836898       -0.1618023235       12.0999061591       12.1035780265
        0.0228845595       -0.0285114668        4.8429684456        4.8431064383
       -0.0172827765        0.0481115479        0.5314836588        0.5339366020
        0.1826873286        0.1401848359        1.6101853034        1.6265679081
        0.0086355926       -0.0029606107        0.0101052408        0.0136181705
        0.1499865572        0.0130944251        2.9359310196        2.9397888331
        0.0913839825       -0.0176629024        1.4496559159        1.4526407969
        0.0561238383        0.1044730299        3.0187806016        3.0211092035
       -0.1151923074        0.2522238593       13.2483771251       13.2606205745
        0.2504356169       -0.1118320079        0.2916725463        0.4003714156
        0.1664554504        0.0361972969        0.1727536842        0.2426138840
       -0.0650382832        0.0758005591        1.7039760966        1.7069007706
       -0.0867043966       -0.0236014478        0.6140042381        0.6205448292
        0.1370244771        0.0495594140       -0.7448472707        0.7589659409
        0.0367513628        0.1110614759       -0.3399253365        0.3594920702
       -0.0101551772       -0.0166964161       -0.9319935784        0.9321984381
       -0.1616068261       -0.0308269129       -1.1375972449        1.1494322757
       -0.0831785539       -0.1187688481        2.4552163643        2.4634512156
       -0.0815223550       -0.0920983725        1.6465490263        1.6570248898
        0.0195912176       -0.0039646027        0.1991666478        0.2001671488
       -0.0632376415       -0.1650422246        0.3626358034        0.4034137592
       -0.0757336099       -0.0710577864       -0.0655681043        0.1228167943
       -0.0587764329       -0.0727268156       -0.2962419037        0.3106495200
       -0.0157988091        0.1594987027       -0.1601404511        0.2265709660
       -0.0202857629        0.0344277961        0.0258459801        0.0475899150
        0.0152299457       -0.1522894816       -0.4985603514        0.5215232128
        0.1028049708       -0.0982395488       -0.8473225571        0.8591713373
        0.0071501036       -0.0141773038       -0.0190359806        0.0247888782
        0.0128319768        0.2188725838       -0.9527839583        0.9776845804
       -0.0048840650        0.0055731651       -0.0777592511        0.0781115573
       -0.2299693291       -0.7339658783      -11.9548753529       11.9795925017
       -0.0315341551       -0.0946781866       -2.0222013333        2.0246620939
       -0.0637993044       -0.1589473534       -1.2849886502        1.2963527466
       -0.2636836446       -0.4734570445      -10.5020943560       10.5160675397
        0.0036173109       -0.0502541160       -0.5484734795        0.5507828237
        0.8298805179       -0.2914925412      -19.7562805471       19.7758511986
        0.2706397181       -0.1790079165       -6.8784572602        6.8861065902
        0.0459627082        0.0299112620       -2.0352757710        2.0360144200
       -0.0966618720        0.0389844261       -3.1594719781        3.1611906750
       -0.1037553457        0.0477694354      183.9179657830      183.9180542107
        0.1763691729       -0.1784929834      764.6609100896      764.6609639995
       -0.1640664425       -0.1730948091        7.2769872309        7.2808943660
       -0.0294172902        0.0137656878        0.3808315540        0.3822140025
       -0.1557450885        0.0212200954        0.2152348788        0.3008532250
       -0.1161915178       -0.2548565458       -0.0890248030        0.3253575390
       -0.0560102493        0.2507641046        1.5226366549        1.5441639055
        0.0149960968        0.1657974075        1.7482009851        1.7561094350
       -0.0837160263        0.1615823706        5.0835172700        5.0867735422
       -0.0155880569       -0.0161529540        0.1765589869        0.1779802835
#SUBSTART
       -0.5051615450       -0.2172941915     1151.6746175908     1151.6747573372
       -0.4263972123        0.0579484198        5.2541850440        5.2736242626
       -0.2019398245        0.2544288677        1.6996876960        1.9684518278
        0.3730512633       -0.2421371683        0.2121919483        1.0609499805
       -0.2136822159       -0.1583378288       -2.0015579168        2.0239675977
        0.2635557860        0.3659989113       -0.5994213097        0.7630219832
        0.3335575921        0.2764033035    -4123.7488883172     4123.7490178122
       -0.3801565060       -0.0901052106     1283.1018417401     1283.1019088111
       -0.2287363663        0.0256921233     1389.8829425127     1389.8832782716
       -0.1054504481        0.2936529815     1028.1986954542     1028.1987522679
       -0.2487935635       -0.1107504055      461.2938523629      461.2939538640
       -0.5481992403       -0.1492048942       49.3553747612       49.3588419851
        0.2172552855        0.1492942395       15.6894136473       15.6916279979
        0.0158728288       -0.0143645861        1.2453926690        1.2455767532
        0.0176992465       -0.0157832002        1.4513299764        1.4515237970
        0.2347951200       -0.2767390197        8.7176073162        8.7262747114
        0.1638607041        0.4194018828        3.3343170962        3.3674765853
       -0.0309224054       -0.1723801315        0.1547041277        0.2721842334
        0.6538897563       -0.0128297789        1.7001107605        1.8269079888
        0.0504426755       -0.3264843937        0.0149542632        0.3589428057
       -0.1240065464       -0.0752499744       -0.6988835367        0.7137775425
        0.3489068371        0.0110623648    -1251.5233988602     1251.5234553266
        0.3909600094        0.3459391471    -1108.5374705857     1108.5376022923
       -0.0284088090       -0.0164715039      -18.2803219777       18.2803514731
       -0.2881662927        0.2628669892     -185.6197379346      185.6201477474
       -0.0253712794       -0.1300373382      -62.3411508029       62.3412915879
       -0.0715812067       -0.0835318449      -19.8613659843       19.8616706297
        0.2215092752       -0.3383419652      634.4911506382      634.4912795144
        0.1346650157       -0.3108445716      732.6176636669      732.6177419881
        0.0777122186        0.0623154897       83.0961592795       83.0962189839
        0.2476896937        0.0167652521      113.0301343781      113.0304070097
        0.2185090305       -0.0804820151       23.9930659039       23.9941958611
        0.0442390152        0.0447360588        8.4668835098        8.4671172647
       -0.0163935258        0.0354026531        0.0365260173        0.0534438535
       -0.4298492850        0.2171387517        0.0567140549        0.4849083721
        0.1929881727        0.2838889038       -3.2715767058        3.2924962067
       -0.2982816271       -0.2651787193       -5.2297494934        5.2468134359
        0.0157389306       -0.0552565484      -41.0792119887       41.0792521671
       -0.0454005576        0.0188689504     -175.9767810016      175.9767878697
#SUBSTART
       -0.1352441812        0.0340062252      109.0079885617      109.0081671135
       -0.0005430314       -0.2374103955     6890.9907457277     6890.9908138714
        0.2341474781       -0.2277614981    -2435.4315612862     2435.4315871913
        0.0864289917        0.2391291036    -3032.2780800377     3032.2782362642
        0.3431603317        0.5350486712     -474.8592281229      474.8599143379
        0.0539358306        0.0124148147     -227.5836134649      227.5836201947
        0.2047171661       -0.0373160596     -276.3818762127      276.3819545493
       -0.7460594932       -0.3550802187     -366.6393802049      366.6406489728
       -0.0082136113       -0.0239336773       -7.3472299337        7.3472735067
       -0.0323294811        0.0609030346     -179.4777678898      179.4777811348
#SUBSTART
       -0.7675270347       -0.5783792414      290.6628911341      290.6659943188
        0.6491780213       -0.9699006311       -1.3611277960        2.0236498728
       -0.3140446153        0.1339491665        0.0845412960        0.3784090581
       -0.4808450123        0.2383204475        0.1027536613        0.5639562583
        0.4338993765        0.1935042360        0.4138690678        0.6453525769
       -0.7056678466        0.5927592535        0.5026801575        1.0590079169
       -0.3493144449        0.4590686552        3.0523119981        3.1094779192
        0.0406922261        0.5223956656        4.4116397138        4.4448394614
       -0.1307894481        0.4890974548        1.1835157816        1.2948017571
        0.3961097598        0.8149989760        3.0382713419        3.1735939886
        0.3131603930        0.1768889284        0.2312956963        0.4498184175
        0.4314341067        2.6092970282        0.8175561721        2.7717222533
        0.1892143002        0.1154200194       -1.3828585525        1.4849453082
        0.5373535943       -0.2632992113       -0.9903245722        1.1654603825
        1.3763600353       -0.4393570697       -6.8304334233        6.9829579776
       -0.0552373007        1.3709607518      -34.8158009914       34.8431063914
        0.6058275550        0.4946055602      -41.0604216107       41.0708354614
       -0.2122273611       -0.1062320645       -6.9374383894        6.9428997469
        0.3617865305       -0.6599824011      -40.9601941096       40.9673461130
        0.9598910746       -2.5741971010     -318.3224676384      318.3343537301
       -0.0230141973        0.2274700322       -7.8898374915        7.8943833005
        1.1450202499       -0.7046913897      -10.5452477941       10.6315282134
       -0.5845492300       -1.1593100329       -4.8022826104        4.9766550623
       -0.7982147427       -0.9498573913       -1.3078038781        1.8080947452
       -1.5281154609       -1.1112447236       -1.0981040906        2.1898205580
        0.2845077721       -4.0754340699        0.9906684687        4.3071895870
       -0.1229462510       -0.7437359586        0.2077636649        1.2223814798
        0.5708703517       -4.7840831020        1.9461654946        5.1981135043
        0.3281226115       -2.5683164018        2.1256816637        3.3861596364
        0.2639066102       -0.5489951251        0.8672232549        1.0689239005
       -0.7901122184       -4.3418133652       58.1412124158       58.3160059708
       -0.3613514502       -0.9467561901        5.6253823705        5.7372022737
       -0.3357795414       -0.3027625498        1.7406224424        1.8037902688
       -0.2788678194       -0.8895046182        8.6745198419        8.7747724077
        0.3130434610        0.0220622536        3.5325897583        3.5492468408
        0.5102486650       -0.4087505750       31.6360033975       31.6430659305
       -0.1062071437       -0.0352245050        3.0106204019        3.0159303229
        0.4226198436       -0.5748029685       22.3193286497       22.3361831636
        0.1611285570       -0.7401569218       47.9569194652       47.9631045602
       -0.0844665000       -0.8003737003       69.9990893144       70.0038550172
        0.2799950656       -0.1866546414       31.2301426403       31.2322673898
       -0.8785918805       -0.2411001758       95.1746699355       95.1803104181
       -0.8253180077        1.8357833842      188.3218134667      188.3326210661
       -1.0866944433        1.3553092817       59.4513524177       59.4841274875
        0.0033186218        0.1578039487       42.1927263855       42.1959087341
       -0.2180012910        1.0131465322       26.5318891295       26.5687395829
       -0.8545230279        0.8298786550       31.6905399672       31.7268344368
        0.1691438036        0.6746970991       13.2784242849       13.2973627865
       -0.3991764162        0.2469850795        6.7359090045        6.7536873886
       -0.8057037059        0.1420971653       36.7321128687       36.7445384625
        0.4527044599        0.0540604095       29.1384653662       29.1423661966
       -0.4654743087       -0.3700330297      158.5791666706      158.5803429574
       -0.6032153797        0.0476908049       -0.8547874639        1.1577762200
        0.1376956993        0.0484895653       -4.1387979200        4.1437228855
        1.2191244232        0.0372343731      -33.4872935273       33.5097889926
       -0.0557943302       -0.2088428079      -65.6564825796       65.6586938189
       -0.4343748287        0.1789533953      -50.5694809247       50.5718556767
        0.2081653513       -0.1966418505     -993.2820085638      993.2820596473
        0.6791488569       -0.0260946709      199.5421813494      199.5433876168
        0.4894461239        1.1111080748      210.9320433997      210.9355838431
        0.1248983813       -0.5951701598      190.5004882305      190.5015100280
        0.0963628513       -0.0561653782        0.3325634927        0.3775163711
        1.3854305072       -1.0163188027        0.0214817320        1.7240251879
        2.4101917698        0.9232770246        0.3392719202        2.6069234841
        1.5177323883        0.9492363972        0.2806007582        2.0405020751
        3.0057637460        0.2001258714       -0.0475472936        3.1559021834
        0.5933255385        0.7539222945       -0.8652730494        1.2994657578
       -0.1785640326        3.8793711334      -10.5509293487       11.2437980865
        0.6061114832        1.8387652267       -8.8495208894        9.0722703675
        0.0616565483       -0.0593230757       -0.4065215113        0.4382468269
       -1.7146443956        0.7641220722       -5.5541704139        5.8644843521
       -0.5981952520       -0.1523499625       -1.5295099906        1.6552729886
       -0.7486069235       -1.0278697534       -5.9052309391        6.0421983404
        4.6604767194       -0.2695887995        7.7166260547        9.0676254238
        3.8130719964       -0.0143541168        7.8357522472        8.7647891677
        0.6369788218        0.4010742716        0.3554679782        0.9677815013
       -0.1250810329        0.0396357495        2.6557032857        2.6626032345
       -1.3872210615       -0.7358217873       11.8073755147       11.9215591884
       -0.3049893062       -0.4985503110        0.4368928687        0.8809581308
       -0.3048491138        0.1016842079       -1.7093988092        1.7449345931
       -0.1148553808       -0.1942349656        0.3587626794        0.4462167920
       -0.5875345537        0.3602557446       -1.1403883672        1.6304166542
        0.2840629560       -0.0937532932       -1.2015925846        1.2461083288
       -0.7182515968        0.5193703005       -0.7891067647        1.5128353990
        0.5293356991       -0.4132753805        0.6351214755        0.9348004578
        1.6931214908        0.1707570366        6.3842487823        6.6255635098
        0.5557168608        0.5418219533       15.7157744281       15.7426681059
       -0.0271938931       -0.1660269976        5.4775721274        5.4819322020
       -0.2783625459       -0.4052344793       90.6616181913       90.6630585935
       -0.0324389711       -0.1234936776        0.1892238137        0.2675601088
        0.6558892913       -0.3719114707        0.4670597244        0.8978493612
        0.2823059280       -0.6460739276       -0.1169176890        0.7281879481
        0.3629447330       -0.3013250591        0.0913475437        0.5003497068
        0.4142152241       -0.9213807786        0.4323117730        1.1076506873
       -0.6188912069        0.4698516789       -0.2460831668        0.9549970053
        1.1098732299       -0.1943962813       -0.8705578850        1.5070237197
        1.2825603829       -1.1734082818       -1.4261962897        2.4364389139
        0.0761833962       -0.0554465376       -0.1484040677        0.2244588617
        1.3322637915       -0.2104526261       -0.3297381152        1.3955013893
        0.3257364510        0.4660597591       -0.3917108758        0.7044381660
        0.1509158408        0.3020565888       -0.0994750787        0.3786672022
        0.6453347150        0.2919004179        0.1340797809        0.7342478607
        0.2460090813        0.1976210921       -0.1394004031        0.3721381751
        0.3589570040       -0.1301321542       -0.0311126321        0.4077159417
       -1.2849761476        2.0117430506        0.7903117565        2.5145310645
       -0.0596108486        0.0508464462        0.0176698582        0.0803183557
       -0.5067660977        0.1215605662       -0.0639340404        0.5432827951
        0.0560705765        0.0781654887       -0.0962129070        0.1949114197
       -0.0988898679        0.0101555130       -0.0963028242        0.1965613372
       -0.4499903637        0.9374519371        1.8646438016        2.1913112350
       -0.7677207046        1.2283707305        2.1947085480        2.6755702761
       -0.5531818791        0.1332372622        3.7764881589        3.8508786184
        0.0830114301        0.2054371616        0.5067418271        0.5704054603
       -0.0743332004        0.1997819738        0.9239407962        0.9482113987
        0.0284660327       -0.0041780953        0.1133928495        0.1169859385
       -0.1363489364        0.4617773292        1.1041584708        1.2126314558
       -0.8096215525        0.8066397367        6.2260186252        6.3315829324
       -0.9020918410        1.7247474117       12.7512987728       12.8989977795
       -1.1303271140        1.9972925081       14.2260003222       14.4099237303
        0.4229076444        1.3356954170        8.8124671720        8.9242361334
       -0.7684144011        2.0199553729       15.0526559708       15.2076497843
       -1.9900113022        2.9032590379       24.3540652889       24.6074995460
        0.2411714128        0.0719512858        0.5747260395        0.6427522410
        0.2049949673        0.5848641026        4.8599421736        4.9012862262
       -0.1150569075       -0.1873436751        1.5123598364        1.5346165007
       -0.5999387514        0.9251554308        3.6232962341        3.7899333057
        0.0159049662        0.1429497134        0.2501905991        0.3205662322
        0.0476854663        1.1729278666        1.4276329900        1.8535504911
       -0.5232382046        0.8936866187        0.2551472397        1.0756550981
        0.2737607718        0.0630147453        0.2280804534        0.3878353986
       -0.3970497771       -0.0238251773       -0.0304034368        0.4226349707
       -0.6350194331       -0.0870163671        0.0438536826        0.6574377985
        0.1603698268       -0.5017074914       -2.6229364856        2.6789371924
        0.4841106239       -0.0199257462       -0.8511231839        0.9892677042
        0.0909398799        0.2388584426       -3.4478145096        3.4600907640
        0.3677338038       -0.1783806927       -1.2778866367        1.3488965354
        0.2961644713        0.1727586629       -0.8536931549        0.9305002618
        0.1623190274        0.4638088130       -5.3246159713        5.3490635730
        0.6795895426        0.3355411510       -9.8595537268        9.8896263472
        0.3744698689       -0.1190406317       -4.1990883349        4.2197418148
        0.2903918701        0.2197428854       -3.6163973698        3.6373649934
        0.2078005659        0.0938737405       -2.3909215138        2.4058218605
        0.3921713587        1.0747748901      -45.0981883166       45.1129139900
        0.1284130356        0.6564781418      -16.7617340798       16.7756568458
        0.1561283978        0.6847907111      -56.1458877560       56.1504541931
       -0.6038197505        1.7179054939      -75.4835189854       75.5056085055
       -0.3673516491        0.0314030679      -21.6440741659       21.6476640696
        0.5466188031        1.7601980223     -102.3446286571      102.3613187876
       -0.4016360919        0.5201911104      -40.9716438283       40.9771520254
       -1.4283250163        0.9664904301     -100.0904277663      100.1053816053
       -0.4008874711        0.3103086967      -64.0185195224       64.0206788770
        0.0693850804       -0.3373606009      -20.8221743741       20.8254904364
        0.2387531220        0.1211981849      -22.8378243111       22.8398202948
       -0.3335624164        0.0605181228     -101.1437598149      101.1443279468
        0.1128343280       -0.0566449247       -7.7211453439        7.7221775202
       -0.2306975040       -0.0458145220      -21.7229442894       21.7242175673
       -0.9170148900       -0.0159131494     -106.4938976286      106.4978469344
       -0.0302949206       -0.8950957946     -110.8631995490      110.8707983208
        0.0144012730        0.1186675035      -10.6588188332       10.6604028103
       -0.2183201054       -1.0190593486     -126.6501066422      126.6544714485
        0.7825496378       -1.3947630847      -44.8377630951       44.8760860366
        0.3418101705       -0.7575436206      -19.7113377313       19.7293441724
       -0.2162733457       -0.2734626966      -13.5137007307       13.5189179756
        0.7067371237       -0.0943225980       -9.5731744754        9.6007043198
       -0.4061975615       -1.3899879529       -7.1256717867        7.2726708413
       -0.5463610291       -1.6508739836       -4.2238889545        4.6632053115
       -0.1376607694       -0.6965133014       -2.1960768798        2.3122099198
       -0.2105902538       -1.6109399605       -4.8627876581        5.2121521670
       -0.5955533273       -0.4721225952       -1.3590147050        1.6334458788
       -0.0071415385        0.0055868116       -0.1936725743        0.2388955106
       -0.5019496987       -1.0297425497       -0.2889192628        1.1896542960
        0.0460095520       -0.1078999739       -0.0050222215        0.1174074357
       -0.4913169685       -1.3550841040       -0.2299379378        1.7351851026
        0.2567631651       -4.0128379107        0.8689215607        4.1433634959
        0.2238632489       -1.5592800693        0.7678436992        1.7579911319
       -0.2729778557       -0.9644179281        0.5404994253        1.2427525528
       -0.2121110141       -2.9145155482        2.6240965805        3.9275023650
        0.0021968218       -0.0721745116        0.0403380098        0.0827111914
        0.0744356348       -0.5812841097        3.5137463101        3.6837746408
       -0.4060110285       -0.2594774203        8.4666023328        8.4814508389
       -0.2715708088       -0.8125214249       13.1241442297       13.1520760161
       -0.2819483810       -0.7205964659        6.1179308585        6.1666710748
        0.2885215796        0.0773088181        4.0425456199        4.0559679768
       -0.2647391669       -0.3916620988        0.7891469700        0.9199124775
       -0.0279634846       -0.1445524887        0.1658881913        0.2218023230
        0.3481329419        0.1423907985        0.4393989947        0.5949982741
        0.3611466246       -0.0833458055        0.1586086804        0.4266261902
        0.2885324459       -1.1518389612        2.8461482455        3.0870736281
        0.6992993298       -1.9555076610       14.0163010431       14.2004407143
        0.2193484340       -1.0188419049        5.6553531074        5.7522735607
        0.9342999733       -0.8756580865        9.0179634878        9.1094916860
       -0.0631669621       -0.2239317009        1.5353688155        1.5591576752
        0.1052350339       -0.4752971644        3.8492134774        3.8823840596
        0.2296763539       -1.3626880569       13.6555704028       13.7341877792
        0.1274827454       -0.8332496406       13.8467140036       13.8730503242
        0.5018691759       -0.8003767273       13.5991424649       13.6326311159
        0.1144195101        0.0301427092        7.4252346138        7.4261773126
        0.2460435854       -0.0305375262        7.8964214590        7.9003127688
        0.8346279889       -1.2373149544       71.8086931138       71.8243373702
       -0.0090774429       -0.2817098048       15.8847554551       15.8878689090
        1.4828540590       -0.7234113017       88.6219486249       88.6373056797
        0.7966386474       -0.3142277027       49.9480328092       49.9553736218
       -0.0982616750       -0.4887953005       66.4206529809       66.4226708165
       -0.3054879785       -0.9838652654      116.8255278920      116.8301534741
       -0.3062686824       -0.5844183168       94.6732684829       94.6756705300
       -0.1975025913       -0.2241121633       23.4087251399       23.4110470932
       -0.3432905393       -0.1607254405       40.3484918172       40.3502722789
       -0.9023065959       -0.3761537166      129.2932328650      129.2969284766
       -0.5050279750        1.6210105130      179.1338872226      179.1426133581
       -0.1359739440        1.2140289735      171.3304855221      171.3348975086
        0.0105227180        0.1996838333       19.2293997834       19.2309458991
       -0.2100243361        0.3997744424       28.8872650420       28.8911317054
       -0.7516100998        1.4332432798       66.0966092252       66.1230946561
       -0.0540668207        0.0782377720        2.7185197473        2.7237609608
       -0.4333798339        0.5708056775       11.8594876773       11.8819428106
       -0.2639121743        0.0598444744        9.8866977858        9.8913853372
       -0.1424435195        0.6574744268       13.4172466290       13.4348260006
       -0.0399104877       -0.0972069299        4.6432016930        4.6464872518
       -0.2333563972        0.0970793813       16.0410412455       16.0430322525
        0.0095338542        0.0143810379        3.8475208807        3.8475595688
        0.0379469476        0.0674477339       26.4908008282       26.4912815370
       -0.0501201895        0.0256821625       27.2201157620       27.2205318370
       -0.4839449217       -0.5765337316       -3.8940383378        4.0755955393
       -0.0121648131        0.3792119954       -8.5487217875        8.6084228819
       -0.0103142938        0.0452119382       -0.2181252224        0.2630758475
       -0.4285214748        0.1969857054       -4.5769249535        4.6032766414
       -0.2809502787        0.0551183648      -57.1134691301       57.1163549484
        0.1366553223       -0.4681894361     -137.2220545023      137.2229922339
        0.8078505787       -0.2559014159     -872.6256115072      872.6261648850
        0.6481267325        0.3750984517      399.6070713466      399.6077973677
        0.1537910151       -0.2195283510       91.2708048054       91.2713050963
        0.2634634700        0.0761130734       81.8876571881       81.8882353317
       -0.1537706861       -0.1911177334       65.4168553974       65.4174641917
        0.6831238335       -0.0255814627       71.1623188972       71.1657391109
       -0.5353699853       -0.1201214470        8.2449206711        8.2643358378
        0.3205304382        0.3533131493       20.3091368098       20.3207344568
        0.1305815391       -0.3403269519        3.2017739210        3.2254782589
        0.0362630760        0.4716264370        5.8018316749        5.8227551104
       -0.3631101113        1.4578660599        5.8084276731        6.0198584198
        0.0727425024        0.3531014927        1.2970784098        1.3534638236
       -0.1022020637        0.0609061019        0.2735177439        0.3293122472
       -0.6427649438        1.6161018281        5.2148409879        5.4989979274
       -0.1874327914        0.3564204436        0.4035385430        0.5869324701
        0.1145597227        0.3936511540        0.2564055151        0.4835586306
        0.2216921897        0.4462856381        0.4627441459        0.6800370889
        1.1301135256        0.3913017677       -0.1097760644        1.2009681255
        0.1565348550        0.0610960142       -0.0562238126        0.2255588300
        0.2579483675        0.0087682335        0.0835699931        0.3050868251
        2.0540430921        1.2889231780        0.0534035734        2.4752593570
        0.1632958580        0.1456957257       -0.1302773802        0.2904216976
        0.1400699320        0.5348783213       -0.2175990078        0.7750736491
        0.2752711154        0.1365362465       -0.0055662456        0.3073228216
       -0.1060451499        0.1283734941       -0.4259768202        0.4573637274
        0.5895064683        0.6755259989       -0.4426603981        1.0095946040
        0.0173896466        0.0134031815       -0.0331154112        0.0397325501
       -0.0317619561        0.2124232885        0.0724290097        0.2266681204
        0.1396705460        0.1014680223       -0.2837439244        0.3602693721
       -0.3158969048        0.2840382321       -0.3832211584        0.5889030591
        0.3841276969        3.8666597619      -11.4818449496       12.1223287793
       -0.0269810129        0.0003468368       -0.2451274067        0.2833642987
       -0.1770551235        0.4267181322       -3.0872514228        3.1247460718
        0.4896036895        1.2346651037       -7.6357059454        7.7663241244
        0.0769961709        0.0845862309       -0.4122217558        0.4499886684
       -0.0442968507        0.1444865968       -0.9408068098        0.9528672735
        0.0728675073        0.0862020031       -0.4746457824        0.4878822375
        0.2089937342        0.0978956457       -1.3119940962        1.3394290693
       -0.1505285784        0.0749948485       -1.8862781016        1.8988965063
       -0.0903271561        0.3685857431       -3.6185882003        3.6411090060
       -0.5260475867        0.8259826014       -4.6177131479        4.7224705211
       -0.6237074887        1.5502679469      -12.7283448947       12.8383248628
       -0.5139141084        0.2036540234       -2.9811196027        3.0351501680
       -0.4439675091        0.0948293500       -4.5203962291        4.5452790462
       -0.6317002467        0.3064387443       -5.2384543529        5.2871385170
       -0.3350541417        0.1188127311       -1.7852125407        1.8202641453
       -0.3300862727        0.1778590951       -1.3344990417        1.3861740502
       -0.1250044375        0.0305479458       -0.2121151691        0.2480970201
       -0.8369389749        0.2221000632       -2.2316099660        2.3937164256
        0.0053605387        0.4893388239       -0.9222271033        1.0440230122
       -0.1281521648        0.4787695673       -0.8961391865        1.0240648014
       -0.2158114142       -0.1876584345       -2.6157754062        2.6350618618
       -0.1899556839       -0.3516808634       -0.9486484804        1.0388341137
       -0.3174671321       -0.0834104829       -2.4576361449        2.4833843630
        0.3793779197        0.0843784875       -4.8799385406        4.8973796341
        0.4892876920       -0.2328100683        0.4159633146        0.8427748291
        0.1184873652       -0.0134489449        0.7253200444        0.7481905382
       -2.0327532138        0.1712431992       -0.4374528443        2.0909936961
       -2.1738159890        0.1698714045        0.7762782035        2.3187108233
        0.1167990057       -0.9957088045        8.8765223846        8.9340476527
       -0.0537935767       -0.1727249732       10.0382231315       10.0408232276
       -0.0827217455        0.1903235475       22.2438918632       22.2448598818
        0.0130434771        0.2338168233       37.4354436494       37.4361761090
       -0.2001691443        0.1991770372       -4.2289920712        4.2384092672
        0.0266099292        0.0440274160       -0.0185650848        0.0546915356
       -0.3668666784       -0.4541151372       -0.9695889196        1.2363615246
        0.2204824239        0.5703970167       -0.3481714714        0.8595519702
       -0.2125072382        0.6430970251       -0.5738506615        0.8986197619
        0.3692374603       -0.3483261226        0.2146049118        0.5685089646
        0.0197960083        0.0147248006        0.8826256855        0.8939332119
        0.0183935515       -0.0726417348        1.6961961073        1.6978505173
        0.1195398745       -0.1895259144        1.9433599688        1.9562356254
        0.2069807889       -0.0924820048        1.5845747628        1.6067827893
        0.0659872096        0.0081910092       20.0122295193       20.0128266750
        0.0064046702        0.2864437980       12.0165675387       12.0207930798
        0.4999883812       -0.3715683192        3.7551698931        3.8090460890
       -0.0240413001        0.0169613871        4.5298614134        4.5321065612
       -2.6958944114       -0.3356741751       12.3334724408       12.6299068113
       -0.0522427079        0.1197939055        3.4930197381        3.5301427352
       -0.1050906904        0.1155734522        7.1577792154        7.1608438300
       -0.1399524993       -0.0223933056        0.7072787772        0.7213400244
       -0.4159818937        0.1162629302        3.0334354767        3.0640314613
        0.0376784399       -0.0576603452        1.3494821294        1.3584278349
       -0.0650034521       -0.0268572046        4.1179831541        4.1209479250
       -0.4795846011        0.4494166019        7.7524482919        7.7815108414
        0.1134009884       -0.4740524616       31.6931689137       31.7108008714
       -0.0032029529       -0.1570239013        3.9572576081        3.9628316046
        1.3310997664       -0.4000437662      111.7794560283      111.7881842207
       -0.3646638904        0.0609580335       11.6047166251       11.6114436384
       -0.3406629744        0.7389626393       -2.7632243408        2.9225274613
       -0.9277939672        1.2029508183       -3.4952082948        3.8136404033
        0.0877453591       -0.1708298444       -0.6803313490        0.7205640937
        0.1457813310       -0.0801160196       -0.4178761588        0.4709257288
        0.4576895847        0.8232821554       -1.9279209149        2.1502632635
       -0.0227885824        0.1021815144       -0.0489764398        0.1812149495
        0.1203765371       -0.0520754492       -0.0300914860        0.1345654510
        0.0402428016        0.0655380634       -0.0423830186        0.0878125339
        0.5705338868        0.5386697646        1.8271869983        1.9934307470
        0.1362391509        0.2527814413        0.7563238743        0.8209538056
        0.2309652526        0.1931436968        1.0178152742        1.0705499300
       -0.2713061424        0.0206754862       -0.1908888927        0.3604897404
       -0.0178350409        0.1896796921        0.0594650668        0.2435412765
        0.3790672742        0.0745081248     -115.8995858762      115.9003137594
        0.1841867142       -0.3249363549     -209.6915944564      209.6919735561
       -0.2424823760       -0.1960191345        2.7957612438        2.8165549739
       -0.0437258636       -0.4231639719        7.3738393676        7.3861009144
       -0.1539523029        0.0066136693        2.1104365579        2.1206525651
       -0.1628934233        0.3260978309        4.4966921033        4.5136009703
        0.0794038921        0.0444925163       13.9901514969       13.9904475793
        0.0598066782        0.0528631041        2.9027329570        2.9038302233
       -0.3000503763       -0.5669991469      462.8063138813      462.8067795165
        0.5302318813        0.5478367002       44.4424416830       44.4491999188
        0.0126434557       -0.0370220239      225.9061680975      225.9061714849
        0.0641302691       -0.0077520807       46.9042702315       46.9043147135
       -0.0352690999        0.0114496145       -0.0129410260        0.0392743331
        0.0430277987        0.0475461110        0.1456828330        0.1591713290
        0.0410759169       -0.3105765127       -0.0274709747        0.3144831564
       -0.0510947638       -0.3412513913        0.0738006947        0.3528593622
       -0.0299007279       -0.1684166344       -0.0278719825        0.1733062714
        0.0084231178        0.0148798494       -0.0394499332        0.0429960006
        0.1104149339        0.1689554068       -0.1231719687        0.2364502506
        0.1693845310        0.1094901539       -0.0118607737        0.2020393305
        0.0091548116       -0.0121326542        0.3609821875        0.3613020226
        0.1071929065        0.0350414772        0.2262114976        0.2527644476
        0.0780020654        0.1066172112       -0.0005155673        0.1321053282
        0.2932184182        0.4339478673       -0.2789953400        0.5934022178
       -0.0459274899        0.7277109155        0.0647073045        0.7320242798
        0.0142083564        0.0043210991        0.0071454371        0.0164804902
       -0.0635473931        0.1075133355        0.0168481024        0.1260208198
       -0.1222935661        0.1089151308        0.1923051138        0.2525855872
       -0.0707574025        0.0617648063        1.0566735521        1.1717746908
       -0.0072936991        0.0121791473        0.0158375066        0.0212686692
       -0.2106082239        0.9493502897        3.5812070521        3.7108847660
       -0.2864076964        0.4469988332        0.6741887558        0.8581187586
       -0.0679686066        0.2893537627        0.3587745838        0.4659018496
        0.0725938306       -0.0530912100        0.0907289589        0.1277508700
        0.0397779888       -0.0008609237        0.3167075690        0.3191969828
        0.0417269474       -0.1181284095        0.2726650049        0.3000694322
       -0.0635871540       -0.0152930275        0.1230880314        0.1393838812
        0.7155516169        0.3364894229       -0.2427167882        0.9653114090
       -0.0147205579        0.0916236010        0.0309350679        0.0978190038
       -0.1209139311        0.0043785121        0.0270411994        0.1239781293
        0.2183802351        0.1423271812       -2.3626321192        2.3769681285
        0.0623049437        0.0512841579       -0.2946563788        0.3055067142
       -0.0216944051        0.0058658026       -0.2411685122        0.2422133484
        0.1397239041        0.3270009743       -3.6813768628        3.6985115942
        0.0398919906       -0.0676980849       -1.4554607159        1.4575802884
        0.0131150564       -0.0063059802       -0.0119381960        0.0188226091
        0.6964943827        0.3972717349      -11.0337059061       11.0628023248
        1.2077444313        0.5767944317      -16.5264913579       16.5805987537
        0.0048631314        0.1470714796       -2.6089719256        2.6131184777
        0.0048436624        0.0105113506       -0.0144486245        0.0185124905
        0.0443181979       -0.1392085276       -5.1781154228        5.1801759090
        0.1030358049       -0.0200993630       -5.4569234565        5.4579331227
       -0.0641700680        0.3696995333      -18.9197586794       18.9234791735
        0.0561823124        0.5077450135      -22.6970769541       22.7028250161
        0.0638952655        0.0831823676       -5.4764361870        5.4774405721
        0.2807247114        0.1496971354       -9.1401370583        9.1456722574
        0.0069904260        0.1617914761      -19.2733970534       19.2740773924
       -0.0257611499       -0.0197607755       -5.8917624339        5.8918518908
       -0.1998679440        0.1248479369       -5.6328940074        5.6378213080
        0.0218720289        0.0050429856       -0.4516959737        0.4522533250
       -0.0030487723       -0.0291842294       -1.5528253537        1.5531025702
        0.3551948015       -0.1124126816      -25.6061082456       25.6088183921
       -0.2507738737       -0.2217617319      -22.1680402277       22.1705677270
       -0.1322864325       -0.0227834230       -6.4198029577        6.4212061796
        0.1422374310       -0.0045756716      -12.0295339311       12.0303756809
       -0.0264574421       -0.0270785244       -3.8126770947        3.8128650476
       -0.0223797008        0.0046338877       -1.6366911489        1.6368507081
        0.1137930690       -0.0961590518       -3.2419337063        3.2453550780
        0.0218643747        0.0166770918       -0.2717916686        0.2731792222
       -0.0680920569       -0.0085137545       -5.3026657649        5.3031097694
       -0.5570928282       -1.9193483208      -39.5914156706       39.6418269659
       -0.0689043485       -0.1985703209       -5.0940948284        5.0984291799
       -0.0647747669        0.0079157367       -0.7433110787        0.7461700805
       -0.0715254054       -0.1753011998       -2.1493447747        2.1576675729
        0.0451918013       -0.2040777606       -1.6136546916        1.6271359793
       -0.0148099981       -0.2968467294       -3.0634729453        3.0778570571
       -0.0133570709       -0.2298167367       -2.4481770275        2.4589764460
        0.0383650776       -0.0401127764       -0.0442427509        0.0709812300
        0.1024780927       -0.4786105232       -0.8628891573        0.9920420809
       -0.1648524798       -0.1752706421       -0.2802593139        0.3693797790
        0.0022734902       -0.1335489962       -0.1525547246        0.2027645115
        0.0137784528       -0.0351873966       -0.0669795510        0.0769042189
       -0.2544951860       -0.1730775943       -0.6137761894        0.6866184268
       -0.1582928326       -0.1665483173       -0.2761749846        0.3592597737
       -0.4001023189       -0.2404975154       -0.8193051038        0.9429643544
       -0.0797778056       -0.1039510867       -0.1232290155        0.1798769495
       -0.0892887239       -0.5648100546       -0.5542782531        0.7963713053
       -0.2735323111       -0.9743001122       -0.0970202956        1.3842995906
        0.0274963650       -0.0083201427       -0.0422348791        0.0510789573
        0.0913479507       -0.1837828200        0.0545437759        0.2123572380
       -0.1897079548       -0.7060215064       -0.0471125411        0.7457579045
        0.2152110378       -0.5455475115       -0.0443166769        0.6044680561
        0.3004054861       -0.2287695427        0.8406293847        0.9215404072
        0.0907733816       -0.0469541612        0.4525849267        0.4639801892
        0.3205740250       -0.4454032843        2.4205236297        2.4819521416
        0.0536901280       -0.2182569334        0.9365283332        0.9631220264
       -0.0326764637       -0.1332622816        0.1386249941        0.1950473685
       -0.1265169392       -0.1272632717        0.0411717315        0.1841129753
        0.1750321942       -0.3421066470        0.6402555077        0.7467264172
        0.0652085448       -0.2211881108        0.6062884417        0.6486617063
        0.1619817905       -0.2223349222        0.1835658956        0.3307073572
        0.0533154580       -0.0357777960        0.1439387808        0.1576101563
       -0.0361118490       -0.2725560323        1.3479524123        1.3757058415
        0.0305328431       -0.1776525995        0.5152114910        0.5458347562
       -0.0283547818       -0.0708514019        0.6607187947        0.6651114496
        0.0501324225       -0.5084320637        2.7020959935        2.7499707601
        0.1686747092       -0.3881698555        2.9862077184        3.0160509829
        0.0547001895       -0.1414861819        1.8153153353        1.8216421759
       -0.0400629577       -0.0994176156        0.7459445812        0.7536061445
        0.1064544917       -0.1718027982        1.6450575042        1.6574266054
        0.3489250190       -0.4240337267        2.8799432664        2.9318298873
        0.0199285319        0.0085388858        0.1539804409        0.1554993091
        0.0949206435       -0.0851099546        1.1426971444        1.1497871094
        0.3267943717       -0.6345404938        4.9126404347        4.9642191974
        0.0359158538       -0.1091534829        0.4263846000        0.4415973941
        0.0602000715       -0.0484872238        1.0024723323        1.0054480775
       -0.0358555402       -0.3430128984        2.5288437507        2.5560661119
       -0.1042495275       -0.3913916543        4.0181531575        4.0409268705
        0.1068222483       -0.1963447473        1.9733376172        1.9859565967
        0.1061878674       -0.5189647319        6.0574295668        6.0805471146
        0.0584454934       -0.2167519709        1.4639302748        1.4810432614
        0.0397457501        0.0056858170        0.1559626540        0.1610478271
        0.0887948241       -0.1797582290        1.2146207960        1.2310569523
        0.0381577335       -0.1175526261        1.7124299072        1.7168840438
       -0.0394215554       -0.1961064731        3.6788253233        3.6842594327
       -0.0323633553        0.0105569945        1.2039938867        1.2044750375
       -0.0056330755        0.0107802680        0.3793597325        0.3795546764
        0.1661883382       -0.2502560950       24.5040273785       24.5058687755
        0.0020248297       -0.0246762638        7.2940063207        7.2940483426
       -0.4949802197       -0.4968730753      115.6812104128      115.6833364441
       -0.1517123985       -0.0765259203       14.6854022933       14.6863853069
       -0.4085702212       -0.0466501291       24.5929229375       24.5963607973
       -0.0236250300       -0.6296408608       90.3579805643       90.3601773870
       -0.0328335437       -0.0378281239       10.3624447189       10.3625657808
       -0.4285125145        0.2041090402       23.8434866728       23.8482104191
       -0.1295824736        0.0448310544        4.1287597958        4.1310360556
       -0.3048289086        0.2695599688        4.5325111368        4.5507406480
       -0.0380393029        0.0309049920        1.3747829077        1.3756562617
       -1.1530746745        2.4432594919       33.5661477469       33.6746992966
       -0.0418509221        0.1402744640        1.5605238928        1.5673746345
        0.9319270128        0.4185160559       24.5528547822       24.5791374346
        0.0541150881       -0.0537414931       23.9639271477       23.9644549430
        0.0128697988       -0.0142750135       62.8187487194       62.8189067070
       -0.0099026792       -0.2893591370       -2.0387919177        2.0592472549
       -0.0292765211       -0.0094547789       -0.0926882883        0.0976607717
       -0.4717076836       -0.3871218715       -4.1075578106        4.1526380349
       -0.1979636373       -0.1404186134       -1.1543074901        1.1795476974
       -0.0424340124        0.0276021910       -2.6954601924        2.6959354916
        0.0820625198        0.1961920219      -14.2042628561       14.2058547385
       -0.2554684937       -0.5215845499    -1474.7491923861     1474.7496052241
       -0.0527616706       -0.1206883335     -143.0663946617      143.0665233755
       -0.0486125019       -0.1144973251      -46.7013519215       46.7015175782
        0.0066804489        0.0353737478      -18.9348702051       18.9349044258
        0.4764103967       -0.2827233876      223.3880356086      223.3887225274
        0.1488042235       -0.1561246813       65.8392538844       65.8396071500
        0.1182883072        0.0306830894       20.9477021341       20.9480585800
        0.2705629608        0.2655059903       92.6012693764       92.6020452682
       -0.0024389053        0.0023115944        1.8126195423        1.8126226571
       -0.1455463519       -0.0598398805        2.4058963317        2.4110374760
        0.0065073572       -0.1499957299        3.8737978583        3.8767061936
       -0.0834997157       -0.0329626172        2.1599761388        2.1618408028
        0.2571762022        0.3391337499        3.2855635730        3.3130166452
        0.0289739087        0.0874346791        0.3906741700        0.4013858712
       -0.0098251546        0.0158261728        0.0374138089        0.0417946708
        0.3055300915        0.0324573147        1.1150063199        1.1565643983
       -0.1328699969        0.3510910313        1.1855366882        1.2435499939
       -0.4937537193        0.8471972857        2.6473604748        2.8231283109
        0.1001329402        0.5346266262        3.0590212211        3.1466074580
       -0.0226299442        0.0918735898        0.0523828727        0.1081519127
       -0.1717874629        0.1902404383        0.4012293564        0.4761169533
       -0.8998720258        2.2145894839        6.3485798203        6.7837041489
       -0.0464631929        0.1989558520        0.4802603103        0.5219120855
        0.2749691420        0.5339811229        0.1585381961        0.7959608390
       -0.1074928462        0.0404543932        0.7245283591        0.7467344896
        0.0141630854       -0.0020630561        0.0028118932        0.1403301138
       -0.0026769533        0.1321971743        0.0929609085        0.1616322663
        0.1506160216        0.1525633848        0.2043588468        0.2961812124
        0.2660115501        0.0998275580        0.0754892766        0.2939835319
        1.0476537901        0.6083537784        0.5250465383        1.3203585312
       -0.0271992603        0.0035814279        0.1108615916        0.1142055991
        0.0520146090       -0.0556559406        0.0117982921        0.0770863345
       -0.0712853921        0.0856259693       -0.3501696291        0.3674672541
        0.0365206544        0.1868392056       -0.4121923992        0.4540321805
        0.0236607955       -0.0135183770       -0.0692737435        0.0744407905
        0.0467822408        0.2398344443       -0.4426366381        0.5056049170
        0.0942835009        0.2027015139       -0.6749894962        0.7110471871
        0.0389647185       -0.0004097041       -0.3030225147        0.3055176943
        0.0379816047        1.1590465761       -5.4721416268        5.5936719203
       -0.0335576952        0.9000056478       -3.7891817031        3.8947444415
        0.6334387762        2.2058432540      -11.5059328645       11.7325819932
        0.0082232023        0.1014504973       -0.6228964660        0.6311575332
        0.1122858888       -0.0370378074       -0.5495924164        0.5621670073
       -0.1171999294        0.6602223310       -7.6070777867        7.6365739571
        0.0903662474       -0.0326440055       -0.5165701911        0.5254297785
       -0.0474201504        0.0045830361       -0.2075170400        0.2129154687
       -0.4389076705        0.1261756527       -3.8581973264        3.8851315097
       -0.6110385256        0.1678391373       -4.1598771413        4.2078635775
       -0.2982892854       -0.1489370859       -1.3813457867        1.4210119407
        0.0010978294       -0.0115840960       -0.1370158337        0.1375099825
        0.0016992017       -0.0116110064       -0.1204912792        0.1210624270
       -0.1199355347        0.0574111565       -0.8659589268        0.8761081190
       -0.4118649778       -0.0232659782       -2.0014647598        2.0435349888
       -0.2330709304        0.0614012275       -1.1132610719        1.1390532839
       -0.0908101414       -0.0292445780       -0.2576436096        0.2747402715
       -0.0324277701       -0.0105175697       -0.0934998601        0.0995221759
       -0.2427695492        0.0497244326        0.3144014628        0.4003221865
        0.0055964345       -0.0164338088        0.0000504608        0.0173606652
       -0.0268563056       -0.0024896143       -0.0080714205        0.0281532797
       -3.4779559411        0.2883172706        0.3707458454        3.5095237367
       -0.1882551727        0.0095859816        0.0285412766        0.1906475953
       -2.0935507925       -0.3434245554        0.2937700045        2.1417740688
        0.1089536465       -0.0632973382        5.7119140063        5.7133036910
        0.0195048651       -0.0625012907        0.8750565373        0.8775025895
       -0.0877098907        0.6365509111       13.6051014746       13.6202671127
       -0.0340757816        0.2335411246        3.5378016155        3.5456653658
        0.0151185533        0.0754911422        0.0428659370        0.0881190772
        0.2482350190        0.2320437855        0.4492986072        0.5633242241
       -0.0600381154       -0.1271824145        0.4001943268        0.4241879784
       -0.3701302441       -0.2921054155        1.0188975494        1.1227084160
       -0.0714655706       -0.0277465342        0.1874274259        0.2024999701
       -0.3968686947       -0.2260556631        2.2985036638        2.3434429833
       -0.1247447547        0.1137581923       15.9848723283       15.9857638395
       -0.1856209120        0.0689949251       10.0642165776       10.0661646492
       -0.0746323388       -0.0854442954        1.6092337959        1.6132278585
        0.0540533762       -0.0283048367        0.5770806608        0.5802973551
        0.4240169538       -0.0741605605       33.0381291606       33.0542526642
       -0.0130901655       -0.0497273903        2.9831442016        2.9868500596
        0.8778062516        0.4267136779       56.0479183612       56.0564160557
        0.0999974168        0.0286695598        8.7730476584        8.7736643794
       -0.0380549976        0.1263174607        3.2414069660        3.2440905356
       -0.0105742415        0.1935863559        2.1600541801        2.1687373175
       -0.0617033928        0.1687425802       -0.2832858968        0.3354582930
       -0.0859661101        0.0442131102       -0.0537730638        0.1106187759
        0.0305288689        0.0657699653        0.6740278529        0.6779168435
       -0.0486298561       -0.0401203002        0.8961058277        0.8983207422
        0.2048098191        0.0001771218        2.4113334484        2.4706581151
       -0.0601481317       -0.1383851380        1.8470150560        1.8531683305
        0.0374701615       -0.0511894066        0.3060251061        0.3125311727
       -0.0156455493       -0.0455418695        0.1814818973        0.1877618815
        0.1295642506       -0.1801301872        2.0815151083        2.0933081296
        0.0124336500       -0.0780573573        0.1487808172        0.1684733755
       -0.0257830236       -0.0754175904        0.7069454433        0.7114242314
        0.2231727422       -0.0896513144        0.6221490324        0.6670178780
       -0.2900473743       -0.2887328033        1.7857398491        1.8320373685
       -0.2996128698        0.0655168509      -43.4655345037       43.4666165008
       -0.0076282149       -0.0144071811       -0.5883630425        0.5885888432
       -0.1507689502       -0.0943319240      -91.8820967492       91.8822688706
       -0.4109033580       -0.1057383684     -321.2202304661      321.2205106821
       -0.1506463446       -0.0945602774       12.9935136696       13.0042573367
        0.0518072276        0.1641546591        4.4979566113        4.5012492064
        0.1281998230        0.0948047284        7.0436191604        7.0454236216
        0.0386727744       -0.0770954584        0.5618859101        0.5684672982
        0.0852085451        0.0259478193        0.2496798118        0.2650920480
       -0.0447778248        0.0408809283        8.1985415104        8.1987657121
       -0.2617417708       -0.0210087880       71.4264066901       71.4268893540
       -0.0440967663        0.0510618915        4.0625741250        4.0631343028
       -0.1759792036       -0.0186348819        4.8092237296        4.8124784489
       -0.2935339768        1.1295518313      -57.9962828251       58.0081921012
       -0.0048042377        0.3043856089      -27.9943980738       27.9964011434
       -0.6342500886       -0.7490375394       -2.0033160589        2.2308307068
       -0.0918637535       -0.1575376665       -0.2738002143        0.3289735900
       -0.2465763364       -0.2561183914       -0.3491972684        0.4983324717
       -0.2138375588       -0.3797191392       -0.5819634591        0.7270451114
       -0.0153741987       -0.0024665614       -0.0366645641        0.0398339073
       -0.1534015254       -0.2831168217       -0.0185878649        0.3225409609
       -0.0062844334       -0.2442857506        1.3987625112        1.4267905837
        0.0121008085       -0.1018599181        4.4363439271        4.4397239888
        0.0001004599       -0.6640592357        6.1517711005        6.1875085738
        0.0702281026       -0.2312743656        1.8961821651        1.9115246851
        0.7585033769       -2.6844315854       46.4798203306       46.5636626358
        0.0047703150       -0.4536939190        7.8412233981        7.8555792334
        0.0402534077       -0.1010765576       22.5785867401       22.5788488632
        0.0906030165       -0.1311042887       86.5898836048       86.5900302571
       -0.0228458932       -0.1534186792        4.6600587653        4.6647279349
        0.1552685719        0.1853318853        3.1444096657        3.1567781309
       -0.3048619978       -0.0312137272       -0.2550625378        0.4224355780
       -0.3401048984       -0.0341671359        0.1560005292        0.4008175209
        0.0495496837       -0.1962635410       -0.1887720819        0.2767841173
       -0.0344261859       -0.0869535986       -0.0079972294        0.0938618467
       -0.1238100056       -0.1046735295       -0.3219276816        0.3604481897
       -0.0946402370        0.0380391153       -0.2503315677        0.2703139703
        0.0512049334       -0.0715119554        4.2332280840        4.2341416977
        0.1147408840        0.0360392427       10.3395125169       10.3402119604
        0.5254736621       -0.5079743394       28.8434989189       28.8527570672
        0.0856608641       -0.1407082787        4.8497769885        4.8525738986
        0.1978936611       -0.2155586022        1.3267972449        1.3586825756
        0.0134819918       -0.0250703558        0.5046865809        0.5054887059
       -0.0856658426        0.0313991488        0.4403013203        0.4496551965
       -0.0165955913        0.0024815859       -0.0059229653        0.0177947587
       -0.0091146638       -0.0820906775        0.0818658427        0.1162926164
        0.0747558527       -0.0265975969        0.2696238744        0.2810567617
        0.0117707449       -0.0538957708        0.1976187354        0.2051742409
        0.3609465248       -0.3481708398        3.1865432988        3.2257655715
#SUBSTART
       -0.9219953260       -0.6184777951        2.0250440144        2.3615745562
       -1.5928064143       -0.1789516550        0.7747940783        1.8474314039
        0.2434908121       -0.8170838550       -3.5448752040        3.7647582401
       -0.3722855769       -0.6927694404       -4.0551118312        4.2361833998
        0.0090486656       -0.4664198948       -4.4413336630        4.4679473909
       -0.9829335162       -0.2410260712    -1359.0630828492     1359.0637844514
        0.1029844418        0.0021983449        2.6692304822        2.8312104457
       -0.0977988840       -0.1687521330        0.0739859514        0.2509892627
        0.6655171505        0.2500794724        1.9464853573        2.1302345003
        0.6706495521       -0.5361937677       -0.1044599803        1.2770975885
        0.4301649950        0.8667927292       -7.7937525596        7.9095981127
        0.9209777251        0.4106743160      -12.6403564395       12.7152764841
        0.2260509157       -0.2954459197      -11.8352173019       11.8781777426
       -0.1735185268       -0.0018355516        2.6875441514        2.7380004700
       -0.4251918769        0.0936972737        3.1259075863        3.1944493281
       -0.1496003428       -0.1001285764        4.9481139872        4.9513874848
       -0.1624776327        0.0266497530        3.4448153160        3.4487478528
        0.0499704995       -0.0127973548       62.3439660026       62.3439873424
       -0.1884490682        0.5439500130       78.3769256145       78.3790396946
       -0.4580837758        0.2238943081      112.8772352243      112.8784730632
       -0.2467906085        0.3367899647       59.0701135105       59.0717540201
        0.0067377496        0.0135271175        2.8103523392        2.8103929708
       -0.3528204179        0.7578871231      348.7006644447      348.7016665565
        0.0355881926        0.2339658221       -0.5744955569        0.6368135168
       -0.5837816351        0.2210520368       -0.4750781335        0.7967709948
       -1.1560722857        0.5104283306      -14.3592248478       14.4147278309
       -0.5534855766        0.1675758531       -7.2684267362        7.2913959685
        0.1517554108        0.2617089585      -14.6672048372       14.6709883377
        0.0671408300        0.1696752991      -17.8385121978       17.8399914466
       -0.2101007232       -0.1781496943      -75.0504735185       75.0509790408
       -0.4388094079       -0.6649868477     -228.8159861496      228.8173732015
        0.1022931926       -0.3741249748     -181.2480196732      181.2484884037
        0.0561567576        0.1222961165     -379.2960777776      379.2961273296
        0.0525603676        0.1267627543      -73.7445551628       73.7448149183
        0.6993962574        0.2610611298    -1991.2007081530     1991.2008529872
        0.2077973714       -0.0122151594        5.4091519191        5.4131555900
        0.0156151954        0.0377942625        2.5223543814        2.5226858437
        0.1956951441       -0.2554590397        1.0522885073        1.1092099882
       -0.8563410674       -0.0354941381        3.8343833904        4.0397855917
        0.0179705142       -0.0677923470      369.0311770879      369.0311837523
       -0.1937691478       -0.4574837861     1898.6701269711     1898.6701919740
        0.0486523446       -0.4813339004     1472.6785489742     1472.6789273324
        0.2839193454       -0.5026285070     1189.6455733640     1189.6457216121
        0.0447945992        0.1407456645       77.7065827987       77.7068485137
       -0.0702618243       -0.0806407164      103.6733385981      103.6734877175
        0.4841572008       -0.3919338278       96.7658690168       96.7679745923
        0.0807688476       -0.0666884696       13.8261837453       13.8272848999
        0.1726432888        0.2137295859       52.5288370228       52.5297409550
       -0.1218794362       -0.1129378335       13.4901218032       13.4918670169
        0.1033696652       -0.0193031389       14.2618346718       14.2629052401
        0.0017451841       -0.2870124015        7.7587034176        7.7652648165
       -0.3478679162       -0.3794649592        4.1930972010        4.2268841555
       -0.2974625024       -0.8973772339        3.2709329572        3.5317308566
       -0.0562285804        0.0032562711        0.0785375053        0.0966457257
        0.1545320243        0.0924394548        0.2988940165        0.3758225876
        0.0469473612       -0.0322847802        0.6956444700        0.6979739182
        0.6849655567       -0.1975084653        4.8551065798        4.9071628574
        0.4453541696        1.0212790762        4.1412887398        4.3899856841
       -0.2764059144        0.6280757933        2.3500324901        2.6218090565
        0.2669754000       -0.1939988379       -0.1131137918        0.6044394951
        0.5634519243       -0.3714248758       -0.1594851602        0.8511821107
        0.0253288088        0.1262057968       -2.2346043178        2.4270097861
        0.0500896598        0.1084996462       -0.6552771361        0.6805505545
        0.2536359409       -0.1733474849       -2.3547177765        2.3787719801
       -0.0536284672        0.1830782206       -1.0334247902        1.0601133096
       -0.0717029896        0.1153914714       -2.4447124432        2.4985497532
        0.5317448171        0.4748232533       -8.4258337468        8.4703320455
        0.0416084699        0.1452230023       -1.7232624514        1.7298712268
        0.2552551589        0.3538722639       -7.3952948548        7.4081554226
       -0.0203948325        0.0053435008       -0.0352988310        0.0411158079
       -0.1791932426        0.3516082426       -2.2774403816        2.3113790832
       -0.0006558366       -0.0203349337       -0.1248648807        0.1265115729
        0.4125986091       -0.0400671543       -4.3478038041        4.3675211400
        0.6767731553        0.5136100216       -3.1749402149        3.2896112705
        0.9427762114       -0.0480960701       -8.7221816598        8.7742277671
       -0.1653465472        0.1833325402       -1.6679686873        1.6919070979
        0.2282617672        0.1621159993       -2.1050934051        2.1282112350
        1.6871232583        0.9078930103      -21.2555494073       21.3623928201
       -0.3724336073       -0.0970324179       -9.6071005700        9.6158194258
        0.0515586517       -0.5117386141       -7.4996046385        7.5185160917
        0.1208360721        0.3600087468        0.3200567899        0.5077480069
        0.0571143639        0.0149063620        0.4152708441        0.4194450192
        0.1226172822       -0.4012351894        0.5450021198        0.7018060776
        0.0095810509       -0.0489777239       -0.0010464787        0.0499170220
        0.0295750744        0.0526940290        0.1195644539        0.1339664299
        0.2098164260       -0.1258748253        0.7733775062        0.8230795565
        0.5117742406        0.1980814249        0.8121047157        0.9900217060
       -0.0724361981        0.2489799523       43.3844288035       43.3852037061
        0.0480413068        0.1986565485       45.2550232036       45.2554847233
       -0.0888309543        0.0997855871        0.0454166060        0.1984705390
        0.0736213074       -0.6922780526        0.5735793393        0.9127661488
       -0.0197878532        0.0084840534       -1.4112170387        1.4113812627
       -0.0965977072       -0.2871236029       -9.1389021436        9.1439216680
       -0.3371995338        0.1270322067       -8.6893112065        8.6967792861
       -0.5427439192        0.3187298042      -19.0284289050       19.0388357375
        0.0562930200        0.0125894840      -56.2123830295       56.2124126262
        0.4541234926       -0.2331076974     -736.3384497652      736.3386266997
       -0.0354808283       -0.1580392186     -177.8887109130      177.8887846537
       -0.0285515869       -0.0442977779      -15.4556090556       15.4556989090
       -0.0064120660       -0.2462213182    -1379.0760374204     1379.0760594155
        0.0151882187        0.0150190408     -103.7396504593      103.7396526583
        0.1800169133        0.3558702991        2.6776924746        2.7072286101
        0.0672858890        0.1397125243        0.6027288343        0.6223576368
       -0.0374484248        0.1254646617        0.1158710824        0.1748424250
        0.0160304042        0.0024516818        0.1468683326        0.1477609276
        0.0336930172        0.0639037076       81.0956620592       81.0956942366
        0.2622779418        0.0327742316      405.9784101010      405.9784961448
       -0.0367249024       -0.1018565167       24.4846246071       24.4848640107
        0.0950298698       -0.1811632758       69.9621575731       69.9624566685
       -0.3077918610        0.0358842392       41.6721814458       41.6733335595
       -0.6621794538        0.1426960207       69.0124811263       69.0158053998
        0.0223123476        0.0379852449        4.6790938017        4.6793011791
       -0.0659902319        0.5012464824       99.7249870835       99.7262686134
        0.1615543745       -0.0598506954        1.3424788275        1.3534885755
        0.1521786012        0.0441954773        2.0787443591        2.0847756900
        0.0041968390       -0.0415431431       37.2522584183       37.2522818188
        0.0668038259        0.0063624433        9.4185890886        9.4188281464
       -0.0281926211        0.0043869311        2.3192687412        2.3194442358
       -0.0488723010       -0.1860027455        4.8621371907        4.8659391267
       -0.0213089207        0.0026605129        0.0709140567        0.0740942094
       -0.2560164043       -0.5024336885        1.1786581607        1.3066059354
       -0.4379738737       -1.3016838478        3.2447064076        3.6461859824
       -0.1117267215       -0.1705767074        0.7394303839        0.7796257762
       -0.2789426262        0.1209074100        0.5973488107        0.6702635244
       -0.4054123418        0.1231125570        1.2260202180        1.2971666984
        0.0663883224        0.0184964646        0.1998821354        0.2114294128
        0.3309050314        0.4613579513        1.3923857357        1.5036912369
        0.0793278962        0.0017020766        1.0419199363        1.0449368239
       -0.0095262444        0.0286680736        0.0539206199        0.0618064804
       -0.0206918738        0.0506436217       -0.2903770052        0.2954855922
       -0.0230351241       -0.0587210649       -1.1984603802        1.2001191871
        0.0631740501        0.2705814743       -3.5137718917        3.5247408701
       -0.0683591852        0.3311212748       -4.7120425266        4.7241569671
       -0.0744040206        0.0004241735       -0.4881007917        0.4937393250
       -0.0217072730       -0.1403162648       -1.0708786404        1.0802503980
        0.0891017719       -0.0409159578       -0.5210201072        0.5301652511
        0.0503691028        0.0879651829       -0.6022345782        0.6107056633
       -0.0755371551       -0.1982256896        0.1301489692        0.2853380888
       -0.0112861312        0.0727961265        0.3795957688        0.3866776442
        0.2058131964        0.1921584606        1.5366138091        1.5621990732
       -0.0938016272        0.1294654878        0.6777496930        0.6963509921
       -0.1148881615        0.0034939186        0.7767806715        0.7852386317
       -0.6124403695       -0.3588680516        1.8183725001        2.0144536388
       -0.2773733637        0.0432874392        0.3493427240        0.4481630553
        0.0156471562        0.0035829642        0.0105332060        0.0191994676
        0.3429638006        0.2007455301        1.0429868334        1.2220556043
#SUBSTART
       -0.3896446642        0.2841997825     1826.1696320459     1826.1699374349
       -0.4896938701       -0.0438169103     1685.9085715516     1685.9086490172
        0.3332491968       -0.2409740955       81.9512555020       81.9524061983
       -0.0820046083       -0.2975554232      203.2503713386      203.2506536104
        0.1608797243        0.1639425773     -168.0760758788      168.0762907791
       -0.4578519742       -0.4787119266    -1050.4417949480     1050.4424240094
       -0.4321056436        0.1211715482       -2.2136420896        2.3119796912
        0.0765119141        0.1164690385      -24.7032686369       24.7085924613
       -0.2329048618        0.0865665278      285.8565475796      285.8566896407
       -0.3063740228        0.2074581234      729.7282820594      729.7283892114
       -0.0174100225        0.1148171396       33.8529530404       33.8531522261
       -0.2742742311        0.2671234644      119.1032238854      119.1038392379
        0.5298938510       -0.2322526981    -1333.2080137346     1333.2081465753
        0.0454084490       -0.1073523016      -19.9819909973       20.0044080753
       -0.1634351512        0.1264343389      -10.9008952669       10.9037467916
        0.0148586708        0.1706955505       -3.8343689253        3.8381952538
        0.0970134615        0.1663804133       -7.7929071216        7.7952867464
        0.1344735594       -0.0768346797      -11.9440512489       11.9818486694
        0.1098689066       -0.0175761298       -0.5707806869        0.5980388569
        0.1420745435       -0.3260442994       -5.2335188043        5.3290713001
       -0.1446483703        0.2619250025       -8.0115326422        8.0719870490
        0.0442273475       -0.2963626394       -2.2788256347        2.2984414602
       -0.0220026999       -0.0615419463       -0.2171543310        0.2267763952
       -0.1044479310        0.3172968741       -2.8824907801        2.9434640704
        0.4293869733        0.2471577941       -2.9626769961        3.0070575179
       -0.1115906662       -0.1975339297       -0.2619461378        0.3735875990
        0.0980010765       -0.4915637211       -4.6939411845        4.7226902007
       -0.1885693253        0.1065624322      -25.4415227236       25.4472323327
        0.0873335099       -0.1497159565      -17.4437227985       17.4516813662
       -0.3029332654        0.0709153868      -11.2039220116       11.2091099461
        0.2155424621       -0.0942477907      -74.2541794877       74.2546833026
       -0.0263029204        0.1752943982      -33.4425358567       33.4432968513
        0.5962345453        0.0183655221     -783.5166410631      783.5168805683
        0.1441622427       -0.1075925819     -454.2166624199      454.2167194837
        0.0866739148       -0.0862611883      260.7492630779      260.7492917517
        0.2784788170       -0.0127019974      671.4647271648      671.4647850322
        0.4622544454        0.2202489395      955.1085862645      955.1087235205
        0.0327030495        0.0703263465      146.4609693039      146.4609898393
       -0.0587199155        0.1473316894    -1016.3017307569     1016.3017431325
        0.0564007720        0.0333418068     -537.5108712270      537.5108752202
        0.0185434789        0.0074273419       -0.4064606317        0.4069511901
       -0.1034756552        0.0167676901       -0.3031689582        0.3207799618
        0.0144666363       -0.0037986591       -0.0726069734        0.0741315450
       -0.2837886898       -0.0064256504       -2.5250717673        2.5409771230
        0.1097560354        0.0712600181       -7.2823424927        7.3005008039
        0.1318745961        0.1895903430       -4.1269823632        4.1334391049
        0.0296929558        0.0322801389       -0.2223482101        0.2266327547
        0.0464164654       -0.1124013353       -8.8633044005        8.8780982690
       -0.1915404071        0.2946513921      -95.7952511278       95.7971884830
        0.1687302026       -0.0736912353     -597.1608050157      597.1610407777
       -0.3511879302       -0.0046193285     -322.5635813210      322.5637725302
       -0.0903684065        0.0464976265     -157.0104389659      157.0104718570
       -0.0575573223       -0.0081801085       -0.3192538874        0.3532457913
        0.1129864439        0.1387378160       -2.7481839561        2.7575367558
        0.0281436653        0.0646263001       -9.1354457948        9.1357177329
        0.0161060482       -0.0598006109       -3.7429160082        3.7434283434
        0.0696494384       -0.2056711344       -5.8130166937        5.8170709761
        0.1494676471       -0.0994466833       -3.8373187700        3.8415160501
       -0.1188005269       -0.1477599179     -115.6331598714      115.6333995357
       -0.0698319649       -0.3154284842      -48.5010612142       48.5023379882
#SUBSTART
       -0.3036960524        0.2359161500       35.5791260386       35.5814780072
        0.1171881807       -0.3279730732       12.9520892003       12.9907931184
        0.7059243349        0.5598926590        6.0710863957        6.1391675955
       -1.2873476145       -0.0037904525        5.3989079146        5.5520234783
        0.0995806969        0.4017541943     1136.1780460347     1136.1781300015
        0.4229980322       -0.1940695729        2.5027338053        2.5494600643
       -0.8559296977       -0.3177155507       -0.5540101476        1.0770171063
       -0.3716120094       -1.3517904475       -3.2935247667        3.5822085468
        0.2624241669       -0.9626741870       -4.5698246446        4.6795710382
       -0.3090362799        0.1960931648       -5.0573109047        5.0724579173
       -0.1571114825       -0.0184159679       -1.8047974919        1.8170847359
       -0.3428425516       -0.8115434810     -288.8251342950      288.8280019232
        0.2643267941        0.3168160706       41.2074597573       41.2097617139
        0.6019268021       -0.2830704239        9.6496581292        9.7180830690
        0.3689525063       -0.5033656150        6.4651595420        6.4967122903
        0.2123829617        0.4335833874        5.3775998887        5.4010333663
        0.1874696595       -0.4716352450       16.8321356814       16.8403638934
        0.3053508535        1.2094856544      288.7051855213      288.7083024136
        0.7988963872       -0.1038004768      121.5359981228      121.5396704399
       -0.4078931362       -0.0242023754       -5.2378272213        5.2555947666
        0.9428203351        0.4599817539       -6.3026570043        6.3908887094
        0.1654088790       -0.1266761007       -0.8069466725        0.8450145850
        0.2465802863       -0.2830153308       -1.8811661307        1.9233214269
       -0.4568230214        0.0944708272    -2824.8191527910     2824.8193475652
        0.5227313393        0.0051484223        1.0157680540        1.1508862167
       -0.1036555775       -0.2732492591        0.9328743520        0.9874937863
        0.0084943342       -0.1049360854       11.1282701913       11.1296433443
       -0.4376495439        0.0704329171     2924.6190497303     2924.6192342483
       -0.3313133684       -0.0070105768      906.9208775895      906.9209488732
       -0.0375422986        0.0066730455       68.3696376791       68.3697907713
       -0.4918464889       -0.3844813618       29.2043125845       29.2113178786
       -0.0949332318        0.3349523837       91.1212999419       91.1268089000
       -0.1328958497        0.1146831899        0.5641878074        0.6071253642
       -0.3200309104        0.1451405170        0.4060909974        0.7294082611
       -0.1246080589        0.0157790001       -0.2446285845        0.3083813783
       -1.0862333130       -0.2343051945       -1.2368660114        1.6685679637
       -0.1209577284        0.1630607398       -1.0120269616        1.0415843379
       -0.4932249560        0.0328770127       -0.3069699276        0.5983828846
       -0.3863405863       -0.0457481669       -0.6076175157        0.7348678614
       -0.9833267420       -0.6580596824       -6.6069855943        6.7135469355
       -0.3269571052        0.0377507499       -0.3185145032        0.4580147994
       -0.3223874105       -0.0965216114       -0.3470859764        0.4834446596
        0.0414324974        0.2263479907       -1.7583179536        1.7787950629
        0.1544679650       -0.8676509662       -9.8716313907        9.9118749311
        0.3052708656       -0.7860899125       -7.5930432646        7.6410021238
        0.9890298822       -0.5476982373      -40.8929244493       40.9085495158
        0.2526062438       -0.1468107852       -8.3670780550        8.3721776438
        0.4336772053       -0.3272379237       -4.1271225872        4.1627276427
        0.0072616521       -0.0261672963       -0.2607274469        0.2621383617
        0.0128173350       -0.0447326449       -0.4383786393        0.4408416780
        0.6801723187       -0.5622970985      -13.6980593076       13.7271672602
        0.5956009683       -0.0875857794      -23.5652840960       23.5782251608
       -0.0609502280       -0.3573695125     -120.0022022612      120.0064280246
       -0.1081266690        0.0112794665       -8.9265250017        8.9282779411
        0.1177235583       -0.1562147045       -8.2035745676        8.2070931116
       -0.1665446486       -0.1001212903      102.8978466493      102.8980301389
       -0.0406060780        0.0222854462       65.1032243120       65.1032407896
       -0.2688955572        0.6483780739      177.7425574655      177.7439434505
       -0.0703082131        0.0834987048       40.3308580762       40.3310057950
       -0.1772115500        0.3914189624       24.4611945771       24.4653659826
        0.1247444939       -0.0585850309        6.6024961090        6.6223552626
       -0.3046684112       -0.2186848393        1.7059034771        1.7466403674
       -0.1505036221        0.2659457156        2.6129160888        2.6307240355
        0.1652772358        0.0828660980        1.0226990227        1.0392769822
        0.0613454349        0.1320701961        1.3187669747        1.3267826245
        0.4457065141       -0.0325935061       10.7569688342       10.7662479598
        0.0432253200        0.2801684461        3.3501722636        3.3621446997
        0.6732794308        0.5630338249       17.6296911882       17.6765131023
        0.0192232232       -0.0590776461        4.4031831831        4.4058326829
        0.0430378279       -0.0171842840        1.1653195555        1.1745624741
        0.4892493908        0.7847808320       18.9789726103       19.0020032378
        0.3878926013       -0.1122095507       13.9545955607       13.9611342197
        0.1321294513        0.0198695704        2.5102276796        2.5137812146
        0.0413271635        0.1198993188        2.3132555251        2.3167293552
        0.8669025730        0.9622278969       17.3436049770       17.3924557202
        0.5505979157        0.5599730791        3.8740199261        3.9552797735
        0.4305199792       -0.0642941834       36.7801716867       36.7860591999
        0.3253775477        0.5620677926       42.4652101832       42.4704055365
       -0.0357509157        0.0924274914        0.0775047856        0.1879035546
       -0.1180754760        0.2528588484        0.5334954174        0.6180425233
        0.6776783050       -0.4065587426        0.0677488708        0.8053617762
       -0.2979314813       -0.2004260990       -0.0623333114        0.3644437274
       -0.0691531916       -0.1248844659       -0.0807866205        0.1640267411
        1.0179129528        0.1677018963       -4.1876720567        4.3151300959
        0.0213936239       -0.0058041029       -0.1272577152        0.1901727786
        0.0247466445       -0.1879815724       -0.7515921978        0.7876040152
       -0.0452149786       -0.4537860190      -19.3453102869       19.3734185634
        0.9890457821        0.1530050576      -27.4612316113       27.4954762517
        0.0376002722        0.0475846157       -9.4977506062        9.4989696514
       -0.0398278280       -0.0475012492      -13.5597044455       13.5605644078
        0.1746568291       -0.1521298128      -87.3706573751       87.3710758686
       -0.0693251055       -0.0443012020     -141.6416109967      141.6417036543
       -0.0270668172        0.0800270367      -91.4211824981       91.4213280700
       -0.1556848622       -0.2080858916     -831.8919834023      831.8920357031
       -0.1573874208       -0.7838659343    -1361.2805953499     1361.2808372898
       -0.2012084880       -0.0383303807        0.4356576173        0.4814058924
       -0.0760588084        0.0384026260        0.4090946003        0.4178733014
        0.1101359158        0.5424307072        2.1745731341        2.2482457811
        0.1703929279        0.0998263545        0.3774413101        0.4482641837
       -0.3911405858        0.0410185702        1.0448798303        1.1164440607
       -0.2975291115       -0.0491022661        0.5861470437        0.6591683864
        1.0822210574       -0.4025002145      193.6407711717      193.6464930243
       -0.7756325025        0.2733031446        3.1639067317        3.2720155837
       -0.9011395975        0.5167260294        2.6138790522        2.8161856914
        0.0201617355       -0.0107405620        3.7927099219        3.7927787185
        0.2821784575        0.2426941860       25.0997772830       25.1025366209
       -0.5170087902       -0.3766517757        1.5773477628        1.9435897734
       -0.1393978506        0.0233518598        0.3915508818        0.4390546071
       -0.1742009432        0.0563378348       -0.0980071233        0.2076663585
       -0.0345925870        0.0043544893       -0.0245901579        0.0426678406
       -1.9108017091        0.2691322686       -1.3590956510        2.3602407924
       -0.6836025956       -0.0751051934       -0.5368137664        0.8724232451
       -2.4075720883       -0.0109571012       -1.8910802869        3.0614878850
       -0.2202900933        0.0343229282       -0.9092426290        0.9361773053
       -0.2186829768       -0.1013540198       -1.0350986563        1.0627907179
       -0.2106794582       -0.0675107866       -1.6528687524        1.6676086631
       -0.1212751413       -0.1396626139       -2.0480463015        2.0563820070
        0.0997204699        0.0409067805       -6.6942256853        6.6950933573
        0.4589127285        0.3550402254      -57.3217673486       57.3247038058
        0.0520514226        0.1366419559        6.7302553403        6.7318435306
        0.0350200084       -0.0028127701        6.2212281447        6.2213273456
        0.2310169226       -0.0431353490        3.4833849324        3.4913034907
        0.2841522621        0.0633927764        3.1211125818        3.1346618478
       -0.0326078070       -0.0004408331        0.7144286830        0.7151725711
        0.0480364051       -0.2247701057        4.1307749878        4.1371646204
        0.0406952295        0.2277571994        1.1269491517        1.1504537514
        0.0266489220       -0.0138999448        0.1699117717        0.1725496557
        0.0951070032        0.1183583093        3.7447398392        3.7478167638
        0.1157377548       -0.0095248760        1.9383935280        1.9418690534
       -0.1207324739        0.0931044415        4.5294281607        4.5319934058
        0.0038918856       -0.0318396226        1.6674382814        1.6677467825
       -0.3601523567        0.0641765428       10.9404385457       10.9465530611
       -0.0708371161       -0.0391335179        1.6080013812        1.6100365745
       -0.0549494324       -0.0163540746        0.7891638275        0.7912436050
        0.0390404633        0.0733360121        2.1661035405        2.1676962141
        0.2946549351        0.3296353026       12.0786329646       12.0867222711
        0.0129406091        0.0283440198        2.4573849845        2.4575825123
        0.0614839536        0.3376303120      128.5293556310      128.5298895713
       -0.2419739720        0.2163691702       61.9856308011       61.9866378554
        0.0061618656       -0.0270856486       37.3419623556       37.3419726871
       -0.0627444171       -0.0062377391        8.4304681648        8.4307039593
        0.0020704822       -0.0184103591        0.6416293566        0.6418967670
       -0.0738922811        0.0972486708        0.6800277102        0.6909088650
       -0.0696473570        0.1297100895        0.0609648561        0.1593492244
        0.0256983126        0.0561992269       -0.0429445272        0.0752528324
        0.0518704637        0.1408075006       -0.6008846516        0.6193380836
        0.2340546432        0.3116308644       -0.9496022869        1.0264696172
        0.0601175606       -0.0570656713       -0.4972387940        0.5041002184
        0.0546283011        0.0777216740       -0.4912438553        0.5003453160
        0.0029360814        0.0600040974      -29.2842553974       29.2843170194
       -0.1211403739        0.1258625749      -31.0434728858       31.0439643923
       -0.1396913027        0.1609746151     -114.7416570476      114.7418549986
       -0.0895457669        0.0879043217     -150.3420847034      150.3421370694
        0.1401136618        0.1323821470     -113.8429349063      113.8430980998
        0.0072630752        0.1068125547     -113.4725834213      113.4726339255
        0.0277449914        0.1261115914     -271.8776019186      271.8776325830
       -0.0429445690        0.0824753032      -73.1067355823       73.1067947178
        0.0123066485        0.0012598445        0.0191975486        0.0228382722
        0.4627946521       -0.2202769650        3.7729552494        3.8076097680
       -0.0762392149       -0.0046701959        1.8243855495        1.8259838065
       -0.1325296976       -0.1424574577        2.0841997647        2.0932622644
        0.1144008157       -0.0370264723       32.6771526587       32.6773738906
        0.2038064064       -0.0068213050       25.0337862462       25.0346167817
        0.5425437351       -0.4116633216      -23.8033649057       23.8135146716
        0.3520908726       -0.2024302608       -7.1714768785        7.1843236562
        0.2543935858        0.3388989104       51.4464954465       51.4484299282
       -0.0657152440       -0.0428543071       14.8642492087       14.8651114798
#SUBSTART
       -1.0835905346        0.2783336854    -2284.7815965692     2284.7820636663
       -0.4316962455        0.1588054599       -5.5939309548        5.6906937136
       -0.7897098690       -1.0610182114      -23.7702080398       23.8254599571
        0.8767736311        0.4382612551     -113.0305445702      113.0386995792
        0.1317486408        0.8984017575     -201.8228076777      201.8270312246
        0.2479459588        1.3614173419       -1.1525484563        1.8063172773
       -0.1925931926       -0.0630472257        0.2612207692        0.5940911889
        0.0274922049       -0.0857419509        0.1036215197        0.1957669730
       -0.2679193373        0.7505853526        0.3663400592        0.8881688841
        0.3952971034        0.4413810034       17.7542140042       17.7646466804
       -0.4931822873       -0.1187980303       -2.4749607911        2.5302672671
       -1.4901997083       -0.1218616877        0.7381157949        1.9132984507
        0.9342522323        0.1509261369        0.4040176073        1.3925468582
       -1.7125816619       -1.3095041363      -32.7941046178       32.8783184865
        0.0495709638        0.0342446074      -15.2887033723       15.3175856900
       -0.0745718235        0.5223643707      -23.1729430043       23.1842048372
       -0.2409542099       -0.4371494521       -1.6587008972        1.7377937237
        0.1811074916        0.2098248565       -0.8571025275        0.9115541243
       -0.4905374862       -0.7163882171       16.3915832322       16.4219816381
        0.1953598823       -0.1087456335     -180.7091136248      180.7093058421
       -0.4660795493       -1.1134731011    -1091.4535786551     1091.4542550613
       -0.1935571185       -1.5499844745       19.3648175948       19.4282154737
        0.7780649145        0.2261401949     6456.7922881581     6456.7924071704
        0.0608916221        0.0939334606       -0.5756971165        0.6028583909
        0.1842340362        0.3371299603      -86.2863867133       86.2873548709
        0.8569076108        0.5578095286       -1.9536536845        2.2094534681
        0.8780696169        0.8250997950       -2.4114266692        2.6993062608
        0.9929960567        0.5905362794       -1.0246929176        1.8076397944
        0.0066429059       -0.0459030840       -0.1797872631        0.2322810069
        0.1093124425        0.1698162697       -0.0884383854        0.2609365985
       -0.9600642775        2.6496108888        3.4933415709        4.4883846326
       -0.0482436334        0.0709306499        0.1228623626        0.1498458054
       -0.1532184942        1.0438029940        0.9405007724        1.4202190271
       -0.4321685850        0.0442359653        2.0822297246        2.1316394904
        0.0236410867        0.0327112797        0.0450425820        0.1521103149
       -0.8390203797       -0.0984462916        4.8681454237        4.9428702715
        0.1492060919       -0.5278800267       13.2428320925       13.2549236662
       -0.4512883434        0.2342344312       25.3933070056       25.3987804314
       -0.0686969217        0.0444126528        3.9487755190        3.9520880096
       -0.0841746295        0.1030418172       12.8027303501       12.8034217068
        0.1485566228       -0.3429495631        9.3558708596        9.3633329010
        0.0378642881       -0.0326741728       -1.4971600834        1.4979952006
        0.3027170715       -0.1522756073       -3.8425908815        3.8575031003
        0.0114177109       -0.0789517385       -0.8884315186        0.9028588424
       -0.4863222732       -0.0337207146       -2.9545059634        2.9977044071
        0.6617949756        0.6277125752       -4.8477441954        4.9347846190
        0.0234394156        0.0398793220        0.0960473010        0.1756264088
       -0.0907652122        0.0481533851       -0.3854267637        0.4225998666
        0.6695541924       -0.2703339970       -0.9677755076        1.2155050409
        0.0658514397        0.1339461974        0.1850417221        0.2756777461
       -0.0391402784        0.1027160170       -0.2085367533        0.2739523753
       -0.8678249559       -0.3811398958       -0.4546776235        1.0604712634
       -0.0821344774        0.5345862130       -3.1173053579        3.1638775554
        0.0484619575        0.1666807922       -1.0920572303        1.1057667214
       -0.5113506111       -0.5655362968       -9.9890053454       10.0190328039
       -0.3068716364       -0.3347961280       -9.9725997825        9.9839113004
       -0.3122413096        0.0087394135       -9.5186703234        9.5237941881
       -0.3004607833        0.1208437299      -11.2065713002       11.2112497277
       -0.1053724200        0.0368208956       -3.8957233143        3.8973220969
       -0.4280380627       -0.0352326749       -7.4225564289        7.4362814397
       -0.1297801259        0.1206723404       -5.3472978318        5.3520536789
       -0.0282645887       -0.4133293008      -30.7145874167       30.7176984808
        0.3943735494        0.3076110059      -77.6825447838       77.6842802560
        0.0479823013        0.0013015657     -118.2707734912      118.2708655840
        0.2084865088       -0.0904012896      -24.6704620296       24.6719033631
        0.0514487346       -0.2015458697      -20.6897553187       20.6912716536
        0.6062168301       -0.0252059541       -1.0385365590        1.2108559594
        0.2827590871       -0.4992759955       -0.5708120570        0.8213010473
        0.0276185019        0.0905083137       -0.1057273108        0.1990291075
       -0.0350111236        0.0211604942       -0.0601936816        0.0727792868
       -0.1607212571       -0.0388128811        0.0283501033        0.1677542566
       -0.0989675133       -0.1216915699        0.0722536247        0.2220445407
        0.2715441336        0.0635133501       -0.8112050622        0.8690820444
        1.2186988343        0.6891110899        2.5886008554        2.9462578156
        0.4625043011        0.1230139397        1.0492799905        1.1616845274
        0.0039837219        0.2719204265        1.1652422540        1.2943674358
        0.4340595012        0.3654296580        1.0824911854        1.2301274068
        0.2580991086       -0.1921771787        8.6844838677        8.6915641314
       -0.3838085988       -0.4020485790      -54.4835199048       54.4865338694
       -0.2304868812       -0.4777602616     -112.7809442492      112.7822780609
        0.1065301792       -2.2862518758     -229.3781157318      229.3900649852
       -0.3487929753       -0.8144134958     -101.8643361357      101.8682844758
        0.1379574409       -0.4995173154      -70.2957255128       70.2977741822
       -0.5078400285       -0.2750932603     -908.6855839785      908.6857675281
       -0.2612037864       -0.1436709480     -339.2788613711      339.2789923382
       -0.0149720376       -0.2210816623        4.4898920073        4.4975227943
       -0.3601131871       -0.2889049641        5.8356915945        5.8555891042
       -0.4897928382        0.0347952705       30.7990682100       30.8029821664
       -0.0995083210       -0.0063135181        3.4779828653        3.4794118149
       -0.1192284458       -0.2698809058        5.0944180760        5.1048630191
        0.1637012696       -0.1389276641        8.9343551438        8.9380244250
       -0.1676124241        0.2648892320       51.9940101034       51.9951423370
       -0.3602317864        0.0142163141       67.6061549059       67.6072601870
        0.2099106414       -0.3796157240       -7.9913522900        8.0031170177
        0.0940943109       -0.0975518261       -1.5329830769        1.5389630314
        0.1897659886        0.0421887580      -47.9169997167       47.9173940534
        1.5023272601        0.3378487478     -485.4477363048      485.4501785069
        0.8449617273        0.4670101617       -1.8340494055        2.0726302211
        0.5861321375        0.9627287182       -2.4201576305        2.6697491313
        0.0634209260        0.0477111119       -0.0354247507        0.0869107416
        0.0589496808        1.6768467401        2.5498115478        3.0926532966
        0.0004704866        0.0122339687       -0.0010944484        0.0122918333
        0.0126002964        0.0726055250        0.7439880029        0.7476285697
       -0.1482840903       -0.0274027109        0.4977066031        0.5200489811
       -0.1517538112        0.1105872517        0.5364792719        0.5683913868
        0.0291413937        0.0724826123        0.8799097933        0.8833709268
        0.0259968701        0.0002871008        0.0249094547        0.0360055637
       -0.2681903236        0.0043269548        6.0314382753        6.0373994767
       -0.2174423538       -0.0744979341        7.8488799861        7.8522447845
       -0.0663556515        0.0461815464        2.7796590540        2.7808344547
        0.0641444102        0.0305856912        1.6006554182        1.6022321173
        0.0997508192        0.1001133307       10.3686536232       10.3696167173
       -0.0024240579        0.0527997321        1.1060242700        1.1072864912
       -0.1597896394        0.1452950729        4.7134835911        4.7184288646
        0.0213672802        0.0533374452        1.8822089103        1.8830857192
        0.0273405443        0.1986499806        7.3041885993        7.3069405646
        0.0890346273        0.0500165186        5.0802660708        5.0812923718
       -0.0036176757        0.0077379193       -0.0191462538        0.0209652571
       -0.0431615244       -0.2006052283       -4.1826284286        4.1876587667
        0.0706841893       -0.0641019599       -0.0434418781        0.1048451842
        0.0152062361       -0.0313687309       -0.1932874192        0.1964058383
        0.0310382232       -0.0989444780       -0.0855378134        0.1344250667
        0.0991071859       -0.0645518956        0.0266112331        0.1212325832
        0.0366107642        0.0216711188       -0.0259251957        0.0498206906
        0.0319067302        0.1852416807       -0.5307718289        0.5630730450
       -0.0468247891        0.0669855886        0.1084303009        0.1357820316
       -0.1543561740       -0.0228727297        0.0874622501        0.1788816240
       -0.2007308189       -0.5228397820       -0.7416919094        0.9293875337
       -0.0019170977       -0.0127827880        0.0046143382        0.0137246876
       -0.0541853067       -0.0659327038       -3.5055916771        3.5066303164
        0.0325937427        0.0406811434       -1.5732984909        1.5741618243
       -0.0657685482       -0.1725181166       -1.6811247254        1.6912327885
       -0.0642352924       -0.0225331169       -0.2651729846        0.2737711196
        0.0346045696        0.0267777004       -4.8639521481        4.8641489513
        0.1003009156       -0.0201956842      -58.9840305418       58.9841192788
        0.7237100178       -0.5794933799      -25.2646753947       25.2865787918
       -0.0909504354        0.0108156685       -0.4857813181        0.4943404185
       -0.0398357614        0.0493631370       -0.0654134688        0.0911182148
       -0.0083257928        0.0547658208       -0.1968261772        0.2044728783
       -0.0325940988       -0.0156971839       -1.0984771527        1.0990727146
       -0.0287114166        0.1295497008       -0.5109780496        0.5279261668
       -0.1583833984        0.1282809324       -1.2866556346        1.3026987451
       -0.0221880089        0.0009467342       -0.0496238808        0.0543666588
        0.0624143318        0.3554714106       -0.7159610944        0.8017828642
        0.2094848316        0.0911677897        0.2347211561        0.3275507315
        0.2444889005        0.2893317932        0.4232434409        0.5679988726
        0.2866908059        0.3212057643        2.5468220294        2.5867251488
        0.3312694331       -0.0957311908        2.2032619987        2.2344455952
        0.2206485324        0.1681314440        0.7882353639        0.8356248837
        0.5496690483        0.1775510521        1.6570904337        1.7548815186
       -0.0020588019       -1.0846512408       22.9784095994       23.0039948764
        0.0993816906       -0.6469967623       14.4853051797       14.5000878508
        0.0421367898       -0.1048459857      -14.3362048256       14.3366501315
       -0.0502542462       -0.0770419668       -4.6682312350        4.6691373740
       -0.0585456316       -0.0264167490      -79.9122826531       79.9138581204
        0.0226264787       -0.0650088334        1.2772713361        1.2791247680
       -0.1825816559       -0.9053504063       15.6514780123       15.6787040086
        0.0044085775       -0.0629297913        2.4883467938        2.4891463116
        0.1013923463       -0.7301973644       15.7531814104       15.7704214639
       -0.6157083620        0.3112204469       68.6284494031       68.6319169368
       -0.0974891169        0.0123548173        6.6273886085        6.6281171186
       -0.0290163768       -0.0804936831       -0.2865282162        0.9847691073
        0.0813892899        0.0423769279        0.0071361220        0.1671847172
       -0.0732212333       -0.0509483493        0.1968861767        0.2572956175
        0.3534985168       -0.0357039987        1.0402666504        1.1080931666
#SUBSTART
        0.0633028471       -0.6544373971     6094.5388296149     6094.5389375056
        0.1568241610       -0.0192954693      139.9600513089      139.9610108905
        0.4918176075        0.6973935611       49.7842787985       49.7917878531
       -0.6990725259        0.2174003606      222.8145765256      222.8158229511
        0.1738622114       -0.3525318921       45.0237802225       45.0257123443
        0.0443907733        0.6458322105    -6000.3586908241     6000.3587991026
        0.1270874134        0.0398022856     -104.2048475204      104.2050260878
        0.0528557581       -0.2065844044       -4.7555213249        4.7623453995
       -0.3108339812        0.4542223099      171.6596882197      171.6606273294
        0.3102387862       -0.0108045017       54.9121193358       54.9152151571
       -0.1816778524        0.2224669004        6.8729755109        6.8803902885
        0.4117878113       -0.5721475897     -422.0855605837      422.0864426285
       -0.8107495792       -0.0074744908     -130.2329919244      130.2364511084
       -0.0175740848        0.1943017207      -60.9676663078       60.9681382101
        0.3398567561        0.3900237414      -95.3861055154       95.3876104445
       -0.2724184306        0.5798718885      -51.6899899691       51.7024745714
       -0.0912157969       -0.1733646571      -39.6693159876       39.6809248674
       -0.0185691006       -0.0496129749       -2.0568426277        2.0622530492
        0.1079851451        0.2965824792       -5.6350134656        5.6455715832
       -0.0858433238       -0.0636539883       -1.5809674454        1.5907101416
       -0.1324660483        0.0515490870       -8.7888794953        8.8041060179
       -0.1942448142       -0.0922548597        0.0227545669        0.2573704765
       -0.0862468287       -0.0651551292       13.7092163112       13.7096424305
       -0.1109844400       -0.3966651198       52.9436509063       52.9452531588
       -0.2214741771        0.2500406806       49.5974481243       49.5985728786
       -0.0138659355       -0.0138943928        1.3238682197        1.3240137392
       -0.0628168708       -0.2925744352       43.3694528285       43.3733404274
       -0.0411561235       -0.0322793627        2.0536764665        2.0543424283
       -0.1474226179       -0.6399472178       34.5665280334       34.5727656712
        0.1090815659       -0.2433131038      -19.1934572413       19.1953093471
        0.1272593722       -0.0753793715      -14.4959468867       14.4967014572
        0.0420355722       -0.2033753486       -7.0201958468        7.0232669214
       -0.0166354085       -0.0037915822       -2.8738881566        2.8739388041
        0.1377660081       -0.1469168872       -9.8574171021        9.8594744267
        0.2796434432       -0.0864256214      -17.7825492460       17.7849579007
       -0.0276211857        0.0437148182       -0.0220690450        0.0562223975
       -0.3286933249        0.2926056572       -0.6977082742        0.8248964834
        0.4281645803       -0.1505105952       -0.0739786392        0.6775888245
        0.0917175485        0.0732088261        3.8455393470        3.8473295297
        0.2148753805       -0.0297080071        9.6362552416        9.6386964407
        0.1670492013        0.0740839961        2.3526624740        2.3597488406
       -0.0060194924        0.0589978765        0.4422513734        0.4462098844
#SUBSTART
       -0.0352932900        0.7794635444        1.2478466010        1.4783132137
       -0.2137460615        0.5985047084        6.8356027799        6.8828047764
       -0.2661077053        0.0123393860     1403.5803553886     1403.5806942777
        0.3757704560       -0.1934224961        0.0396142880        0.4468386445
        0.3209644484       -0.0167415932        0.0708929612        0.5932665759
       -0.1731333262       -0.2532965178       -0.0189266687        0.3375978055
        2.4978967285       -0.1780366161       24.9097936248       25.0529310486
        0.9975945821        0.1330232184        6.7383425121        6.8145161033
        2.4486169680       -0.1915929486       16.5338258921       16.7416433880
        1.6187822264       -0.7412036665       17.8728986277       17.9618992290
        0.3242093728       -1.3452336372       40.9301308535       40.9537526574
       -0.5927366503        0.1156821575      231.1812087945      231.1820397405
       -0.3990582068       -0.4472107799       41.6866200260       41.6911622998
       -0.5257663109       -0.5994017734        9.2401314337        9.2755173116
       -0.0929312509       -1.0305210118        3.3184125806        3.4787859396
       -0.9207729652       -2.7073211725        6.9445217801        7.5115426727
       -0.9677871946       -0.4363759635        2.7505596902        2.9516257266
       -0.5356031606       -1.9180918277        6.3451787382        6.6518208041
        0.0411599008       -0.2941645459       -2.7315727121        2.7512172186
        0.8540576037       -1.5937815618       -8.1866994535        8.3851703491
        0.2044480090        0.0215936123      -14.4306825810       14.4328217896
       -0.1818132327        0.0572772472      -57.0429489458       57.0434381936
       -0.2178180192        1.3696389807       -5.4475243699        5.6230202892
       -0.0820702841       -0.3120579500       -0.0415647853        0.3540100450
        0.2265998020        1.6024151041        1.3056124693        2.1371351188
        0.3643531524       -0.0951491123        0.0564496743        0.6234052445
       -0.5826328357       -0.4854075479        0.3541901304        0.8485351744
        1.0363975348        0.1126277098        1.4362566545        2.0080910870
       -0.4612994955        0.4038957050      -42.5051151594       42.5097662128
       -0.0418258468       -0.4012204728       -1.2974239438        1.3658389158
       -0.4389358041        0.5779583641        3.6768287261        3.7503666190
        0.2344936885        1.3027475490        7.0604865661        7.1848513416
       -0.1761469266        0.9358419733        4.6217710017        4.7209188635
        0.2689554875        0.6429877511        4.5736798462        4.6285848186
       -0.4705467260        0.2775797219       -0.0164585423        0.5641058339
        0.1184054833        0.4554962365        0.4706791328        1.1503852046
       -0.1782488534        0.4096466867       -0.2794166235        1.0761074779
        0.0841746922        0.7324037082        0.4373375141        0.8684724847
       -0.0516471989       -0.0636670924        0.2446830563        0.2933777680
        0.5088076441        0.2073340370        1.2800353638        1.3999439057
       -0.8507560350        0.7049052096        1.0093158997        1.5029556068
       -1.1533736443        0.0779137564       -0.0520970299        1.1655621829
       -1.9348468028       -0.1725521575       -0.1227846282        2.0080147964
        0.0271698851       -0.0569447043       -0.4863534169        0.5099022779
       -1.5078118880       -0.2465087006     -199.8418127238      199.8477016524
       -0.0677804353        0.2565876697      -42.4508469825       42.4620728737
       -1.2282187654       -0.8198988189     -306.1745428828      306.1795417977
        0.2549246004        0.3375380045      -12.5868737991       12.5947524897
        0.9860108522        1.2149703445      -43.6261398257       43.6544147391
        0.6416121589        0.2892647666       -2.1692747451        2.2848573199
        0.1053884046        0.1724616076       -0.6786110828        0.7216941932
       -0.4462219475       -0.5838350975      -11.0918634868       11.1170541441
       -0.1578947673        0.3773073478      -92.3735408308       92.3745517824
       -0.1807501349       -0.6474803588     -341.7951986027      341.7958881687
       -0.4489725288        1.0499260379    -1768.0906410651     1768.0912594476
       -0.2390513755       -0.6234904385       -0.6566200473        0.9468450551
        0.7991346377        1.6438485227      -13.9331617389       14.0838276320
        0.1649967073       -0.4217817871       -6.3332199403        6.4185349097
       -0.0935331015        0.2886780021       -0.9189164035        0.9777374758
        0.0605600658        0.3698781576      -11.0762198244       11.0834382190
        0.0137570256       -0.2026823187      -16.9349112242       16.9367047366
       -1.2818067193        0.1558600174      -20.7764645271       20.8170189710
       -0.0369169254       -0.0561631664        0.3381069126        0.3719048667
        0.0902413472       -0.3142848814       -0.2628115269        0.4421178248
       -0.4135571138        0.0584530335        3.4599596809        3.4878714170
        0.0845365583       -0.1811897811        0.1534713844        0.2881135492
        0.0525004927        0.0135118275       -0.0040614549        0.1497836825
        0.3110383056       -0.0724784365       26.3240616179       26.3263688685
        0.0397098389       -0.3505479796       10.0476318577       10.0547922151
        0.6320446471        0.2292955455       32.4774606263       32.4847192600
       -0.3605955693       -1.1272483025     2273.4696116769     2273.4699197342
       -0.0792377975       -0.1896995766      304.7908311921      304.7909005258
        0.1502588682       -0.2908379103       -0.3731177325        0.4963680690
        0.0376432234       -0.1693618879       -0.0860374565        0.1936566685
        0.2431388939       -0.2618967620       -0.3791601380        0.5393965432
       -0.0854310675       -0.0994580686       -0.2039422482        0.2797545356
        0.2528685254       -0.3365374133        0.4409310273        0.6253797866
        0.4607100710        0.0459012588        0.1390456170        0.6908945930
        0.0240979488       -0.3286690477        0.6930253406        0.7799794623
       -0.0410042790        0.0063979848        0.1194249678        0.1264302497
        0.1001570699        0.0176012241        0.5669450798        0.5759930254
       -0.1396615841        0.1352321167        1.2718970165        1.2942159360
       -0.0228966095        0.0616954823        0.4130208995        0.4409043384
        0.0527388452        0.2189569494       45.9095651188       45.9103296951
        0.0740451148        0.0914415226        2.0020841035        2.0103892094
        0.1872097440       -0.1936441122        4.7596689490        4.7693263486
       -0.1787227533        0.0676520097        8.1319907480        8.1354331125
        0.2681929470        0.2432437757       20.7036432218       20.7068089682
        0.1218396808       -0.3833659701       50.7500325293       50.7518186460
        1.3281715488        0.0628091178      211.5415444044      211.5457692166
       -0.0436162412       -0.1052224852       36.9491300809       36.9493056482
        0.1004395157       -0.2072379759       86.9678186651       86.9681235801
        0.0070141822       -0.0846834716       10.1340914913       10.1354087548
       -1.0089595592       -0.6555209624      606.3382662686      606.3394761423
        0.3033244589        0.1461768153       14.9857145278       14.9901465331
        0.0414898041        0.5734991151      103.4329090467      103.4346014460
       -0.5623394526        0.2430081012      235.6924727115      235.6951363988
        0.0061248380        0.1324502825       83.0305865798       83.0308097525
       -1.1805902726        1.5796531416       78.9065393114       78.9367711230
        0.1051444195        0.0799481482        5.8073978159        5.8105762393
       -0.3832409997        0.2913267457       19.5342704522       19.5406997526
       -0.1746647836        0.4324048694       25.6405485753       25.6451689951
       -0.2069735985       -0.0888798892        8.9133023673        8.9172404129
       -0.2544461643       -0.3440245029        5.6017177444        5.6197702072
        0.0024651115       -0.0492190611        0.0064671966        0.0497032934
       -0.0577642889       -0.0112079168        0.2109051265        0.2189595918
       -0.9047305113       -0.4200408280        7.4018878316        7.4687960922
       -0.4888403426       -0.3411559515        4.3583227879        4.3989009749
        0.0693452610       -0.0176983232        1.0750563959        1.0864382335
       -0.4634766977       -1.0227121852        4.3723380930        4.5163670187
       -0.3502657608       -0.2691558276        2.0641193612        2.1108575745
       -0.4823905426       -0.1502361722        6.8455540949        6.8641738330
       -0.1924162670       -0.2478262509        1.1345645025        1.1771484531
       -0.6662089701       -0.8521269063        4.9627640667        5.0792698134
       -0.7773483960       -0.7561041510        4.8247574968        4.9470929549
       -0.1223347030       -0.0238498135        1.3642402617        1.3770133877
       -0.3120674011       -0.3036797838        0.4854611321        0.6521349436
       -0.1709085014       -0.3345799431        0.4619562125        0.5954468881
       -0.1200604599       -0.6789847994        1.3878813091        1.5497255887
       -0.5246682957       -4.1340050749        7.8145501364        8.8562107368
       -0.5273218206       -2.0007568775        3.2849366079        3.9135081274
        0.6304586292       -0.9131550325        1.4820663996        1.8566988970
        0.0042862063       -0.0606188425        0.1358865326        0.1488561903
       -0.1449590158       -0.7017163335        0.8053405936        1.0779575134
        0.4458074107       -0.6950194051       -0.1815328432        0.8568723236
       -0.1088814635       -0.0902417711       -0.5801011610        0.6131850392
        0.4277928893       -0.1069399959       -1.0677256156        1.1635981669
       -0.0354203294       -0.4958296374       -4.0958733180        4.1282877384
       -0.1287074538       -0.4182568430       -1.6924602086        1.7536834772
        0.1612674250       -0.2134615285       -1.7336670021        1.7541876412
        1.6260341567       -5.2136032003      -26.2313568315       26.7938374748
        0.6163181255       -0.3979471822       -2.3856152739        2.5450040580
       -0.1831454158       -0.2171675655       -0.6123493804        0.6893152714
        0.1013510675       -0.1405772994        0.0391025731        0.2259265635
       -0.2504360513       -0.0219248209       -0.1287593199        0.2824497761
       -0.0402550447       -0.0587052347       -0.0862218447        0.1118077802
        0.0006848199       -0.0850548935       -0.7524331836        0.7699807041
        0.2449551132       -0.1101571427       -0.2590690785        0.3984145779
       -0.2810119623        0.0274620290       -3.0982063967        3.1141747779
       -0.0151022231        0.0154923672        0.0089332541        0.0234071274
        0.1604464463        0.0498285211       -0.1833423762        0.2486772417
       -0.1540761436       -0.1844146288       -5.7899979753        5.7966632257
        0.6604095749       -0.0942769530      -11.6256569886       11.6456175943
       -0.0254062677       -0.1339106998       -6.9191160154        6.9218656281
       -0.0540695785        0.6450745021      -43.2606598125       43.2657279129
       -0.4902234266       -0.5079579441      -90.1357732293       90.1385375737
       -0.0170207338       -0.0282441807       -5.3607627112        5.3608641603
       -0.0977901533       -0.1644859222      -31.3695663112       31.3701499733
       -0.0408215866        0.1644582375      -91.1535060779       91.1537704266
        0.0179020435        0.2162182072      -46.7974705870       46.7981816306
        0.0590538882        0.2916029507     -111.6550228896      111.6555065185
       -0.2558520825        0.1126206707      -85.6643534380       85.6649232384
        0.1887233318       -0.0074968040      -28.5693604886       28.5703257106
        0.0888606601        0.1533162005     -125.8147577750      125.8148825698
       -0.5722937111        0.3851935322     -231.8595527505      231.8605790034
       -0.2269500325        0.3983859012      -63.9290125748       63.9308090534
       -0.1670099518        0.0884342893      -16.5427564746       16.5444245748
       -0.2444805384        1.1181307657     -119.8761339446      119.8816789857
        0.3565793844        0.6754306287      -10.0303062821       10.0603120870
        0.5029416256        1.1660351969       -4.5167267597        4.6939204047
        0.1354047988        0.6388046779       -1.8473919280        1.9643682436
        0.6766078157        0.1059807830       -0.8730168966        1.4539533518
        0.0567235391        0.2670945828       -0.1562245941        0.3441554660
        0.4068464827        1.4419795930       -2.6106197536        3.1532453901
        0.1110661218        0.1560188902       -0.6299513710        0.6730498438
        0.2169512703        0.1772465352        0.1635807912        0.3244115645
        0.0018635691        0.0905414378        0.0661932978        0.1121729804
        0.3237282863        0.8945521461        2.0446981030        2.4430729958
       -0.8694994065       -1.3056855767        4.3989566827        4.6963075814
       -0.1275687735       -0.5279357213        2.5310164113        2.5923953744
       -0.2371253710       -0.0174518702        3.5960298878        3.6375273090
       -0.4011974864       -0.2858605734        1.3234165744        1.4190091278
        0.0882300330       -0.1253785847      -48.7117021336       48.7144441623
       -0.0616584587        0.1777852791       -4.9725196848        4.9780358749
       -0.4513814028        0.2629813691      -29.9147812907       29.9196678429
       -0.0546283554        0.2010262334      -12.5196697657       12.5221805861
       -0.1124675757       -0.0792586265       -1.5731911645        1.5853520462
       -0.0125264345       -0.0673497453       -0.4125588992        0.4408826714
        0.0464124977       -0.9421760286       -0.0101182572        1.3314443108
       -0.1137556678       -0.2223619451       -0.1968162675        0.3472774318
        0.1281877879        1.0750675161        0.2303008623        1.4519065208
       -0.0608446177        0.0894704576       -0.1265191517        0.2172415958
       -0.2128928949        0.1274737469        3.9412750024        3.9515441755
       -0.4185701499        0.1843119220        1.3924883438        1.4723027635
        0.0659089741       -0.0887314637        0.0975948024        0.1474517242
        0.2436258264        0.1015572635        0.4411282013        0.5140637227
        0.5484064860        0.0519858127        1.1407658036        1.2668065430
        0.0291454680       -0.2195324364        4.1912174993        4.1970642210
       -0.0592585719       -0.0694014707        1.0637783947        1.0676856352
        0.0479771644        0.3705581862        0.6473908756        0.7604011497
        0.9902397516        1.3716938521       15.7609058917       15.8520583238
        1.4769915132        0.7896673370        6.4775670083        6.6920424808
        0.1044487124        0.2175915488        2.1831724646        2.2009037713
        0.5838231528        0.8683107002        6.5198094194        6.6047110154
        0.3353945134        0.3645798727        4.9496456250        4.9763319384
        0.3492457247        0.6293202287        7.7623249244        7.7968701762
        0.1889324699        0.0653980574        1.1447873132        1.1704657882
        0.0303282370        0.2591513152        0.8390020603        0.8896535551
        0.1106404108        0.5038028054        2.0931947610        2.1603246653
        0.1191873681        0.0541447216        0.3591725769        0.3822855210
       -0.0137986724       -0.0110571190        0.2881180588        0.2886601445
        0.0024623981        0.4387108233        0.7907071708        0.9042627272
       -0.0326091281        0.0177178629       -0.0889844149        0.0964131941
       -0.2950221301        0.7181104890        2.2668703201        2.4464387872
       -0.5411120408        0.2513386535        1.7164874817        1.8841385467
       -0.1409979250       -0.0616585262        0.0091853711        0.2079575549
        0.4872399962       -0.1401246418       -0.1989963242        0.5446441647
        0.0109869493       -0.0343018412       -0.0018812884        0.0360675563
       -0.3305470249       -0.0657057789       -0.5071886112        0.6247388713
       -0.2215121519        0.3117516584       -0.6897447439        0.8009271668
       -0.0049024676        0.8435917236       -1.5376120365        1.7593753408
        0.3891728146        0.1970865133       -0.9617994777        1.1657605966
       -0.1113138800        0.1798103644        0.0682938470        0.2624240489
        0.1986543324        2.9693260041       -2.5738418319        3.9370676935
       -0.0954987057        0.5479741703       -0.8150831460        0.9966122686
       -0.1310249110        0.1625655740       -0.5560814766        0.6101651307
        0.1597642134        1.9960704381       -1.9753210380        2.9651417494
        0.2804582463        0.3756921715       -0.2995851576        0.5736135347
       -0.0329962479        1.5004028100       -0.9494724703        2.0091259546
        0.0318331347        0.2495592814        0.1046581230        0.3061474988
       -0.0692791263        0.5208143088        0.3192876620        0.6304534381
        0.4105529775        0.8732097636        0.2257283017        1.0007407705
        0.2505839086        1.8559373572        3.8532831329        4.2865564800
        0.1515478910        0.8029165169        4.1907492652        4.2719434553
        0.2779699299        0.7192207105        1.5141495474        1.7048971668
        0.0051047243        0.3304817775        0.3321782671        0.4686007518
       -0.0711201426        0.7941305962        1.0992266383        1.3579398664
       -0.4532358619       -0.0039263796        0.3547415125        0.5922495155
       -0.1168077898        0.5093419111        0.8570637920        1.0134650317
       -0.3995118255        0.0908423805        0.6596663583        0.7765447451
       -0.3954008358        0.2214002950        0.8458559702        0.9596000385
       -1.1220725464       -0.0732896875        0.0880694339        1.2311845365
       -0.0599902420       -0.0575072922       -0.1467403122        0.2189027682
       -2.2121341493        0.5327791180        1.7227139995        3.0046507937
       -0.4314261414        0.1122102804        0.3713982341        0.5967713931
       -3.4850437516       -0.1196594559        0.8614927466        3.7127900390
       -0.3864353807        0.2586399152        0.0129329176        0.4856685644
       -0.6312284014       -0.2027590056        0.1085292237        0.6861624343
       -1.2689118344        0.0979315437       -0.0781493145        1.2826983008
       -1.3940518535       -0.3543425197       -0.3267954053        1.4816255307
       -0.7846232099       -0.1469378846       -0.0312517128        0.8109752018
       -0.6605883157       -0.7535285621       -0.5664627598        1.1595439017
       -0.4927443233       -0.3628095254       -0.1040034655        0.6361793973
       -0.9838935245       -0.8160623880       -1.4326466789        1.9250871618
       -0.9979446855       -0.1703381756       -0.8946538902        1.3582319601
        0.1258541669       -0.4780972820       -2.7718285095        2.8155726892
       -0.1630952320        0.0766533431       -1.3450138284        1.3570327882
       -0.1538955268       -0.3458664075       -0.4214670187        0.5834566288
        0.0762890825       -0.4305903769       -0.9473492824        1.0527005959
        0.1464763704        0.1079971019       -5.4034529727        5.4083179006
        0.0943558313       -0.7368910434      -27.9422332103       27.9564652482
       -0.0810074005        0.0863285640      -22.1993534435       22.2001078357
        0.1101539773        0.0202802101       -0.8296838828        0.8372099683
        0.2017448852       -0.7220237812      -19.2988765713       19.3134320164
        0.1407503024       -1.5423415067      -62.3646316804       62.3838593917
        0.0126109368       -0.2168314345       -6.9492179912        6.9526114227
        0.0053656422       -0.6367636252      -26.3875400291       26.3955913985
       -1.8517182803       -0.1335154320      -95.2512779341       95.2739890297
       -0.3236643936       -0.3534089419      -36.2343748514       36.2378125330
       -2.5145209673       -0.4501229672     -154.3209032811      154.3449040547
       -0.4149904971       -0.4695646044      -66.4210333495       66.4241361180
        0.0560296794       -0.2363486042      -20.5813912247       20.5832977075
        0.7209574069        0.0483156284      -42.9915973513       42.9978957228
        1.4892260607       -0.2050785023     -107.8711215890      107.8816861386
        3.0953747250        0.0423417081     -222.8282004431      222.8497465334
        2.1797581748        0.4018598457     -172.4813686970      172.4956662193
        0.6355450684        0.3084638124      -36.3461043161       36.3529691555
        0.0044031393        0.0022944908       -0.0360586365        0.0363988680
        1.1160421995        1.0112619470      -30.1320791527       30.1700161545
        0.6639694167        0.9493581000      -44.4124494236       44.4374908358
        0.3047495404        0.5497390116      -14.9607389767       14.9745876663
        0.2710044447        0.1108707895       -3.1646699945        3.1812500216
        1.6121963874        1.0329013586      -34.8241923172       34.8894428837
        1.5609984252        0.9285744783      -30.6702234565       30.7242746587
        0.9510820263        0.0627130253      -13.3079039406       13.3427237482
        0.4946511450        0.5052784201       -6.4749460551        6.5149360886
        1.0863773577       -0.0884120375       -3.4559644803        3.6264587032
        1.0037900916        0.1705678102       -9.0214566763        9.0787316563
        0.7237741738        0.4837045842       -5.1407623322        5.2139482675
        0.0201527911       -0.1890205947       -0.8591985246        0.8799755820
       -0.1618650762       -0.5519169609       -2.2893970364        2.3605404942
        0.1228212800        0.0460345933       -0.5842519484        0.6148450006
        0.2973715277       -0.0859079657       -1.8370677324        1.8681829788
        1.1415067950        0.3078603611       -4.0413837462        4.2130841593
       -0.1802579833        0.0911794456       -1.4403629280        1.4611405754
        0.2926324122       -0.3613847206       -0.9984946587        1.1102720447
        0.2371428860       -0.1479640745       -0.9432257039        0.9936219749
        0.0967130529        0.0637100300       -2.2840224351        2.2912116121
        0.0286748419       -0.0521776094       -0.2136693250        0.2218092197
        0.0670588957        0.0686453071       -0.1498624314        0.1779545505
        0.3875481605        0.2142223229      -11.1920156404       11.2007722446
        0.3233026021        0.3178061769      -13.0690449964       13.0769056912
       -0.6994027767       -0.3265727429      -57.9644040263       57.9697112974
        0.0749002734       -0.1293482347      -18.2284914838       18.2296385751
        0.2298095212        0.3885629791       -4.2907083589        4.3166481917
       -0.0183129547       -0.1940101801        0.1932543729        0.3078999056
       -0.1447749605       -0.5294119284       -0.1174377346        0.5783668261
       -0.1195663800       -0.0239963444       -0.3343066387        0.3822468540
       -0.3326319655       -1.0725438668       -0.0625030849        1.1333052507
       -0.5315995943       -0.0330569690       -3.3608827255        3.4384392602
        0.7058753277        0.4819193886       -3.8375171003        3.9340212957
       -0.0153638148       -0.0276509758       -0.5734079052        0.5909966446
       -0.0896807710        0.2677333188       -2.0120343389        2.0317494806
       -0.0323717689        0.2159262810       -0.9267038301        0.9520777694
        0.2609520363        0.0515665809       -0.2693620849        0.4034734132
        0.0469326588        0.1748574522       -0.2867292178        0.3667031937
        0.3673783309        0.2606087593       -1.1729962761        1.5689473580
        0.1392713622       -0.0245619819       -0.0010109771        0.1986972830
        0.0164779019       -0.0564583687       -0.3075683030        0.3428368629
        0.1536576778       -0.0469586796       -1.5219308687        1.5367397806
        0.1950911556       -0.3507408185       -4.6821143011        4.7013565909
       -0.3953560579        0.1240756501       -4.4896505618        4.5108916116
       -0.7146510684       -0.0105868452      -11.3320154485       11.3553904442
       -0.3188864083        0.2085922205       -6.3237784138        6.3367856573
        0.3028695353       -0.2358473344       -4.4620300955        4.4806859160
        0.3950773285        0.3433062131       -8.8816069091        8.8981102670
       -0.2439376960       -0.1388047208       -5.7796864944        5.7881800343
        1.2122486454       -0.6735613526      -15.9016028833       15.9619612182
        0.2282745055       -0.1316641068       -2.4169177829        2.4312417108
       -0.2050443822        0.6848756963      -49.9615700728       49.9755177446
       -0.2197626748        0.1415479396      -11.6647132178       11.6684765796
        0.2257836826       -0.2072417469      -13.2327250717       13.2695791953
       -0.1245897152        0.0283643794       -1.9520780829        1.9612281259
       -0.3459648586       -0.0968440195       -0.1708998340        0.3978406726
       -0.1914905825       -0.0680930475       -0.2232258083        0.3018858522
       -0.0925513710        0.0067145307       -0.0581641041        0.1095166846
       -0.3585642096       -0.2436145719       -0.1993063826        0.4771156948
       -0.2808961676       -0.2455616796       -0.1914254105        0.4193410107
       -0.4139587228       -0.3147377456       -0.4552488283        0.6911390369
        0.1171091602       -0.1801944500        1.1409786467        1.1610412858
        0.0806003942       -0.0663224929        0.2339834024        0.2562095416
        0.0320368130       -0.1897629521        0.7145844592        0.7400454613
       -0.0162888649       -0.1191854148        0.1839773401        0.2198139029
       -0.0035628938       -0.0232112302        0.3230657919        0.3239181399
       -0.3027631203        0.0225106382        1.8288234784        1.8538520845
       -0.0353664905        0.2766676185       17.5288888444       17.5311077768
       -0.0493313079        0.1859442887        6.9037510746        6.9064308985
       -0.0375891888        0.0360526631        0.0166555302        0.0546822486
       -0.0981430174       -0.1173448912        0.1161367794        0.1920667251
        0.2032200599        0.1107414922        1.0055339322        1.0318238995
        0.4945350108        0.0698481178        1.8133554439        1.8808778808
        0.9846711241       -0.3728212572        3.4237062693        3.5819460536
        0.1462869639       -0.0287131593        0.6580470379        0.6747223320
        0.2245251755        0.3166538264        5.1811781715        5.1956990333
       -0.0175614505        0.0193439848        0.2170550483        0.2186217928
        0.2292536264        0.0201116568        6.2107775378        6.2150397688
        0.2246817784        0.1432548878        9.3811407725        9.3849244034
        0.0086208899        0.0962579980       39.9618441060       39.9619609664
        0.1184239226        0.0285777077       32.7507796472       32.7510062199
        0.5777347443       -0.2896111551       61.2066369140       61.2100486389
        0.3068814232       -0.1445139266       42.7743307142       42.7756756643
        0.5701480806        0.1950279543      207.5457841981      207.5466589544
        0.0394074594        0.0563328094       18.7413452080       18.7414713013
       -0.0164470095        0.0148295214        0.4774928541        0.4780061135
       -0.0937745790       -0.0115150481       20.2155413121       20.2157620883
        0.0021311575       -0.0761907132        1.6109018241        1.6127040192
        0.0386758778        0.0247503416        3.8063838857        3.8066608318
       -0.7527777228        1.1451636448       22.8011041855       22.8476716883
        0.0750814752        0.3923527187        7.9709178691        7.9809215984
        0.0744869711        0.2108972839        6.8130259842        6.8166963431
       -0.4615821702        0.9016648600       10.9422061891       11.0002549667
        0.0124088399        0.0651397057        1.4035333801        1.4050989679
       -0.0863864735       -0.0124797344        0.9242856025        0.9283976742
       -0.0977631839        0.0360763640        1.4197504088        1.4235695865
       -0.2301592145       -0.0917537723        2.1810678912        2.1950966186
       -0.3273007748       -0.3917848732        1.8213271015        1.8915215025
       -0.3003409912       -0.4641568106        2.4813087628        2.5421525194
       -0.2036714053       -0.0645936976        0.7739900719        0.8029414789
       -0.5046065695       -0.3868882848        2.6126609193        2.6889230956
       -1.1973566547       -1.7726699575       10.6685124087       10.8922382539
       -0.1599893899       -1.6101449650        3.2201846442        3.6038524604
       -0.0507847343       -0.2326359323        0.5799248355        0.6269061980
        0.0814463525       -0.2891849413       -0.2896019131        0.4172897155
        0.1488680856       -0.3588580050       -0.6080327280        0.7215570477
        0.2886258704       -0.1926303869       -1.0533529773        1.1090373546
        0.0615944731       -0.0947475330       -0.1889744569        0.2201870102
        0.0176151028       -0.0685959962       -0.0198206531        0.0735429183
        0.0357969854        0.0438932299       -0.1058183958        0.1200232173
        0.0776018880       -0.0294203232       -0.1263431005        0.1511627848
        0.1847666461       -0.1224188680       -0.0609205700        0.2298617163
        0.1050552157       -0.1615824550       -0.1642033546        0.2531960303
        0.0899708302       -0.2179959601       -0.0417402278        0.2394978821
        0.3927645323       -1.8422764013      -10.2277011122       10.3997171287
        0.0885498735       -0.5366728055       -2.6003768908        2.6566555582
       -0.0737726864       -0.0167690051       -0.2903973472        0.3000903665
        0.0316568444        0.0082908791       -0.0138861599        0.0355488384
        0.3819172213       -0.2040939420       -1.2892716072        1.3600501381
        0.0110960406       -0.0458728535       -0.0843194571        0.0966292484
        0.1072649445       -0.3712337243       -2.6595162537        2.6874424552
        0.0405853322       -0.0124565051       -0.1850480927        0.1898555512
       -0.1325335552        0.1710448959      -35.4870330349       35.4879671847
        0.0667505751        0.0721113804      -52.3879884814       52.3882665546
        0.2474898538       -0.0043212662      -30.5838340045       30.5848356595
        0.2348759551       -0.0715320080      -48.4348728056       48.4354951171
       -0.0112967800       -0.0325008721       -4.4802396838        4.4803718091
       -0.0916155419        0.0270057175      -67.8589616590       67.8590288772
        0.1684416233       -0.0139897041      -16.4868695546       16.4877359271
       -0.0044221730        0.0394229055       -2.1940685325        2.1944271340
       -0.1731973350        0.0057997243       -9.0574396373        9.0590972915
       -0.1448443863        0.0637015779      -16.7736181045       16.7743644322
        0.0556150663       -0.0017641812       -0.4703176102        0.4735977222
        0.4048781054        0.3595621257       -3.5972045236        3.6377316541
       -0.1183764224        0.1794392351       -0.1746345792        0.2769632696
       -0.0449957987        0.3893173301       -0.3016839772        0.4945764122
        0.0588545381        0.0038257972        0.3859327396        0.3904133360
        0.0236210420        0.0608513490        0.0663379951        0.0930675555
        0.0241715072        0.0826157020      -13.9246278615       13.9248939205
        0.0033316549        0.3274687076      -25.2994705295       25.3015899881
        0.4037502882       -0.2239786248       -9.6653409648        9.7217461024
        0.1972909418       -0.0031379045       -2.2897183737        2.3024386154
        0.4104429849       -0.3866335837       -6.0463772969        6.1448693373
        0.2267101816       -0.1749507029       21.5707542403       21.5783947312
       -0.1254582704       -0.2600248380        4.4704037280        4.4797167528
       -0.0780720961       -0.0350886584        2.2140348807        2.2156888136
       -0.0130079236        0.4142019777        2.8678108998        2.8975975982
        0.0044375266       -0.0097266653        0.1238286554        0.1242893220
        0.2948208465        0.3292241245        1.0811077951        1.1679477387
       -0.0020313609        0.0233594099        0.1641578156        0.1658239333
       -0.0033476669        0.0140142027        0.4820138933        0.4822291966
        0.2562186787        0.0157038782        1.9655975467        1.9822886618
       -0.0548814863        0.0141151869        0.2528447356        0.2591171093
        0.0517738666        0.0141320481        0.9698705965        0.9713543236
        0.0711142934        0.0064225576        0.8713713815        0.8742920430
        0.4254468113        0.3146068554        4.1767402368        4.2101236881
       -0.0399363073        0.2001703645        2.1379977445        2.1477191247
        0.0428312534        0.0299502294        1.1048948571        1.1061302716
        0.0421814472        0.0313644664        0.0999613320        0.1129392409
       -0.0666802426        0.1103204858        0.6399832280        0.6528364240
        0.0426356344        0.1379519236        0.2528132489        0.2911409784
        0.0750142049        0.0002569342        0.2323471244        0.2441564727
        0.0332873682        0.2626891167        0.4068670255        0.4854424759
       -0.0575433377        0.0495575947        0.1031213154        0.1280671566
        0.0838253671        0.2296085410        1.3405638717        1.3626658682
       -0.0209503012        0.0115738725        0.0393425400        0.0460511140
        0.2331170570       -0.0879416763        0.2097366656        0.3256789364
        0.0655544695       -0.0277684346        0.1962951159        0.2088067215
       -0.3398977452        0.2702879894       -0.3213887604        0.5402562445
       -0.2095851713        0.1122113538       -0.3028819113        0.3850386788
       -0.0597301654       -0.1355370008       -0.2216470755        0.2665809396
        0.0303721446       -0.1568585621       -0.0943038577        0.1855270688
        0.0837885370        0.0257350832       -0.0557005052        0.1038525865
        0.0901957950       -0.0242077810       -0.3028485098        0.3169203653
        0.0976486796        0.0534831968        0.0978849733        0.1482470403
        0.0554868926        0.0683943802       -0.0395640240        0.0965499793
       -0.2367472233        1.0024800995        1.5729429946        1.8802035160
       -0.2136406528        0.4851176591        0.8107953967        0.9686953324
       -0.0368641058       -0.0067744207       -0.0132260537        0.0397464913
       -0.1000245324        0.0732176180        0.2064375770        0.2407949332
       -0.9185071039       -0.2014276732        0.3069002849        0.9891492265
       -1.0092264160       -0.1120986104        0.2370358432        1.0427320117
       -0.1399329327       -0.0448893489        0.1240236782        0.1922970412
       -0.4473780124       -0.0660208477        0.1255890740        0.4693383149
       -0.0107376297       -0.0015129734        0.0098019702        0.0146172638
       -1.7965361229       -0.3080452860       -0.2089594459        1.8346928869
       -0.2157181282       -0.2313615318       -0.3346896959        0.4605210764
        0.0038037353       -0.0393093329       -0.1137817503        0.1204407687
       -0.1753012912       -0.3339521760       -1.4170882939        1.4664221190
        0.0132151384       -0.0668729202       -0.1490620448        0.1639088788
       -0.6269273513       -0.5611502249      -52.6347660293       52.6414905036
       -0.1144100820       -0.0493468455      -10.1562334908       10.1569977601
       -0.3139612585       -0.1081502274      -10.1382424678       10.1436792378
       -0.0348401778       -0.0197515459       -3.6730805875        3.6732989211
       -0.3554400548       -0.0524032943      -28.9597808176       28.9620094044
       -1.3490619150       -0.1747124170      -90.4940321140       90.5042559261
       -0.0845219299       -0.0550900030      -17.9221636563       17.9224476282
       -0.0309313072       -0.0107005526       -0.7937965899        0.7944710654
       -0.2266178802        0.0046174252      -20.3019058264       20.3031711112
       -0.0795443827       -0.0585947355       -4.7508495556        4.7518766978
        1.3101658012        0.2410860584     -105.4496276079      105.4580419862
        0.4494557357        0.0172391868      -39.3092895402       39.3118627363
        0.4035435607        0.2228911357      -35.4126109166       35.4156115264
        0.0275646696        0.0478970903       -2.2336882303        2.2343717355
        0.2307863753        0.0959946347      -23.3892313093       23.3905668713
        0.4411274832        0.3408029916      -66.8241165373       66.8264415566
        0.3022754196       -0.0159602060       -5.0242446486        5.0333546911
        0.1396474371        0.0833242456       -2.2616812663        2.2675198978
        0.5512092878        0.0461858360       -4.9334740265        4.9643862441
        0.0455772196       -0.0011579932       -0.1767973355        0.1825812743
        0.2040471231       -0.2709505890       -1.0800490577        1.1320580450
        0.1005963478       -0.1642264004       -1.0408375447        1.0585049505
       -0.0033695748       -0.0478332909       -0.1577490742        0.1648761601
       -0.0332762549       -0.1416386532       -2.1296925832        2.1346567209
        0.1128549135        0.0427297609       -0.5182104827        0.5320753409
       -0.0365009881       -0.0075161460       -0.1202569229        0.1258989360
        0.0988130840       -0.0368382579       -0.4702052617        0.4818859522
        0.0783515620       -0.1855783169       -1.4557305469        1.4696018863
        0.2005528168       -0.1223143525       -1.7982039690        1.8134827673
        0.1032219196        0.0073649837       -0.4278398600        0.4401771842
       -0.0340444933        0.0509840402        0.0283318899        0.0675358857
       -0.0640001940        0.0973177460       -0.1398052931        0.1819678227
       -0.1209320066       -0.1390146636       -0.2112611969        0.2803228857
       -0.1163249142       -0.0654904350       -0.0282534841        0.1364505115
       -0.3166516764        0.1940062846        0.2249132699        0.4341574617
       -0.1544769166        0.0506665241        0.0131537169        0.1631049806
       -0.1587450782       -0.8630903298        0.4211226437        1.0932267044
       -0.0631704503        0.0042945717       -0.0578590748        0.0857707507
       -0.0498934344       -0.0860030511       -0.3874928353        0.4000457186
        0.0953904886        0.0635482212       -0.9492765596        0.9561713802
        0.1753930176        0.2836009426       -1.6030524572        1.6373666010
        0.0854739751        0.0797079488        0.0245720724        0.1194275691
        0.0376343789        0.0310001671       -0.0927824606        0.1048138437
        0.0115200917        0.4767907793       -1.3145637134        1.6847349053
       -0.3466150826        0.0650880144       -4.2106869074        4.2254304748
       -0.6685921147        0.2445286677       -6.8649022755        6.9017166660
       -0.1334711700       -0.2140300333       -2.5380271485        2.5505303792
       -0.0026949550       -0.1612518952       -2.4248684861        2.4302256297
       -0.0788670485       -0.0296269022       12.8710267921       12.8720592071
        0.0657732263       -0.1772509146        3.5226147646        3.5304445285
       -0.8139579768       -0.6388565686        2.4892448017        2.6993489532
       -0.0344652516       -0.1042566349        0.2754073435        0.3276984731
        0.3111430652       -0.3821644838        0.5607874046        0.7594879840
        0.4425225756       -0.2844376902        0.1334841395        0.5603827531
        0.0435809500        0.0478557720       -8.7190870902        8.7193273341
       -0.0535831678       -0.0459096902       -8.8846298561        8.8849100465
        0.5361328096        0.9907821986       -7.4133812162        7.4997859034
        0.3569027303        0.2537181566       -4.1058766336        4.1315197176
        0.0095080219       -0.0145015976       -0.8404404737        0.8406193483
        0.0590621377       -0.1543138564       -0.9708144393        0.9847749885
        0.1474616788       -0.1909315007        2.1141440661        2.1324363301
       -0.2205268227       -0.2887686933        5.2671258847        5.2814878877
       -0.2948444647       -0.0251516813        1.0922094555        1.1315862142
       -0.0731814915       -0.0055694354        0.1017887093        0.1254890061
        0.0226274040        0.0414790417        0.0250473945        0.0534778672
       -0.0556838695       -0.0326121223        0.2103234054        0.2200004062
       -0.1420599909       -0.0479104761        0.1543712643        0.2151904783
       -0.0587286539        0.0528631094        0.1893156365        0.2051437870
       -0.2210574246        1.4129627710       -1.4614861519        2.0495735494
        0.1523945429        0.8008656641       -1.0310751431        1.3218190664
       -1.0139057613       -0.3594614461        0.1366225118        1.0843814526
       -0.3576234044       -0.0690799408        0.1039548722        0.3787785013
       -1.1380862046       -0.1891227307       -0.0759182686        1.1561882199
       -0.1852915482       -0.0471209543       -0.0661938170        0.2023239076
        0.0771143440        0.0153851125       -0.1530273296        0.1720485029
        0.0484338414        0.1082215808       -0.6684457542        0.6788795724
        0.3122349977        0.0508800131       -1.4081636463        1.4432616964
        0.0556672470        0.0735489930       -0.3113471293        0.3247234696
       -0.0224959744        0.0847822055       -0.2069492447        0.2247711750
        0.0221800035       -0.0473634965       -0.1158095017        0.1270712164
       -0.0218129771        0.1649218452       -0.4677166785        0.4964211039
       -0.0010316007       -0.0084374215        0.0056922019        0.0102301243
        0.0090855631        0.0919985229       -0.1324536324        0.2134713688
       -0.1966496963       -0.2721131048       -0.7323028462        0.8175964092
        0.0019521818       -0.0442156885       -0.0479731258        0.0652706590
        0.0610373990       -0.2637074130       -1.0817834477        1.1151334411
        0.2470819817       -0.1401276954       -2.3039377038        2.3213819633
        0.1554550800       -0.0858599303       -0.7898838602        0.8096015823
        0.1133438134       -0.0365301398       -1.1805666509        1.1865575790
        0.0257915719       -0.1356121504       -1.0559828512        1.0649674373
       -0.2269800138       -0.0770750041       -4.6145197234        4.6207415812
       -0.0060916249       -0.0338560309       -0.2334210288        0.2359421865
        1.3176024679        0.5848063458      -16.9345774449       16.9958226622
        1.9447078820        0.7257109308      -25.6188684981       25.7028202387
        0.4159399073        0.0701887681       -5.8058082527        5.8211117441
        1.2719748635        0.4574746714      -18.9442161517       18.9923808073
#SUBSTART
       -0.6082595991        0.1082307552       96.8415660066       96.8436372718
        0.3650555405        0.2075331836      206.1014111594      206.1039746537
       -0.5115473811       -0.7342577218      170.2891890376      170.2941251740
        0.2367526424        0.5707182742       -0.4250667428        0.7628451238
       -0.7710455158        0.8025693554      -37.2687351913       37.2856102445
        0.3272540403       -0.1487654135      -49.4445549747       49.4547631032
       -0.3125182725       -0.1210307260      -36.8519147230       36.8653805820
       -0.1166256292       -0.3601380929      103.0218185862      103.0226086137
        0.1326598555        0.1909321673       98.0028409595       98.0032161189
       -0.1801946109       -0.5784030951       25.9567250875       25.9641691046
       -0.1789764772        0.8278469364       53.1314151721       53.1383488745
       -1.1755045461        0.9147295015        0.6129165096        1.6845915251
       -0.3704354401        0.1465116325      -10.5751869618       10.5836074727
       -0.2106115950       -0.2392478499     1469.9191150346     1469.9194490487
        0.0097404395        0.2392813397      721.5347294232      721.5347826640
        0.0330282720       -0.2497098684      161.5691477559      161.5701105647
       -0.2486401440        0.3933969331        7.7977341052        7.8116093248
        0.0177563973        0.0391708731        0.6554883851        0.6568977622
        0.4321818470        0.1880760797        1.5739124982        1.7155160368
        0.3397629413        0.1548728610        2.4173131698        2.4952892378
        0.1813052095       -0.0834376698        0.0879314656        0.2589307847
        0.4861125015       -0.4791046289        0.6670765176        0.9645296651
       -0.4704069780        0.2920770276       -0.5822474258        0.8155265568
       -0.1851922424       -0.0560852183        0.2177537993        0.3230142727
        0.2925501079        0.0491996345        0.4028915978        0.5194300666
        0.1137755329       -0.2464339750        0.2911586590        0.4218148000
       -0.0741262248       -0.0637938339       -0.1464335702        0.1760884463
        0.0471963153       -0.1111677107       -0.2805813716        0.3054695699
        0.4893884354        0.1842167352       -0.4738127255        0.8611482480
        0.1990912843        0.0976156906       -0.6452941402        0.6964556517
       -0.4274121354       -0.5263840563      182.3824425899      182.3837564208
        0.1935972892       -0.0291050810       26.3157052076       26.3168035175
        0.1697578828        0.2368111738       44.3202997621       44.3214772775
        0.2631059946       -0.4550659538       35.7947956384       35.7989271399
        0.6939492263        0.3504770325       65.7752481667       65.7799905051
        0.4887906915       -0.3123811547        7.3465833083        7.3694494118
        0.2857101305       -0.0706754465        3.5966140382        3.6086365621
       -0.3864599997       -0.4522487507        3.6460962977        3.7271355537
        0.0072202215        0.2803423976        0.6726990463        0.7420564556
        0.2284209010       -0.1909854756        1.3507710602        1.4686303064
       -0.3426728025       -0.2222700239        1.0260118308        1.1131076655
        0.2007661266        0.7194908037       -0.0130243078        0.7600154417
        0.2242180311        0.0454350605        0.0449371334        0.2717300150
        0.2603894660       -0.0368689531       -0.5440254921        0.6201657155
        0.0800303734       -0.1828002455       -0.6571817142        0.7008483294
        0.7153147994        0.8569677561       -4.0307503484        4.1847935616
       -0.0162226836       -0.0178073804       -0.9578732854        0.9682878157
       -0.7714478415       -0.3268849674     -136.7072646672      136.7130607884
        0.1663750585        0.0299631521      -38.3154218330       38.3160489675
       -0.1634214211        0.5474363438      -97.7578078321       97.7594772145
       -0.0001012326        0.0522591964       -4.3901588748        4.3904699042
        0.6984058332       -0.0027567527     -372.4139826556      372.4158227674
       -0.0377475747       -0.1171586786      -42.3905457724       42.3909542438
       -0.1882309208       -0.1158902998     -318.1142642751      318.1147240190
       -0.6836530216       -0.3971196286     -390.8416836349      390.8425082201
       -0.0120815057       -0.0158574620      219.6006660213      219.6006669262
       -0.0147838807        0.1330579185      284.3378898257      284.3379213428
       -0.0369025414        0.0877699777       82.5809551524       82.5810100402
       -0.0585887185       -0.0340119529      122.8771284972      122.8771471721
       -0.0423091706        0.0296467939      199.3213104548      199.3213171501
       -0.2607572907       -0.0040933787      389.2053134154      389.2054007872
       -0.1008863167       -0.2116210445      124.6037993268      124.6040198717
       -0.0313735281       -0.0521474061       94.6397239539       94.6397435210
       -0.1257013423        0.0268033393      262.3748189061      262.3748503864
       -0.5941413294       -0.0592520695      837.6068264293      837.6070392468
        0.5189345703       -0.0418319605      103.5614805781      103.5639849463
       -0.1020867976        0.0926264076       53.7050031590       53.7051800637
        0.0106062208        0.1080012322       22.5098693330       22.5101309225
       -0.0360118872       -0.0148373018        1.1401855325        1.1408505818
       -0.0138233745       -0.0771301492        0.3278789960        0.3371124169
       -0.1420425507       -0.1220076943        1.0525112081        1.0690377949
        0.0220715375        0.0109382775        0.1238812377        0.1263066100
        0.1297457537       -0.2233021763        0.2182877298        0.3381528582
        0.1236850553       -0.0431426838        0.0726931985        0.1498118326
       -0.0322310756       -0.0363105433        0.0154575585        0.0509532521
       -0.0320722272        0.1102499602       -0.0153725423        0.1158447087
       -0.1898302158       -0.1777913571      161.0903934353      161.0906033958
       -0.0131801837       -0.1038295063      102.0452229441      102.0452766177
        0.4054349214        0.1183079049      289.5701474602      289.5704554583
        0.0769397120        0.0605029968       39.1942939851       39.1944162008
        0.1102115002       -0.1119660185       14.6174552797       14.6182995529
        0.5224647643       -0.4470156302       95.3470546885       95.3495339798
       -0.6222129090        0.7444736323        0.6808383405        1.1852977428
       -0.1347686742        0.0841139207        0.1391791890        0.2112074663
        0.0604275387       -0.4685465455        0.2148249007        0.5189769654
       -0.0312187421       -0.0679304264        0.0763327967        0.1068449744
       -0.2269292143        0.0179809570       -0.2345669885        0.3554175574
       -0.0150682782        0.2155514148        0.0714701182        0.2669779544
        0.0227849468        0.6193046750       -2.4599604527        2.5851766461
        0.7371812129       -0.1154179861       -0.5774797143        1.0667313165
        0.0283617890       -0.0400428379       -0.1561564225        0.1636845999
        0.3581631180       -0.0462751662       -0.5885590895        0.6905244470
        0.1153291720       -0.5748314773      -22.1283835046       22.1361489101
        0.0111914050       -0.2085191966       -5.5203311792        5.5242793042
       -0.0853230085        0.1511499224    -1626.2142382274     1626.2145189156
        0.0446891626        0.1561274513     -306.5492664444      306.5493094602
        0.1253097981        0.0783780499     -170.8623301770      170.8623941047
        0.0429320868        0.1758977238     -518.0525251892      518.0525568300
       -0.0336212963        0.0280123915     -353.6948960191      353.6948987264
       -0.0810614164       -0.2756486370       -1.3533186376        1.3834827282
        0.0544884122       -0.1275419520       -0.6517185837        0.6663130262
       -0.2354519869       -0.2529447061       -1.2190008545        1.2670366000
       -0.2102687214       -0.3089735687       -0.9185326431        0.9916550901
       -0.1161770363        0.0104082258     -389.8632126459      389.8632300948
        0.0182330908        0.0508037409      -97.6386668379       97.6386817576
       -0.0336969911       -0.0316767301      -23.2931640864       23.2932099991
        0.0661996470       -0.1016220276     -201.4168677966      201.4169043115
       -0.0072529926        0.0111968739      -72.9609947955       72.9609960151
        0.1182606895       -0.3233674400    -1656.0858527399     1656.0858885328
#SUBSTART
        0.0312229860       -0.2282594619     -105.2419978904      105.2423426051
        0.1423852380        0.8562017074      -52.3725803120       52.3820977473
       -0.0994689577        0.6952521532       -4.3340949706        4.4897660782
        0.0714004793        0.1971297661       -0.5834866455        0.7924997152
        0.4662191856        1.5356977730       -5.3966284337        5.6319451538
       -0.1816201406        0.2397428749        9.6222621845        9.6279734032
        0.0154139736       -0.2209236209       50.4496065773       50.4525072677
        0.3065539142        0.2114436028       68.0167521661       68.0242607509
       -1.3405926230        0.7062896663      213.9081230404      213.9155532637
       -0.0877597741        0.5083770503      144.7229921964      144.7247534468
       -0.9285838303       -0.3333297199       11.5781408014       11.6579188384
       -0.8443596535        0.0879870904       16.7944309694       16.8420291869
       -0.3398519354       -0.9953822426        1.1948807801        1.5979690268
        0.2382162015       -0.7506980667        0.3122864609        0.9805398205
       -0.0608484218       -0.8579240363        0.0802141627        0.8750144452
        0.3241819898       -0.2583801836       -0.7182589813        1.2532126838
       -0.0042876285       -0.0765273876       -1.0984273464        1.4466402639
        0.0726609807       -0.1694599994      -41.5466428914       41.5499840290
       -0.1195265886       -0.3012271590      -37.6002984657       37.6049346506
        0.1611276019        0.1924987473      -83.6232397811       83.6250974576
       -0.1438473711       -0.4996805542     -126.9634877378      126.9646292125
        0.2468491838        0.1133916625     -108.6799053606      108.6803344730
       -0.1886531349        0.0395237392      -46.1502366630       46.1506391742
        0.3265800189        0.1112077756     -195.1866630897      195.1869679814
       -0.2616061040       -0.0693276941    -2606.7118195972     2606.7120025087
        0.0200078412        0.1238774206     -274.8927740484      274.8928381201
        0.2716175969       -0.2476824903     -981.5153390878      981.5154178448
       -0.0046068433        0.2183676322       -4.6926637956        4.6977440484
        0.1692034887        0.6024473667      -10.8261987580       10.8442681725
       -0.4502303723        0.2522123912       -6.1980289989        6.2900456067
        0.0460018613        0.3581592862       -1.3615948450        1.4155615679
       -0.0974867787       -0.0418509991       -1.6961075028        1.7051438720
       -0.2991581801        0.1795127318       -0.6767557402        0.7740791654
       -0.5228281683        0.6375093188       -0.7558417314        1.1271840724
        0.1535779726        0.2807018602       -0.9379571826        1.1089719713
       -0.1153001714       -0.2096101384       -0.9352052803        1.0860547338
       -0.3031712649       -0.2559315470       -0.0280301819        0.4215201639
        0.1040231265       -0.0102177244        0.2249638184        0.2846290872
       -0.1558778353        0.0261246292       -0.0698104720        0.2221118698
        0.0280201727        0.2003696454        0.4717720189        0.5319602877
       -0.3475472133        0.3198114660        0.8754507322        0.9947273113
       -0.0975548975        0.0296761260        0.2993290473        0.3162206651
        0.2040862623       -0.1478197367        4.2774859377        4.2871747818
       -0.0037646346        0.0342247733        0.5882946006        0.6056036902
       -0.2409863991        0.0332739528        5.6784761922        5.6853982491
       -0.0370786467        0.0662630828        4.6323707727        4.6350948623
        0.3618114422        0.2761218334        6.6371121435        6.6541632214
        0.7919201632        0.3156858872       56.9202818128       56.9343975762
       -0.0281647223       -0.1246512380        2.1702802428        2.1785149299
       -0.1608456461        0.1963606554       36.2436069095       36.2566383057
        0.0798573426        0.0541669267        4.9106009386        4.9135315827
        0.0237485807       -0.8072544902       27.0464727133       27.0588874461
        1.0736834900       -1.1980239032       49.6181983410       49.6444674048
       -0.3259475848       -0.2089799286        9.6171819975        9.6259848222
        0.2003412054       -0.0384668741       48.8978541774       48.8984789052
        0.0687102833        0.0863192402       32.7596468859       32.7635510463
        0.1756432088        0.0226867420        2.9386521259        2.9472905060
       -0.0150627019        0.7823464917       26.8803092371       26.8916960714
       -0.2316712710        0.4970498326        9.2467033231        9.2629505267
        0.5438208459       -0.1124660078      872.0777609492      872.0779489310
        0.8352161640        0.1922525454     1710.2039653385     1710.2044381882
       -0.3618247318       -0.2300320107      165.5034770634      165.5040912839
       -0.0872195903        0.1909232431        4.1455657047        4.1532220911
       -0.7742012106       -0.1528219408        5.1354001975        5.1975529852
       -0.2013318279        0.1296436138        1.5865769914        1.6106049503
       -0.8828205511        0.3950024551        4.7849488574        4.8837090841
        0.0131428976       -0.1895691263        0.4609018502        0.5177059878
        0.4437777542       -0.4918890097        0.0503569149        0.6789028625
       -0.1456519947       -0.1462718092       -2.3770670755        2.4365341753
        0.2577193943        0.0390480317       -1.1792013007        1.2157053621
       -0.2160582357       -0.0512086755      -11.3069093768       11.3099506157
        0.2401662069       -0.0835201990       -7.5301667911        7.5344586622
        0.2356760759        0.0519901246       -7.0924521274        7.0965571487
        0.0136441325       -0.5931585074      -56.3472997191       56.3505961690
        0.4146608257       -0.1140965158      -80.2005928460       80.2018673988
        0.0012443750       -0.0355103247       -3.3657735752        3.3688535255
       -0.2297879142        0.0492161803      -40.5365146910       40.5374361276
        0.1758210120        0.1226563102      -39.7434468906       39.7442701295
       -0.1024121504       -0.0521201235     -202.7536643133      202.7536968769
       -0.0790547714       -0.1167493783     -100.7112800648      100.7113787631
       -0.4957763251       -0.2824639290     -984.9584910429      984.9586563189
       -0.2352494834       -0.2236897730     -459.0275782160      459.0276930015
        0.1229159061       -0.0455638122       -0.5709787554        0.5858336966
        0.0456663031        0.0565131672       -0.6606875742        0.6646707606
        0.2960443702        0.2324260912       -2.0201702054        2.0549335307
        0.1403679193        0.1587971164       -1.7729602823        1.7855833331
        0.6365827639        0.1913328757       -3.4552670183        3.5536448165
       -0.0613162170        0.0675053878        0.0344895981        0.0974996832
       -0.0464157176       -0.0305982947       -0.0585395362        0.0807313556
        0.1573900659        0.3215546548       -0.2715911439        0.4493670864
        0.0049079491       -0.0045977489       -0.0460369861        0.0465255988
       -0.0105898357        0.0413793429       -0.0529004295        0.0679915442
       -0.3565928500        0.3290168331       -0.1528737738        0.5087051482
        0.2020281166        0.0665887959        0.7050461839        0.7364370639
        0.1231198303        0.0457966952        0.9725535846        0.9813848913
       -0.0171178327        0.0497115256        0.3059721680        0.3104564762
       -0.0155732403       -0.0779028258        1.0117146906        1.0148290453
       -0.1795878130        0.0213459139        1.7810918225        1.7902501252
       -0.1043051738       -0.0631255699        2.2467639137        2.2500694413
        0.0759825489        0.0291142605        1.4089847362        1.4113323403
       -0.0346579708       -0.0500222487        0.8924370207        0.8945094948
        0.5430881778       -0.0681605577       21.9945723146       22.0013818187
        0.1949344414        0.0161963944       11.2080932720       11.2098000229
        0.2324914885       -0.3953864672       17.9193473347       17.9321238865
        0.0091655673        0.1110792454      172.9894437537      172.9894796593
        0.0587453476        0.0419352756       34.4803794134       34.4804549575
       -0.0235721195        0.0366456617        0.2904846271        0.2937343493
       -0.1062350170       -0.0426974248        2.8872472314        2.8895164862
        0.2287416849       -0.1962354124     1551.6129929983     1551.6130222682
        0.0264693196       -0.0168002388      586.2903375509      586.2903383891
        0.0531370346        0.1362656121      284.1499143877      284.1499520295
       -0.0496622145        0.1063821795      438.3284636804      438.3284794032
        0.0003295493       -0.3614754289        1.1041488287        1.1618129067
       -0.0484832139       -0.3082161641        0.6408756634        0.7127899002
        0.0167360397       -0.2382683139       -0.6655859041        0.7071467175
       -0.0380612534       -0.2268097553       -0.3594372318        0.4267158864
        0.3353695367       -0.1326638018       -8.8846891123        8.9059221006
       -0.0901836481       -0.0978647750       -0.9498513921        0.9591289129
       -0.3380568417       -0.0630604309       -2.4246483593        2.4489137822
       -0.0389622586        0.1588620383       -3.6523613714        3.6560222636
        0.0109648922       -0.0043557397       -0.0312301166        0.0333844502
        0.1592708598       -0.0227992992       -7.7484151298        7.7500854214
        0.1238147827        0.0217180283       -2.5400471001        2.5431557255
        0.2012075682       -0.4173177898      -36.1859669560       36.1889326061
        0.1261053981       -0.4756366211      -47.3741304539       47.3766859229
       -0.0569665820        0.1919577561     -134.5625526017      134.5627739586
       -0.2002281395       -0.0521100441      -43.6033362527       43.6040504875
        0.1099550657        0.2551804753       25.3954760245       25.3973795792
       -0.0497506673       -0.0789863996        5.1999547370        5.2026649932
        0.0811229900       -0.2193864397        0.2419466236        0.3643203302
        0.1331955080        0.1103745652       -0.0366853922        0.2252758107
       -0.0888926486       -0.4627095177      135.4503959049      135.4512153980
        0.0188087776       -0.0299115274       21.0676086855       21.0676383155
        0.0209962851       -0.0071375296        1.9332888868        1.9334160722
       -0.0347220273        0.0605514075       61.8977440889       61.8977834449
#SUBSTART
       -0.4837312368        0.2236548409       -2.4077586065        2.5149472886
       -0.1904275611        0.2659828805       -6.0393666260        6.0498296320
        0.0768147102       -0.5919110793       -5.5227739358        5.6338337707
       -0.4681875776        0.0008811823       -0.3614077392        0.6076970653
       -0.0076233107        0.4175318807        9.3005600409        9.3109767396
       -0.2147571963        0.5577621681       -4.4338798469        4.4761579028
        0.4010962684        0.1574625429      -75.5636843883       75.5707540176
       -0.7703416390        0.1480976134      -62.7199282365       62.7318702808
       -0.0288647002        0.0099505751     -796.5166652851      796.5172184955
       -0.3135279178       -0.9734993740     3610.8219284851     3610.8221955700
       -0.3383085207        0.4194848265      996.1699057382      996.1700612839
       -0.1415548609        0.4775756900       28.7966595993       28.8051967769
       -0.4702993436       -0.0234339498     -394.6590851505      394.6596747369
       -1.0370650962        0.1497612222       -9.5328566789        9.5902705330
       -0.0309828961       -0.0019416517       -0.5728451946        0.5736857387
        0.0628671476       -0.1037997479       -5.6656324456        5.6887426645
       -0.8869690147       -0.2506808133      -21.8948465868       21.9343715148
       -0.2183331638       -0.0427869406       -1.4576829167        1.4811547398
       -0.1459976549        0.0323988958       -1.3388379000        1.3543750260
       -0.1977129786       -0.2276889736       -3.3283687807        3.3449142315
        0.0270200011       -0.7203811635       -5.6960335334        5.7431661041
        0.0758934556       -0.2439934975       -0.1995592537        0.3242168089
        0.2509558805        0.1098234535       -0.0186923201        0.9788673213
       -0.0850893727        0.1482694327       -0.8751145698        1.2953151436
       -0.3431203126       -0.0381036167        0.9641586332        1.0241021944
       -0.1739132742       -0.1188901322        0.6724742990        0.7047002010
       -0.1892585080        0.4278745578        2.7860876712        2.8285437448
        0.8429024991        0.0470482959        1.5484917251        1.9977175428
       -0.0101665175       -0.0946580511        0.7323395345        0.7515746693
       -0.0372008158       -0.0598772570        0.1867564717        0.2435712447
       -0.1597152684       -0.0507594789        0.3084835268        0.3777927512
        0.2105288370       -0.1315341756        8.3225115717        8.3789124046
        0.0149782167        0.0453268553        0.2192127321        0.2642212664
       -0.0566487438        0.2252837452        0.5616556773        0.6236174555
       -0.2996567718       -0.1636038175       42.0737193653       42.0753360225
       -0.5157848851       -0.0200302666       60.0822366178       60.0846159349
        0.3749062089        0.1150140697       -9.5604203837        9.5694775511
        0.6389617210        0.0572875299      -15.5827041462       15.5965285315
       -0.0167226819        0.0033908213     -100.4971837051      100.4971851536
        0.4770918775        0.2323370543    -1131.1299726324     1131.1304862548
        0.4512110336       -0.9703352388     1255.0235890449     1255.0240530288
       -0.5864212796        0.4049678873      158.9920529563      158.9937114226
        0.0896343034       -0.0912740336       87.7808831404       87.7810873136
        0.1670073354       -0.1835398746       16.7080920226       16.7105175610
       -0.0910590915        0.0416589788       17.2912471961       17.2921004106
        0.4205239950        0.2529452760       61.9013208505       61.9034233670
        0.0884974200       -0.2338973949       28.4545354964       28.4710990426
        0.4315352573        0.0295050853        5.4590134357        5.4779011222
        0.0768090538       -0.2644546370        2.8840473565        2.9005249224
       -0.9221520383       -0.0728254783        4.0288166413        4.2390828308
        0.0615380305       -0.0120192773        1.1511778077        1.1613016499
        0.1729185316        0.2337186910        0.0797234619        0.3322060511
       -0.0439051986        0.0003023479       -0.1454066302        0.2062780426
        0.0232127075       -0.2394069537       -0.2628237094        0.3826363893
       -0.0058022689        0.0016042875       -0.0053516986        0.0080548582
        0.6776955577       -0.1481775853       -1.3159915185        1.4876362265
        0.2670583408        0.0723575993       -1.2565810102        1.2942300412
        0.2582897917        0.0642471262       -2.2101089250        2.2304489582
       -0.1569751832        0.3465277437       -4.4217290536        4.4402579085
        0.1796595191       -0.2790097536       -2.8913854195        2.9137112785
        0.2703530543        0.3757267937      -33.8900816587       33.8935300023
        0.0496204548       -0.0023420280      -16.4029416006       16.4105647756
        0.5622342761        0.9359089260    -1035.3018824553     1035.3024675563
        0.1463099031       -0.3487279776     -273.1732402619      273.1735376876
       -0.3162062971        0.3464082716      -33.3522449318       33.3558346753
        0.1442632020        0.3607043705      -18.8398873182       18.8444090770
       -0.0697128879       -0.4118905732      -20.6862211824       20.6909096060
       -0.1618946602        0.0008426400       -2.1584478774        2.1690061354
       -0.2050642980       -0.6510345782     -147.3804312131      147.3849983971
        0.2955039766        0.5486290101      -43.0444124452       43.0591466443
       -0.2218115046       -0.0321603598       -2.3012495391        2.3163470937
       -0.1629252774        0.0257475062       -2.2998307331        2.3099586070
       -0.0376934036       -0.1005175193       -0.1992929520        0.2263675000
       -0.0637066981        0.0298443688       -0.0700936794        0.0993093834
       -0.1738497890        0.2508702486       -0.5242835937        0.6066571663
       -0.1278986839        0.2184012759       -0.2366322285        0.3464852121
        0.1282914503       -0.1446307632       -0.0686436288        0.2051553110
        0.1836139654       -0.0837450435        0.0383704910        0.2054254492
       -0.0005536903        0.0345937017       -0.1440561406        0.1481526322
        0.0614371738       -0.1064947027       -0.2388089116        0.2685988538
       -0.0391847292       -0.0138238251        0.1750803031        0.1799434736
       -0.0776246457       -0.1793423219        0.2151921427        0.2906835261
       -0.1877137503       -0.1140001589        2.8575343438        2.8659614467
       -0.1379132247       -0.1547569152        1.5483028232        1.5621175988
        0.1234547791       -0.7973221556      133.2217332966      133.2241764330
        0.1883899200       -0.6346709173       96.3608636956       96.3631379216
        0.3193691076       -0.0009181951       25.4318627345       25.4338679641
        0.1466865017       -0.0233497810       21.3685348869       21.3690511103
        0.0340345059       -0.0058447066       -0.9710866121        0.9717004252
       -0.0847162503        0.1267846555       -5.7196858179        5.7217180154
        0.4198913827        0.4999840621    -1021.8968060904     1021.8974454128
        0.1851671455        0.1885507186     -304.0187106424      304.0188575379
        0.0420098928        0.0133691005      -35.5145063286       35.5145336915
        0.1606345759       -0.0206077100     -537.8284036414      537.8284280248
       -0.0840278575       -0.0340875947      137.9022634866      137.9022932999
       -0.0152429659        0.0721477667       61.4810006266       61.4810448488
       -0.0068328943       -0.0814091512       18.6059326757       18.6061120299
        0.1582024116       -0.3339417963       47.6231579509       47.6245915294
       -0.0173623055        0.0433462249        8.1878661696        8.1879993133
       -0.0476033853       -0.1037928884       24.4183125555       24.4185795472
       -0.0050634801       -0.0215558446        1.1376662028        1.1378816645
        0.0112344797       -0.0309984259        0.0827673872        0.0890944242
        0.0059844704       -0.0096603431        0.0264373541        0.0287807211
        0.2498609884       -0.0244038391        3.3661683230        3.3755170329
        0.1581396723        0.0391386062        3.8572129680        3.8606517412
       -0.2085088311        0.4159405118        3.3123814599        3.3478102041
       -0.0917793591        0.2615701452        0.7535221095        0.8149341973
        0.6093681185        0.1207923552       -0.5524794648        0.9689320332
        0.0798503525        0.0003980635       -0.0771673593        0.1110452097
        0.4824518440       -0.1991634738       -0.9743214822        1.1053181541
       -0.1319006013       -0.0557530454        0.1056646208        0.1779639929
        0.0119836260        0.0039190448        0.0991511211        0.0999495424
        0.0067101490       -0.0064553099       -0.0001861063        0.0093129888
        0.1013153335        0.5140555821       -0.4706113033        0.7042676600
        0.0606648065        0.2986468349       -7.3176637734        7.3408956320
        0.1264536913       -0.3552696206      -53.1927273290       53.1940640272
       -0.0240984955       -0.0775686851      -17.7600625888       17.7602483315
       -0.1115666475        0.0054723787      -33.3494238724       33.3496109375
        0.0137850792       -0.0193718621      -38.6050800033       38.6050873249
       -0.0207504352        0.1124635810     -163.6410685686      163.6411085300
        0.1081253614        0.1495659902     -430.8966278235      430.8966673470
        0.0295461737        0.0311663054      -17.0872370854       17.0872910530
        0.1325187188       -0.0392437208      -14.8333641722       14.8340080203
        0.0023087326        0.0174122049       -0.2395405270        0.2401836364
        0.1487373396       -0.2029939303       -7.6596284310        7.6637612850
       -0.0354346868       -0.0765232129       -1.5844615179        1.5867040433
        0.0651355963        0.0146321253       -1.0943403871        1.0963747662
       -0.1170524924       -0.0307420735        0.2799946668        0.3050301207
        0.0303540522        0.0247221594        0.1073223546        0.1142394041
       -0.0859069712        0.1050868520        0.3910803287        0.4139650682
       -0.0113852991       -0.0252330122        0.0136624780        0.0308705886
        0.0232636411       -0.0273981958        0.1772325867        0.1808403935
        0.1286867707        0.1367719156        0.4568250309        0.4939189718
       -0.0675886429        0.0502753699       -0.3436008211        0.3803119070
       -0.2367023560       -0.1596643533       -2.8786253456        2.8961153942
#SUBSTART
        0.3125418749       -0.0328217894     1985.8610125868     1985.8612591071
       -0.6040883653        0.0754452932      122.9604879858      122.9620742353
        0.1256031897        0.6294801354        4.2066944853        4.2839165322
       -0.8573923880       -0.2585454464    -4835.4403567965     4835.4405310060
        0.1895876205       -0.6967933254    -1335.5950007259     1335.5952032364
       -0.2100712564        0.2780278113     2391.4546353073     2391.4547116354
       -0.1120661931       -0.2463231014      693.8364403990      693.8366716561
       -0.1478511954        0.1063189388       52.5699358773       52.5704365743
       -0.0674020978        0.2047480165       51.4961519931       51.4967922756
        0.4439366998       -0.2427316320      154.5333049984      154.5341332915
       -0.0635582070        0.1062224293      101.6612900033      101.6613653656
        0.5539380451        0.1547452215       44.6472120985       44.6511346036
        0.2126050658       -0.2552012271       15.0814702407       15.1143595625
        0.2415485254        0.1499264950        3.4810483252        3.4954257067
       -0.2261169523       -0.5084625684        9.1116434774        9.1768459562
       -0.1834670024        0.0258326752        1.0968515741        1.1211113364
       -0.1346224638       -0.0249659681       -0.0730086874        0.1551669287
        0.0612342990       -0.0737833930       -0.1498655636        0.2261262933
        0.0146004786       -0.0778212720        0.1272253480        0.2047813430
        0.1261319557        0.2129476869     -226.9357163166      226.9358512799
        0.1024033875        0.1307378575      -80.1330162127       80.1331882942
        0.1104713051        0.1124960260     -254.3585152798      254.3586024383
        0.0527658910        0.0127946949      -31.6320620862       31.6324165937
        0.0841070415       -0.0496656283      360.6968256996      360.6968389249
        0.2040296071        0.0901664101      808.5560328014      808.5560635711
        0.1314458025       -0.0153912857      109.6284802139      109.6285600968
       -0.0040739612        0.0432204518       83.5259586672       83.5259699487
        0.0114911098        0.0059258353        1.7405238233        1.7405718430
       -0.1647706201        0.0481737773        3.4949235439        3.4991371290
       -0.0173316365       -0.0227662814      -10.8548413578       10.8548790685
       -0.1856295598        0.1180631626     -224.5957664230      224.5958741660
#SUBSTART
        0.1573833024       -0.2607895101        7.6459099212        7.6532476100
       -0.5918596605       -0.3394103685       -8.5388208107        8.6172680524
       -1.0360036209        0.0198998817      -37.6250989483       37.6396234062
       -0.0419308190       -0.0642143436      -87.2530584178       87.2532037505
        0.4040336881       -0.3012487532        0.2559119835        0.5822068023
        0.6427403501        0.0395575177      -21.7347602785       21.7498994315
       -0.1080542533       -0.0234793737       86.6050640450       86.6051346355
        0.0363193194       -0.0132769012       63.4053279940       63.4053397861
        0.4607943647        0.4920741950     3057.8160348825     3057.8162535452
        0.0562566341        0.0132399844      288.3455347365      288.3455743069
        0.3995396853       -0.0878705548      568.9149479162      568.9153091249
       -0.1244493055        0.2591812498      794.1800871227      794.1802950969
        0.1303576973        0.0397614724        9.9432320599        9.9564089340
       -0.2439868972       -0.2446210489        4.0575803964        4.0746542824
        0.2358203941       -0.0039960046        4.3086218575        4.3173289569
       -0.1104356641       -0.0432040187        2.0128513852        2.0211662740
       -0.0299937940        0.2166520002        3.1361705533        3.1437880744
       -0.1275589198        0.2708274686        6.6005213703        6.6073066491
       -0.2892705247        0.0639392903        1.4155504913        1.4529379366
        0.2303785310        0.0037854565        1.3992436211        1.4249389788
       -0.0753591889       -0.0478801692        0.0286645996        0.0937719427
       -0.0241162125       -0.2298836883        0.1662696562        0.2847344384
       -0.3736098704       -0.2774350100        0.9002367364        1.0229665128
        0.1653663514        0.1297602145        1.1643531481        1.1913781020
        0.1852208667       -0.0046025476       -0.0247309222        0.2332795669
       -0.2473087327       -0.0201032079        0.6867155766        0.7433867205
        0.0139858342        0.3052538121        0.1922387539        0.3870542814
       -0.1210686252       -0.9912685407        0.6460248885        1.1975386730
        0.0960404324        0.0429951437        0.1605698749        0.2373495664
        0.1065647186        0.3766277803       -0.2906439751        0.5071077098
        0.4024141151       -0.7765151855       -2.0360628690        2.4064113432
        0.6627721611       -0.6191878695       -3.5015091679        3.6511508374
       -0.0212686845        0.2338542936       -1.3002708326        1.3213040626
        0.0604197683        0.2724719545       -0.9994243334        1.0376610779
        0.3005023710       -0.0994340507       -0.6920267856        0.7736728393
       -0.2161402769       -0.1535579787       -0.6154452646        0.6845066330
       -0.4347331888        0.0227417892       -9.4367501043        9.4478168087
       -0.1769093616        0.5456165792      -10.4392674547       10.4666585081
       -0.6474374129        0.9700504067      -12.1497922081       12.2064369691
       -0.3043457238       -0.1510066762      -11.5459088168       11.5517496305
       -0.8655639494        0.7953857188      -44.6383290569       44.6540226651
        0.0038135832        0.0840663605       -0.8898006153        0.8937711292
        0.2705636730        0.4906857110       -9.0364520759        9.0538082202
       -0.3681155682       -0.1903224963      -34.4588458001       34.4616201793
       -0.0893240424        0.1163640803      -13.9639939426       13.9654618970
        0.1045012525       -0.0833714347      -89.2666373755       89.2668465860
        0.1398321146       -0.5814095982    -2092.1585375741     2092.1586276892
       -0.0528204992        0.0313502199        1.4074089542        1.4087486667
       -0.1358200783       -0.2626070739      110.6473281626      110.6477231537
        0.1100494482        0.0922487769      105.6948146298      105.6990766796
        0.1135153210        0.0668276308       70.8990163739       70.8992761192
        0.0184699538       -0.5146859919       91.1352121701       91.1367742456
        0.0053094636        0.0444462555       19.5017424830       19.5017938542
       -0.0284859813       -0.1362512223       20.1061810451       20.1127206768
       -0.1451516110        0.0734150959       20.1522474265       20.1589477917
       -0.0165427844       -0.6508955326       22.0512879707       22.0664197546
        0.0926788918       -0.0195989931        1.1899401798        1.2018364755
        0.0000762105        0.0268389185        3.7391931868        3.7418933451
       -0.0050059996       -0.0937958240       19.9344400518       19.9351499287
       -0.0396685001        0.0048337073        0.0183811726        0.0439866131
       -0.0323671581       -0.1482399531        0.3191239869        0.3533593577
       -0.0684017599        0.3876339819        0.6951437924        0.8109522684
        0.2530626841        0.1034304606       -0.2118467611        0.3729576616
        0.1041271454        0.0191625618       -0.0560576908        0.1839345421
        0.1368592178       -0.0337926797        0.0608988471        0.1535612590
        0.3053881459        0.0860007356        0.0124566610        0.3175109677
       -0.7056903639        0.2997824676       -0.3284172094        0.9692095960
        0.1429714628        0.0558563574       -0.1192429519        0.2392894446
       -0.3995688799        0.1843976437      -24.9973401133       25.0016029547
        0.1464737993        0.2672457601       -5.0659229610        5.0770001085
        0.2965178733       -0.1036506461     -112.6773109255      112.6778351917
       -0.1957669490       -0.1106250042      -71.5417144561       71.5437705944
        0.1236944304        0.3611171871      -55.6991100041       55.7005928242
       -0.0183435188       -0.0799291192      -15.2458384289       15.2466978173
        0.3835180730        0.2321888644     -242.1509215341      242.1531543222
        0.0675820253        0.1713882703     -110.6137127608      110.6139542363
        0.0956421333       -0.8444258232    -1276.2027259096     1276.2030164912
       -0.1839012708       -0.6969609970    -2304.4455363160     2304.4456532756
       -0.0402191391       -0.1784289797      100.0447678781      100.0449350756
        0.0918286918       -0.1799933891      131.7913277346      131.7914826389
       -0.0695458129        0.1198823542      158.0081284870      158.0082509116
        0.1348760446        0.2139802314      927.2602850861      927.2603300891
        0.0161957936        0.0127997703        0.2822345097        0.2829884385
       -0.0039538720       -0.0505161576       11.0971115932       11.0972272766
       -0.0945919424       -0.0741035407        0.2988608441        0.3221129840
        0.0297719763        0.0158809857        0.0362798801        0.0495459986
        0.1549040485        0.0339421607        0.6315252706        0.6511309407
        0.1776848752        0.2113349390        1.0638015354        1.0990487151
        0.0699737667        0.0978489078        0.1229847610        0.1720348460
        0.0139162673       -0.0433078748        0.0252279038        0.0520161672
        0.0359535301        0.0007162440        0.2799948555        0.2822946837
       -0.0233634527        0.0637442100        0.0652108183        0.0941362102
       -0.0546540830       -0.1570590007       -0.0869401636        0.1876517800
        0.0563608861       -0.0341694765       -0.0146541162        0.0675192249
       -0.0036739898        0.0121422613       -0.4020420810        0.4022421754
        0.0442102354       -0.0756746437      -39.9302802537       39.9303764362
        0.2996967557        0.1414400722       42.8575504749       42.8588317170
        0.1518454190       -0.0206017230       23.9691440519       23.9696338738
        0.2642724241       -0.1401545648      144.1364208660      144.1397851181
       -0.0660102922        0.0152659698       23.4715726124       23.4720853588
       -0.2458873398       -0.0354719078        9.5214187660        9.5246592673
        0.2296072844        0.1350389435       22.7612068832       22.7627655130
        0.0109737436       -0.0144818964        0.2496371195        0.2502975026
       -0.2207293276        0.1305238824        2.7615059247        2.7733865386
       -0.0474965103        0.1078569863        0.7228941754        0.7324377358
       -0.1619305556        0.0231199559        0.9612319964        0.9750502490
       -0.0550677792        0.0361439043        0.1369468877        0.1519647728
       -0.1087557288        0.2001866901        1.2842918500        1.3043420086
       -0.0130323775       -0.0068282272        0.0830207962        0.0843144125
        0.2232264338       -0.2991514918        0.7670029987        0.8530036669
       -0.0798142163        0.1196546571       -0.0874584127        0.1683345480
       -0.1421690321        0.1546846852        0.0354438624        0.2130625563
       -0.3245415686       -0.1251277184        0.3734179073        0.5103186349
       -0.0793090145       -0.0133142591        0.0136993369        0.0815773321
       -0.0617844201       -0.0475182115        0.0084318156        0.0783989190
       -0.0066239713        0.0741126729        0.0280301197        0.0795125958
        0.0191596101        0.0034224621        0.0513897195        0.0549518624
       -0.2084349089       -0.0058057564        0.2441890695        0.3211029737
        0.0925587786        0.1110342270      -16.2550625591       16.2557052916
        0.3477065164        0.2511308791      -29.9451550710       29.9482266381
        0.4912949304       -0.0619683850      -76.8120703649       76.8137933207
        0.3530579347        0.2185980778     -116.7320884266      116.7329104548
       -0.0474911179        0.1658299757       -0.6628873521        0.6849632316
       -0.0175857643       -0.0237928458       -0.2062569060        0.2083681115
        0.0170577368        0.0185711997       -0.9578833232        0.9582151724
       -0.1146453024       -0.1108263207       -2.9587990502        2.9630926138
#SUBSTART
       -0.1553216213        0.5106486773       -0.6524733211        0.9768568331
        1.1343992549        0.9447314048        0.1195607504        1.4876671855
        0.1890776983        0.1428461781        1.1203059535        1.1535686460
       -0.2439626166        0.0851702566        0.5594737888        0.6318721676
       -0.3365704187        0.1177468379        3.5888533816        3.6401447113
        0.3136779849        0.5251835587        7.3813507775        7.4079707569
       -0.0391855750       -0.0581480626       53.9297537706       53.9320581790
       -0.0713828438        1.6549173641        1.4337444676        2.1952106905
       -0.2397626779        0.0481411668      -10.1172424796       10.1637193433
        0.7972399244        3.0783151635      -32.2345503657       32.4046392482
       -0.8949129138        1.1387804580     -119.4724200996      119.4848929626
       -1.3240802501        2.7530617537      -91.8897517219       91.9453196243
       -1.3348032506        0.2088111973     -286.6403746914      286.6435926108
       -0.6172610365       -0.2403836771     -534.1801806468      534.1806095986
        0.1752171387       -0.3627178015      -85.2231911389       85.2242574208
       -0.2419513891       -0.3897172416      -28.6072516931       28.6263099268
       -0.0881797681        0.3413993118      -10.8682465469       10.9143695539
       -0.6441253069       -0.9219279363        0.5595789114        1.2639054053
        0.2569648695       -0.7853717769        2.9064736600        3.1643673448
       -0.0197582743       -0.7403261147        2.3816011336        2.6647415818
       -0.0089358244       -0.2992139794        1.7131723442        1.7447200693
       -0.6115278301       -1.8958165243        4.0974941195        4.5827050527
       -0.2936007209       -0.5259249259        1.9601288898        2.1091573283
       -1.8635283514        0.1275965313        7.3934878847        7.6270676985
       -1.8091996537       -0.8560501028       13.0556059433       13.2088739678
       -1.2741557689        0.0602454911        9.0878594499        9.1780047728
       -0.8580529847       -0.3095146081      232.1551792763      232.1588725653
       -1.3452237202        0.3979869497      189.4823445484      189.4898670320
        1.3002205752        0.2476304454       74.4275252388       74.4452064148
        1.4329023718        0.0625101915      152.0777083549      152.0873658323
        1.3734561014        0.2396069984        9.1510116486        9.2697598852
        1.5423782099        0.3612044145        5.8611292269        6.0914592624
        0.2577608193        0.0873562688        1.1551118159        1.1949204366
        0.6294207129        0.0185957749        3.0672582778        3.1343371491
        0.5852184308        0.5336217799       81.1207569057       81.1247429183
       -0.0354783579        0.1253452638       -0.6817598566        0.8517086422
        0.5402172852        0.1009396352       -0.9783578062        1.1307905672
       -0.0949892362       -0.1025615298        1.1263878691        1.1435782610
       -0.8033441189        0.5255839214       -0.4897609178        1.4297754276
        0.0997312620        0.7008007487        0.5008331254        0.8782833361
       -0.5494362861        1.4173251775       -5.6920677984        5.9657922613
        0.0758203847       -0.3866971117       -2.3988233037        2.6062287724
        0.2321980237       -0.3667661960      -45.3570172969       45.3593092013
       -0.2790928524       -0.1866010583       -1.9940871896        2.0269623282
       -0.5541739578       -1.8883971641      -71.3853085022       71.4125682381
       -0.3905032315       -0.4351744961       -8.8818084548        8.9021273204
       -0.1591138661        0.4054283660        4.4565128169        4.5752582063
        0.2422230263        0.4440415604       -1.4479556823        1.6112298159
        0.2348448085        0.0445508772       -0.9947291041        1.0325224647
       -0.2348448085       -0.0445508772       -6.1836391507        6.1898311605
        0.4677269660       -0.9911786459        1.4733370313        2.0626966368
       -0.3917790494        0.1495273815       -0.5082313999        0.8232796470
       -1.9514788202       -0.5717910513       -3.2768422217        3.8880008356
       -0.3828874991       -1.5886603024       -5.6927798144        5.9243283327
       -0.7980884527       -0.7267147925       -2.3943056078        2.6300643902
        0.1872093981       -0.4210958142       -0.7304495296        0.8748744731
        0.3355038990       -0.8207475661       -2.5747480154        2.7267190103
        0.6488211818        0.2519184103       -8.6449158071        8.6869236259
        0.4176798040        0.0614242524       -3.0461313483        3.0784127945
        0.0990828171        0.3876671478       -4.7077015935        4.7267364323
       -1.4534805583        0.5603855554    -1004.4752544454     1004.4769005713
        9.2716838985       -3.8046424656        4.6462761523       11.0474788288
        1.4131760763       -0.4272204983        0.9381179885        1.7547447456
        1.3028000967       -0.5555294149        0.3158508672        1.4577868768
        0.6065734776        0.2545246144       -0.4152323681        0.7779023605
        1.3664951806        0.4085132368       -1.0551397432        1.7741228878
       -0.0692657360        0.5990452283       -0.6534178263        0.9000486478
       -0.0038460024        0.1949108088       -0.1727907409        0.2955358526
        0.9294130436        0.8770416149       -0.7784953173        1.5028457485
        0.3485398527        1.0032794829       -1.1871094586        1.5989866796
        0.1685348625        1.1726801634       -1.1014825074        1.6236767734
        0.3036294138       -0.1057963143        0.6582482501        0.7457574839
        0.0491083899        0.1028756239        0.0969810564        0.2046463734
       -0.0553434383        0.0115026557        0.2982840741        0.3341382663
       -0.7723324020       -0.5785231385       22.4546455080       22.4758041244
        0.1191688450        0.1225535136       11.5573562096       11.5594629165
       -0.2478775519       -0.1786968913        5.6306232092        5.6608275908
        0.3192377916       -0.2419975663        5.8310371866        5.8655870312
        0.2510485310       -0.1084269299        7.5202184202        7.5413598119
       -0.0749529617        0.0548233103        0.7658975446        0.7840295757
        0.2017439543       -0.0689912450        8.4326708624        8.4365204956
        0.1334560204       -0.1236812758       21.1168765333       21.1176604312
       -0.2722393876        0.2513408151       22.3223850138       22.3254598876
       -0.1918613241        0.1034318467      150.9920112202      150.9922330487
        0.5009520734        0.2761693826      666.3025169289      666.3034231031
       -0.0226104921        0.0949746526      107.9914718104      107.9916061321
        0.0307212348        1.0819078243        0.9488077523        1.4460927599
       -0.4599187579        3.7465070819        1.6858065239        4.1363346092
        0.3239869216        1.7601634409        1.1569286615        2.1356747357
       -0.1182840234        0.0184057795        0.2806339900        0.3355072342
       -0.2660755542        0.3973882765        0.1805644793        0.5299027825
        0.8042117123        1.7244122872       -0.1321384024        2.1255976488
       -0.0884449999        0.8600579272       -0.1355638412        0.8862163935
       -0.3788987861       -0.8916253667       -2.6464943766        2.8216967156
        0.2920037581       -0.3131386791       -1.0433176902        1.4678643039
        0.0515379990       -0.1446986880       -0.0474876847        0.2129054737
        0.6929876883       -0.4536457514       -3.2776794992        3.3835911527
        1.2886135770       -0.2837173750       -7.5926542541        7.7077168414
        0.8254216595       -0.0968643823       -4.6269765117        4.7030941995
        0.1624045203       -0.0519968948       -0.3219457814        0.3901381504
        0.2214264557        0.1732754373       -3.7273322812        3.7405266704
        0.2791685597        0.1818708154       -4.7947980252        4.8083864201
       -0.2109424709        0.1079730509       -1.4960671120        1.5211349363
        0.4057666970        0.7356234205       -8.8270169538        8.8680040887
        0.1477159448        0.0460323800       -2.3229704584        2.3322972615
       -0.4585997154        1.3548446919      -24.4024528576       24.4443372441
       -0.0597190818        0.3268642848       -4.9720844020        4.9831746839
        0.1742209055        0.0246506284      -33.8679290480       33.8686737024
        0.0131505348        0.0256492873      -31.6213068992       31.6216280514
        1.0012736001        0.9559884639      -92.2092239968       92.2197209529
       -0.0730923181        0.1064722991       -4.3582970683        4.3602101065
       -0.1257929226        0.7452667698      -24.7472911994       24.7588301042
       -0.1886994316       -0.0958070334      -38.4030199591       38.4038566843
        0.2751105540        0.2584328974      -61.4566582395       61.4578173656
        0.3910399503        0.4331205168      -72.1845622069       72.1869207449
       -0.4106247028       -0.5093160340     -216.7262844598      216.7273168546
       -0.0996496767       -0.2089897717      -22.4409591232       22.4425874831
       -0.3756444662       -0.1115811816     -272.6231941317      272.6239226089
       -0.3301248081       -1.1117823870     -250.1339908914      250.1371665360
        0.0179159126       -0.1265038680      -74.0342640576       74.0343743051
        0.0374892616       -0.0294729918      -15.2261624494       15.2262371267
        0.0060763915       -0.3052242794     -197.3608224885      197.3610586010
        0.0444024969       -0.4499401646     -209.3049975569      209.3055324156
       -0.3080651977        0.1984965825     -233.8486524016      233.8489812142
        0.0097406545       -0.0472895528      -33.7619926810       33.7620272047
        0.3130854930       -0.1606950613     -140.1077234359      140.1081654002
       -0.2278663731       -0.2397939388      -69.4756771361       69.4766048214
       -0.1177519543       -0.0868840589       -3.9014692659        3.9067066156
        0.8371160207        0.2482215262      -20.0771766185       20.0966384730
       -0.1821835837       -0.2425297881       -6.4071158407        6.4158105285
       -1.4022599194       -1.1137541095        2.4502342027        3.0380764525
       -1.0692530885       -1.0259074051        1.7777180812        2.3185231360
       -0.0775434878       -0.5776368208       -0.0056289768        0.5993235850
       -0.2302687070       -0.2170980821        0.5188716682        0.6235886846
        0.4468678028       -0.6373843253       -0.6630523202        1.0320212088
        0.6430487227       -0.5862340985       -0.3323737680        0.9418780094
        0.2779221996        0.0817468517       -0.0511088437        0.3255997476
        0.3194789841       -2.1435941604       -0.0614696647        2.1726299847
       -0.1074263138        0.2383388822        0.2832131529        0.4099211028
       -0.2942757032       -0.1866124206        0.4422736677        0.5630527348
       -0.4191118887       -0.3157442585        0.9588388111        1.0930329719
        0.0312264227       -0.2515011719        0.5803529698        0.6332752154
        0.2309749751       -1.3207853320        3.9116395540        4.1350631595
       -0.1906694574       -0.9325311443        1.7654609232        2.0105474959
       -1.4653488046       -1.1921342927        7.6360582254        7.8674834793
       -0.6526707526        0.1693498964        5.0494144533        5.0961480164
       -0.4538624649       -0.2450731779        5.8161471640        5.8406420552
       -0.1539318747        0.2371152272        1.2707293833        1.3092561260
       -0.0319293727        0.0251174068        0.5904883800        0.6081173248
       -0.5304393526        0.4088000539        1.6386126422        1.7756729899
       -1.2656975194        1.1286353540       10.3882831975       10.5267143758
       -0.5932394013       -0.6006038640        3.0271877242        3.1457913617
       -0.1850145339       -0.3029922851       33.3359275423       33.3381100183
       -0.5355092501        0.0713699353        5.7781047792        5.8049839318
        0.1705268676       -0.1371101672        2.1043575882        2.1203016895
       -0.0616696304       -0.3846611174        5.8933033424        5.9078144342
       -1.0448306550       -0.3962606108       23.1055904415       23.1330171617
       -0.7128197758       -0.2094902795       37.3255330529       37.3331875906
       -1.1579484158       -0.2111798389       66.3625318351       66.3731161903
       -4.9759246878       -1.2161818628      418.8094730916      418.8418484664
       -1.8103808136       -0.8240712377      162.1821947807      162.1944522965
       -0.5606949200       -0.2855565655       78.8966577865       78.9007108471
       -0.5118852911        0.2754040368       46.6943695429       46.6981959044
        0.0460018599       -0.2185926259        8.2530038755        8.2560263975
       -0.3072339896       -0.4182712820       69.8885561112       69.8904830353
       -0.2497409026       -0.3297747688      226.2391167549      226.2400423165
        0.0683660574       -0.5955542570       88.7233502966       88.7267484336
       -0.2207518112       -0.0508531238       15.7113113425       15.7135642452
       -0.2002419774       -0.2368449522       71.3244050238       71.3252159069
        0.3086213911       -0.0710871077      104.1218797465      104.1224549377
        0.8166601848       -0.7125323637      427.5490097482      427.5504062127
       -0.0723897080       -0.1651561186       41.2226124158       41.2232430915
       -0.3427883541       -0.1872290008       57.6856198879       57.6871110404
        0.8292471056       -0.4516457804       99.8208254809       99.8297131426
        0.0942681189       -0.2835720220       19.8678025381       19.8705399284
        1.9138351632       -1.0703413157      266.9777083074      266.9883620670
        0.3698071743       -0.2779397394       16.9165762446       16.9234759866
        0.7829357341        0.2369084699       29.9755417924       29.9907629229
        0.9002889132        0.5686984860       38.4600673165       38.4779723614
        0.7737683899       -0.2779440838       16.8693634724       16.8967177235
        0.8616044496        0.5010540319       24.6561132243       24.6941314584
        0.1022878189        0.1159735238        2.5058233715        2.5144667845
        1.0338355627        0.3342716741        8.1088280340        8.1824889485
        0.8912852179       -0.3736913499        6.0842374232        6.1620986174
        0.6883166552        0.3061315794        4.5447087305        4.6088342986
        1.0928628051        0.1348114057        3.1401549406        3.3276262226
        1.5858964216        0.8637363496        6.7060312245        6.9624423650
        2.6047758900        1.3920174274       10.6905782745       11.1020121941
        0.0311142517        0.1260169087        0.3370464084        0.3872059197
        0.7506597004        0.4518670406        2.5567950262        2.7063544482
       -0.2305576168       -0.5560514716       27.1213226994       27.1283610785
       -0.3451232144       -0.2406996578       65.7325977150       65.7340925891
       -0.4878910453       -0.2652638015       94.9366981242       94.9384249557
       -0.1558748464       -0.4684635448       90.6674775386       90.6689291767
        0.0034684032        0.0896037579       23.5144861002       23.5150712779
        0.4243920125        0.0024780216       -2.3644467984        2.4062840997
        1.2467191145       -0.5495493974      -17.5454514594       17.6053075927
       -1.8830493233        0.4506610412       -3.7483252000        4.3219512406
       -0.1021655047       -0.0608550250       -0.6057057431        0.6328509750
       -0.0926291645        0.3693695067       -1.1735897757        1.5500572728
        0.3404239926       -0.1922140765       45.0899720374       45.0918827824
        0.4706958977       -0.3562096851       41.1631971456       41.1676659406
        0.0124063019        0.1118134073       26.8027657623       26.8030018592
        0.0008539123        0.0223713513       48.6398474230       48.6398525752
        0.9718166572       -0.1685907657       49.7605812546       49.7705513034
       -0.0243510021        0.1738175819       11.2176625749       11.2300683255
       -0.0210326090        0.5399391363        0.2626829532        0.7775731062
        0.2201078815        0.1642737588        0.6675751351        0.7352344478
       -0.2994245299        0.6020066311       -0.4372786426        1.2353426364
        0.1094033285       -0.0665381422       -0.1881502611        0.2669769996
       -0.2693549659       -0.3643103781       -0.4528526542        0.6556138044
       -0.4117778145        0.6078885511       -3.1394765015        3.2272096225
       -0.6076681462        0.1591668096       -2.5116741522        2.5927941455
       -0.4835392670        0.0689392084       -3.6451070958        3.6803326428
       -0.0524694685        0.1372057724       -3.8356398006        3.8409882757
       -0.0169883232       -0.5320877208      -26.8826450340       26.8882779247
       -0.3872866119       -0.2655992188      -15.9236954070       15.9312299922
        0.2835424185        2.0143164466      -11.7673528918       11.9520752211
       -0.0845693141        0.2598858305       -0.9233773754        0.9730355472
       -0.0199775116        0.2197830965       -6.2969135991        6.3200842989
       -0.1171696826        0.0576005116       -7.8134893755        7.8158264157
        0.3584177750        1.2568084991       -6.1408231147        6.2799059878
       -0.1073690188        0.1976650393       -1.6245138604        1.6459418706
        0.4700928684       -0.4411826614        6.5593506374        6.6574064637
       -0.2065088244        0.5079174611        5.7673195391        5.8146604490
        0.2525209340        0.5995495550        5.7719266028        5.8084733966
        0.3491610130        0.6603350060        7.8815003007        7.9168177144
       -0.3284260895       -0.1215833434        0.3808903642        0.5359136685
       -0.0930224748        0.1489234411        1.4035718713        1.4213814248
       -0.0247519912        0.0389997812        0.2189740789        0.2637481301
        0.0970741405       -0.5378492475       -0.9575512831        1.1113457817
        0.0484201663        0.0967068891       -0.0591633828        0.1862171465
        0.3452806104       -0.0312136848       -0.0856274198        0.3834120942
        0.0296483147       -0.0045834829        0.0229343277        0.0377626040
        0.1883829697       -0.2850777700        1.5990792517        1.8858959983
        0.1117824440       -0.2643072844        0.8471717047        0.9052808059
       -0.1928040221       -0.2356043276        0.2928723571        0.4449008795
       -0.0397673901        0.0421649654       -0.0768507153        0.0962567507
       -1.6920896758        0.3693993495       -2.7003848336        3.3424619957
       -0.8028771043        0.2796815831       -1.0939227862        1.3924727213
       -1.3337773279       -0.7257085398       -2.1426429092        2.7891441817
       -0.0165692040        0.0206010448       -0.2410441789        0.2797874598
       -0.5253312760        0.4137705890       -0.5245876903        0.8613077728
       -0.4895924430       -0.1186723942       -0.5447933771        0.7550255003
       -2.0601576501        0.0425030670       -2.7405574112        3.4647346806
       -0.0251288073        0.0078747983       -0.1249293603        0.1276746431
       -0.4896341969       -0.0917677498       -0.7816066143        0.9268612983
       -0.4646540041       -0.9043871419       -1.7372529358        2.0177579126
       -0.1806167984       -0.1379275029       -0.2891520873        0.3933638754
       -0.0837061863       -0.2555314643       -1.5950586280        1.6235747185
       -0.1216812097       -0.2673172168       -0.9848203650        1.0371189649
       -0.1772737464       -1.3519497047       -2.8354180320        3.1493283707
       -0.0392094738       -0.3363583266       -1.0420095077        1.1045079926
       -0.1149404737       -0.2862507553       -0.4287373349        0.5463023839
        0.1023592036        0.1063951270       -0.3468063737        0.4019350387
       -0.0348149715       -0.0665306134       -5.1521349094        5.1545719817
        0.7930626201        0.0900908522       -6.3464395676        6.3979558963
        0.1084686559       -0.1013264724       -0.5333213190        0.5709149827
        0.4519913382       -0.8155380424      -10.8692563601       10.9100692975
        0.0239436496       -0.2023097683       -2.3992159459        2.4579220199
        0.0609502527        0.3029189814       -0.7685333281        0.8399988714
        2.4127075048        0.1843182755      -52.4747063986       52.5306522150
       -0.0588614910        0.1176749362       -0.3765315941        0.4225729428
       -0.2674136997        0.0601468099       -1.4653603650        1.4972937286
        0.0393875920       -0.0036506742       -0.1856863804        0.1898529476
       -0.1065235383       -0.0532468203       -0.8460036029        0.8543445348
        0.2339433684       -0.6919818658       -5.9244776577        5.9709700806
        0.0109251469       -0.1355570603       -3.2345992819        3.2404640678
       -0.2515373878        0.0230437699      -85.8086445880       85.8141459125
       -0.1650870797        0.4672739475     -162.4287941435      162.4296101251
       -0.3884894902        0.2063081262     -224.3597359041      224.3621290073
        0.0523798978       -0.1573750026      -27.5264962511       27.5273497851
        0.4025383490        0.2515823195      -89.2437634591       89.2451350322
        0.2245719669       -0.0774347727      -12.2625147424       12.2656094959
        0.2903863383       -0.1169454153        0.3020608034        0.4350186026
        0.6326258444       -0.0549573764        0.5544976817        0.8430322955
        0.1492170850        0.4448327906       -0.5010759277        0.7004989795
        0.1460539809        0.4026389939       -0.6707226481        0.8079595165
        0.4509197824        0.3792497840       -0.8755439458        1.0553370314
        0.2381088934        0.2693278054       -0.3868072192        0.5280654663
        0.5336028464        0.4480432345       -0.2790030832        0.7634115817
        0.3213783644        0.8581621617       -0.4355928184        1.0241812521
        0.1591534620        0.1808579879       -0.2568873107        0.3521796795
        0.0685738140       -0.0166106983       -0.0804874000        0.1070350635
        0.0717875613        0.3100766576        0.3642465957        0.4837112466
       -0.0108541844        0.0098791502        0.0905919492        0.0917731561
       -0.0005143840        0.0951520069        0.4720386868        0.4815336861
       -0.0153269348        0.0839763244        0.0911489628        0.1248802283
        0.0707509669        0.1188980935        0.0376398406        0.1433848443
        0.0507584251        0.0430680933        0.1493270542        0.1634926527
        0.2656521445        0.1420652122        4.9649212259        4.9740523083
       -0.0063365172        0.0095287067        0.0377596266        0.0394555079
       -0.0149552804       -0.0038761719        0.1964651311        0.1970716440
       -0.2045414195        0.5622177634        5.0938471382        5.1288599779
        0.0028321587        0.0093157763        0.0100070517        0.0139623026
       -0.0003849589        0.0934773469        2.5169821304        2.5187173734
        0.0247210124        0.0007604935        0.2343257599        0.2356273934
       -0.1410972123        0.1853530884        2.2544774682        2.2664802768
       -0.4346687151       -0.2090244908       17.3420245692       17.3558670114
       -0.1824865107        0.0898278504        3.2437015509        3.2500723254
       -0.1548392131        0.2494984817        4.8831472934        4.8919681278
        0.0673651411       -0.3532122276        7.7706080737        7.7789232401
        0.0942323041       -0.3062120034        4.7324931981        4.7433255621
       -0.5879115401       -0.5226665841       31.7920691274       31.8056937539
        0.3491519209       -0.0382681844       30.2345852566       30.2366254261
       -0.0053851995        0.0170557802        1.1347515127        1.1348924599
       -0.2291543497        0.0950118044      286.6103131188      286.6119562677
       -0.0627466987       -0.0149958660       89.9033650828       89.9034965672
       -0.2059396744        1.2417038471        0.3748745945        1.3133052025
       -0.0436886086        0.1974715098        0.1181003603        0.2342037293
       -0.0473370048        0.2924355879        0.0980286524        0.3120400324
       -0.0594290647        0.2570808467       -0.0393469868        0.2667781116
        0.0234368624       -0.0378334214       -0.0388203805        0.0590565511
       -0.1556123056       -0.0486371551       -0.1184698121        0.2015337661
        1.2855845552        0.2444642071       -6.0137927900        6.1545263114
        0.0587875577       -0.0159853447       -0.2369204609        0.2446279072
        0.1526395950        0.0993624433       -1.3704768855        1.3825261787
        0.0484791498        0.0488963095       -0.1617446271        0.1757907889
        0.4007468274        0.5421793905       -2.4732203269        2.5634693867
        0.0797948128        0.2445415879       -0.9970033368        1.0296521034
        0.4138276601        0.3511283881      -11.5068767911       11.5196683096
       -0.0060810170       -0.0029046072       -0.3822118780        0.3822712848
       -0.0068843257        0.0562693970       -0.3383171052        0.3430336757
        0.3670609449        0.5941782638       -3.5922373259        3.6595014076
       -0.0029321590        0.0458889591       -1.8879238082        1.8884837039
       -0.0216612318        0.1991316375       -2.2147368330        2.2237764855
        0.0753432006        0.3708789535      -44.2979817675       44.2995983782
        0.3055400086        0.7829021980      -83.2565391840       83.2607807280
        0.1349526870        0.0739858233       -9.2915477564        9.2928222753
        0.4866511536        0.4934846674      -56.1205917488       56.1248712667
       -0.4290475478        0.0627891299     -137.7675724723      137.7682548673
       -0.1505553792        0.0288330381      -81.5902403340       81.5903843355
       -0.2094091970        0.0487092273      -20.5005692177       20.5016965896
       -0.0914868333       -0.0136478583      -20.7320285391       20.7322348880
       -0.1837811468       -0.4806641921     -192.0471419469      192.0478821110
        0.5093307035       -0.1429907542     -126.1434034551      126.1445899718
        0.0701610331       -0.0210945350       -6.6091740748        6.6095801305
        0.5575203792       -0.2630579926     -102.1563458758      102.1582058925
        0.1013199111       -0.1556296842      -20.1662097810       20.1670648151
        0.1252612597       -0.1079195182       -8.8934149900        8.8949517812
       -0.0226982441       -0.3002528295      -23.6900911506       23.6924157797
        0.1493745213       -0.0859879032       -5.0636610131        5.0685154935
       -0.0218189079        0.0013337930       -0.1395987602        0.1412998853
        0.0395848528        0.3758187191       -3.4062214294        3.4271199419
       -0.2384719553       -0.1734551537        0.3808551096        0.4816701966
       -2.7725612516       -1.9511235171        3.6738470277        4.9991130069
        0.1712071947       -0.0861369179       -0.0953027795        0.2140422666
        0.1112225916        0.0028438384        0.0325017382        0.1159090819
        0.8311962413       -0.2372636835        0.6148486157        1.0607639074
        0.0599949365       -0.0003047344        0.0886808402        0.1070690277
        0.0647609778       -0.0142725052        0.0827499667        0.1060436025
       -0.0671900780       -0.0010544925        0.0485571399        0.0829060575
        0.0827889968       -0.1722890962        0.0481403503        0.1971168283
        0.1451707592       -0.1917216228        0.2258703673        0.3299229497
       -0.1653366540       -0.1386200327        1.1490428699        1.1691241335
       -0.3420450043       -0.3565344232        1.7514969713        1.8198497796
       -1.0835808788       -0.2844388315        5.8134062443        5.9203669761
       -0.2039630582       -0.1167535617        1.1971475389        1.2199977676
       -0.0089957527        0.0240778350        0.1213883361        0.1240797882
       -0.4041485374       -0.0796226987        2.4158664929        2.4507318755
       -1.1093162266        0.1803288713        4.5983097233        4.7336617226
       -0.8038316064        0.0194268515        3.1642494945        3.2648120187
       -0.5830934296        0.2024522827        2.4839709227        2.5595109726
       -0.0361425556       -0.0115280965        0.2828753370        0.2854078443
       -0.2947834787        0.0404715670        2.2414070729        2.2610707450
       -0.5618557396       -0.0015588592        3.1296136466        3.1796487038
        0.0658808783        0.0830291798        0.3684528211        0.3833948568
       -0.0429572926        0.0551986906        0.6272440261        0.6311317554
        0.0439182406       -0.0017633649        1.2077141744        1.2085137353
       -0.0244893834        0.1411292025        7.7318641131        7.7331907933
       -0.2489878798       -0.1452054438       13.6271443221       13.6301922936
       -0.0356173527        0.0289511816        1.6302998220        1.6309458226
       -0.1830527468        0.1326029295       12.2850389544       12.2871182120
       -0.0134406864       -0.0304742220        1.7853117946        1.7856224501
       -2.6020080223       -0.3276431954      246.6256268209      246.6413598576
       -0.3860490914       -0.1080985480       23.9013771300       23.9051464687
       -0.4675639444       -0.2196996887       42.9928779061       42.9959816104
       -0.0044052329        0.0027986899        0.6907718053        0.6907917095
       -0.0308010994        0.0169288921        3.1802011788        3.1803954302
        0.1013461644       -0.0040962563       30.5734241542       30.5735924016
        0.0213661126       -0.0462934207        3.6629410954        3.6632959286
        0.3434913694        0.0151133890       59.7988277552       59.7998161839
        0.0556028651       -0.0520245938        9.7445920419        9.7448895479
        0.0479903715       -0.0218618767        2.1732673522        2.1739070821
        0.5159707368       -0.4251481679       53.2006581738       53.2048588654
        0.9114692481       -0.0629250083       58.6198324785       58.6290642172
        0.1439896946        0.0583000381        1.4554419932        1.4637087559
        0.1009964790       -0.0678763874        1.5231609891        1.5280140351
        0.6358999619        0.8809914195       22.2632947889       22.3095854127
        0.2457116746        0.2011714932        9.7715002105        9.7776551558
        1.4185045954        1.0042633558        9.4932154370        9.6638250676
        0.1669291151        0.2320530810        1.1967289549        1.2303959335
        0.4886999957        0.3689878212        2.8998443911        2.9637943907
        1.1619340325        0.3458516035        6.1550965687        6.2733498067
       -0.0023555176        0.0044927691        0.0118495953        0.0128897768
        0.7213147287        0.1219553138        2.2293661423        2.3504725520
        0.3899685355        0.4053717915        1.9810289182        2.0640632518
       -0.1635783886       -0.0896474101        1.4475294658        1.4594985789
        0.0116543241       -0.0440731628        0.7668457916        0.7681996713
       -0.0418465018       -0.2178073355       23.3112597458       23.3123148164
       -0.7119023438       -0.4526049689      229.4319281518      229.4334790558
       -0.0946405669       -0.1120780813       -0.2775512566        0.3139315741
       -0.0418300671       -0.3652818912       -0.6551547133        0.7512711314
       -0.0414341811       -0.0091618806        0.0116226259        0.0439979187
        0.0798987534        0.0481328069       -0.0536592569        0.1076099147
        0.3397073940       -0.0318663922       35.6361544440       35.6380611133
        0.4320965794       -0.2008705566       45.8999640504       45.9026495537
        0.1016951154        0.1654052772       34.3657089670       34.3662574862
        0.0065905405       -0.0191297374       10.8829200188       10.8829388273
       -0.5249624259        0.2276857471       -0.7565744133        0.9485943237
       -0.0273278152        0.0575607131       -0.0923560074        0.1122037311
       -0.1244246588        0.1113812393       -0.6094557018        0.6319205081
       -0.4430812836        0.4458631626       -3.4910581591        3.5471963653
       -0.0417431916        0.0577021813       -1.2483393494        1.2503692123
       -0.5611197516        0.3325594947       -7.1231276493        7.1529293790
       -0.1474846738       -0.3888623863      -18.2368075442       18.2415491417
       -0.1790203611       -0.2686410219      -10.5828636085       10.5877862863
        0.0331987920       -0.0095518774       -0.0922783255        0.0985326723
        0.0149408965        0.2159187591       -0.6658097907        0.7001048623
       -0.0449981006       -0.0977243164        0.5910000324        0.6007128344
       -0.0231953099       -0.0537165709        0.0568806222        0.0816020684
       -0.0678925763       -0.4910592629        0.5901899761        0.7707611884
       -0.0547534919       -0.1256746953        0.2750857761        0.3073503834
       -0.2054641717       -0.0552062478        2.4163582608        2.4257061858
        0.0132417729       -0.0223223791        0.6883867189        0.6888758291
       -0.4143403715       -0.4395256922       -1.7432922096        1.9109170402
       -0.0021697038       -0.0253905259       -0.0378463118        0.0456259765
       -0.2339472699        0.1089637367       -0.2644660905        0.3695223052
       -0.0661852520        0.0890963213        0.1138199054        0.1589767684
       -0.0163553462        0.2951706429        0.1310724563        0.3233777892
       -0.2739437139       -1.0124617523        4.7654503977        4.9689024989
       -0.0049308796       -0.1344294983        0.3767374620        0.4236820786
       -0.0171341369        0.1122441549        0.9118011280        0.9188436352
       -0.1134164565        0.0545683465        0.5355571262        0.5501476460
       -1.6261065243       -0.1840529060       -0.9380502149        2.1067478964
       -0.2619927644       -0.1237324095       -0.2430054935        0.4030897822
       -0.2630827851       -0.0321542992       -0.2364806524        0.3552035328
       -0.2638787419        0.0812559069       -0.3577759465        0.4519271410
        0.0271181511       -0.1593715694       -0.2586337318        0.3050018008
       -0.0020704792       -0.2216540396       -0.7447091276        0.7769983815
       -0.5450355454       -0.3703662169       -1.5422694653        1.6771493624
       -0.7933930119       -0.6683055543       -2.7821226541        2.9692273823
        0.0007471314       -0.0740795661       -0.4304807634        0.4368089148
        0.0240412345        0.0261567275       -0.0314269779        0.0474321651
       -0.0113296165       -0.1047616274       -0.3720294094        0.3866642474
        0.2391395776       -0.4916693442       -1.7363066147        1.8203535760
        0.0527864029       -0.0546701302       -0.3196758095        0.3285846172
        0.3347830489       -0.8330238587       -5.3685398611        5.4430899936
        0.1827301470       -0.0414840390       -1.4519713954        1.4640123515
        0.1278541984       -0.0678096894       -2.4005225942        2.4048811977
       -0.0912140054        0.2366547973       -0.8024352445        0.8415627187
       -0.4069523760        0.5534082772       -1.7874920224        1.9149409097
       -0.1375160699       -0.1182342572       -1.5422552734        1.5528816237
       -0.0111802776        0.0191651858       -0.0458821435        0.0509654201
        0.2272569240       -0.1142274943      -18.5187395908       18.5204862155
        0.0048622594       -0.0186529566       -0.2903346543        0.2909738576
       -0.0844950974       -0.0814780021      -26.1387065319       26.1389700878
       -0.1496984158        0.0274553542      -22.1034014718       22.1039254440
       -0.0739583818        0.3777526493       -0.4279229349        0.5755735787
        0.0349154304        0.2671338494       -0.4194118827        0.4984836087
       -0.1377242543        0.0166636369        0.1147046402        0.2277774932
        0.2678408640        0.1755400693        0.2976473703        0.4589409398
       -0.0032033913        0.0533508749        0.1879146055        0.1953675422
       -0.0850399076       -0.0001826863        1.1771365085        1.1802042954
       -0.0436550073       -0.1349985642        2.5253898810        2.5293723377
       -0.1957152010       -0.3422235053        4.1406580555        4.1593834279
        0.8718662487        0.2122047572      177.6676126127      177.6723629181
        0.0402693577        0.0261241153       11.2587553529       11.2588576768
        0.0514099660       -0.1346740122       21.3623305148       21.3628168811
        0.2172975308       -0.0117058256      -61.0198812338       61.0202692639
        0.5576815246        0.1857710992     -174.3847072650      174.3856979442
        0.0374684496        0.0320979157      -16.2201595796       16.2202346145
        0.0501898529       -0.0592100444       -6.7978247763        6.7982679265
        0.0089164203       -0.0114707860       -1.3716063358        1.3716833753
       -0.2126157908        0.1486803272      -30.3616519627       30.3630812172
       -0.0763309977       -0.2401915334      -29.8899115132       29.8912998788
        0.5557960086       -0.2764636449      -58.3905383517       58.3938379485
        0.3109371186       -0.0761778332      -37.0293622639       37.0307460717
        0.1323917963       -0.0282108524       -7.1152611795        7.1165486784
       -0.0334324440        0.0012933709       -1.4000779183        1.4004776251
       -0.2000435291        0.0502335657       13.8183258686       13.8198650730
       -0.0090972871       -0.0409906998        3.5051737474        3.5054252235
       -0.0732803336       -0.0087061218        7.2832080011        7.2835818518
       -0.3422707504       -0.1788033332       18.9420962885       18.9460320833
       -0.6324725870       -0.3148231971       40.2867918954       40.2929861942
       -0.2526409803       -0.0367736146       15.0636152073       15.0657785353
       -0.0356862953        0.0487435797        0.6406839817        0.6584870519
        0.5610835228        0.1670967380        2.1853614754        2.2667202303
        0.0978297533       -0.0731174218       11.6877853603       11.6884234800
        0.0885919247       -0.0788086491        3.9027164530        3.9045172614
        0.3489329166        0.1882016863       -8.7115230408        8.7216562378
        0.4303933276       -0.1109113051       -5.2271005525        5.2478185663
        0.1825938599       -0.1856767578        0.3152482957        0.4088983541
        0.4875529830       -0.2671304048        0.8641361860        1.0275202735
        0.0606363973       -0.0961982394        0.0292087638        0.1174053910
        0.1906418655       -0.0188051788        0.1011266601        0.2166207677
        0.1018790450       -0.0270799181       11.1634612198       11.1639589334
       -0.0299762652        0.0089577705        1.0305930886        1.0310678602
       -0.2335300272        0.1672391199       -1.8020353465        1.8247839836
        0.0156411539        0.0090911329       -0.0494123145        0.0526200648
        0.0935641259       -0.0294413443       -0.4887938350        0.4985383150
       -0.0136252067       -0.0869470262       -0.2280420332        0.2444352685
#SUBSTART
        1.0381107538       -0.5613089266       17.2337216085       17.2746456378
       -0.3763322893       -0.3258735576      487.2333498933      487.2345076228
        0.0808983022       -0.1423436008       15.7352018569       15.7366725676
       -0.3247204710       -0.4553471621      905.7279114036      905.7280948274
       -0.8092781370       -0.0960848583     -208.2694027242      208.2715821120
       -0.6373551244       -0.3595876066      -79.6768514268       79.6857513604
       -0.3579344287        0.0461671394     -145.1279865495      145.1314766691
        0.3335081047       -0.8595006159       -0.9399626077        1.3240009265
        2.0946613311        0.4336846454       -1.6051887088        2.7195514730
        2.0712779895       -0.5535297455       -1.5906761334        2.8296976593
        0.0673330131       -0.2989187790        0.1534625254        0.3700225705
        0.1378034177       -0.0626073189        1.7597182194        1.7717216076
        0.9902934398       -1.5419164975      -49.9019407073       49.9357722852
       -0.1484885414        0.5410404511      -14.6854633911       14.6968394021
        0.4926036940       -0.2287067903      -15.4260377478       15.4362264034
       -0.5387759445        0.9091054777       -8.9766852488        9.0521418076
       -0.5191585228        0.0840787785       -3.2850858393        3.3633353601
       -0.5015767696        0.1815038799       40.5323632109       40.5388780226
        0.2432547251        0.2169694793        2.1920327628        2.2205260716
       -0.3196607278        0.3643099346        6.6417100326        6.6608330298
       -2.2207308568       -0.9247163278        7.6303570603        8.0555500419
       -0.8937325687       -0.1687883055        3.2884700969        3.5389369533
       -2.0530375043       -0.8454073507        1.4224670211        2.6405622117
       -1.0922115314        0.2982148124        1.0264385496        1.6059499244
       -0.7276779980        0.2370775759        0.0356412003        1.2123461246
        0.5214513033       -0.1884121257        0.1215193732        0.5845146138
       -0.3803086674        0.2934243932        0.2905066786        1.0944946195
       -1.2831101998        0.8145625384       -0.6036903338        1.6412817302
       -0.5451205995        0.9400266759       -1.5990582091        1.9953532859
       -0.1740610794       -0.3551843163       -1.6655092951        1.7815766416
       -1.5829256513       -0.3549404483       -2.7081437585        3.1952026408
       -0.1193795058       -0.4639872130       -3.7395282095        3.8022687688
       -1.2197838946        0.5761326069      -25.4899737199       25.5304172063
       -1.5446925093        1.3964813847      -43.1924909162       43.2428836520
       -0.5370738712       -0.2031685205      -38.1261549523       38.1336735471
        0.1791806018        0.1902390626      -26.1390114058       26.1406903820
        0.1552367972        0.3953349858     -125.1167437199      125.1209826443
       -0.1310148012        0.2781237628      -55.2823402376       55.2833712760
        0.8212217187       -0.0410400068      -53.2041795289       53.2128222301
        0.3858554261        0.0475797906      -54.9924436766       54.9960330454
        0.0196759380       -0.1893027840      -23.3096920538       23.3108868581
        0.0719047992       -0.6167112315      -16.9729217501       16.9848478228
        2.0435713382        1.1581614166      -12.8887291883       13.1017686423
        0.6293976686       -0.1985680755      -18.1048983534       18.1174610494
       -0.0440088403       -0.2747946300     -126.3734129259      126.3737964263
       -0.1701788590        0.9590176126    -1344.3000995687     1344.3007807659
        0.3139217099       -0.1945846954       -0.6445384945        0.7558569306
       -0.2588680328        0.0418638012       -2.3192696458        2.3856692743
       -0.7100373675       -0.5852673697      -25.2514269803       25.2685720864
       -0.4429355197        0.7370472994       -6.5708872891        6.6283836753
        1.1055617777        0.2586743985       15.0773984419       15.1207342034
       -0.1737743720       -0.0333806480        1.1373072875        1.1594220332
       -0.0321327819        0.2962833955        5.7543754236        5.7637776385
       -0.1425903470        0.1292492314       17.2183212933       17.2264699370
        0.0536341685        0.3093135688       21.6958004294       21.6985204004
        0.1580590326       -0.0645073200        2.8291658402        2.8377461106
        0.1660154687       -0.0251809637        4.0349078511        4.0408113502
        0.4824611493       -0.3076619831       35.8437629469       35.8517843667
       -0.4127182096        0.5318120006      161.5851062948      161.5892325844
       -0.0055621700        0.0025573673       29.8986582871       29.8989846756
       -0.3480700725        0.0432736347      252.3902149468      252.3909413336
        0.1407956302        0.2209112940      113.1549166587      113.1553059694
        0.1272363743       -0.2819192606      540.7625537476      540.7628712094
       -0.0934874999       -0.1375788931       65.8262640473       65.8266221682
       -0.0291186285       -0.1114926177     1267.0608604923     1267.0612131309
        0.0529995042       -0.0363556063      278.6989712074      278.6990135657
        0.0988456116       -0.5990506856     -333.5333621407      333.5342799983
       -0.1454890611       -0.5587030443     -154.9638428671      154.9649811799
        0.1174319270       -0.0967772272      -17.1170759191       17.1177523089
        0.2914342677       -0.5950948577      -77.8003819208       77.8032036541
        0.3474874429       -0.3335242334      -21.0458022788       21.0570990513
       -0.1295045514       -0.0573922152       -2.5520107323        2.5597468347
       -0.9097366974       -0.8509403555      -26.1802165082       26.2144825950
        0.1907096529        0.6600254469       -6.4040220605        6.4422808150
        0.1964083258       -0.1456239796       -0.2496889324        0.3494669324
        0.7694075523       -0.5578945031       -2.3863818749        2.5724565100
        0.3937426613       -0.9508122563       -1.2854481337        1.6525537569
        0.3726638974        0.2151792340       -0.3671439485        0.5826276229
        0.3782390150       -0.1493459765       -0.6298286372        0.7625830252
        0.1634417953       -0.3815233111       -0.4624149995        0.6368521602
       -0.2381056440       -0.7302382905       -0.6016927110        0.9856247572
        0.0175913941       -0.0661392764       -0.8706219999        0.8843903621
        0.4627205698       -1.1187479497       -2.6836635682        3.0903962906
       -0.0355948910       -0.2573021734       -0.5367574832        0.6124212483
       -0.2720572076       -0.3229265643       -0.2294723203        0.5004338326
       -0.0354458548       -0.3322978985       -0.1755006207        1.0113502671
       -0.0423280882       -0.2130018719        0.3918197779        0.4692163549
        0.1902303501       -0.1566767047        0.0720247663        0.2922371088
        0.2840457228        0.1164558938        0.4511952691        0.5632946863
       -0.0487614520       -0.2919505614        1.7488652561        1.7792195700
       -0.2074007067        0.0114498713        0.5935900172        0.6441855681
       -0.1080026752       -0.2227510638        0.6469940587        0.7066567138
        0.7745883637        0.1478512924        8.6844636743        8.7213093187
        0.3859325985        0.0800029092        4.4549993896        4.4745774977
       -0.0256601397       -0.1853841191        1.0005279100        1.0274052744
        0.3028486415       -0.1481720085        8.4328968100        8.4396339287
       -0.0155402844        0.0874055804        0.2470562772        0.2625224563
       -0.0930114557       -0.0908512842       13.7053374123       13.7066647459
        0.0391884367        0.2039724215       17.9864642236       17.9882049002
        0.5284506279       -0.7165790873       80.7970732925       80.8020994657
       -0.1749771925        0.0002808867       31.8068693955       31.8076569024
        0.6642693671        0.0775238687       46.2130137437       46.2180633822
        0.5100878868       -0.1597961165       37.4960268926       37.5000964928
        0.5690697894       -0.4411623565      119.0678917617      119.0710920173
       -0.1544776894       -0.0817965892       25.8142605483       25.8152296422
        0.5513688140       -0.3528572975      111.6350187117      111.6380291817
       -0.0167569596        0.0294243935        5.0430631772        5.0451077873
        0.2961010972       -0.1014103057       39.0887004578       39.0902026494
        0.9282753085       -0.2972218580       97.3318906889       97.3368710240
       -0.1088667948       -0.0777935565        0.6033419861        1.1245964403
       -0.2663679061       -0.2506167800        0.0122830353        0.3916520007
       -0.2158454794       -0.3951486580       -0.3705570542        0.7666287838
       -0.2175776612        0.1464676742        0.3366180653        0.4489814306
        1.0551559132        1.4684929921        5.3236918669        5.6241444281
        0.0573377640        0.1051549290        0.1996894516        0.2714789867
       -0.3487392812        0.5988567762       -2.8586199701        2.9447302835
        0.0153379527        0.0114460065       -0.0630440553        0.0658848751
       -0.1481364882        0.7917253177       -3.4376622450        3.5307640970
       -0.0425824925       -0.0455008704        3.5103974723        3.5109505852
        0.1660898498       -0.1613253144       30.6711314162       30.6723229285
       -0.0086212444        0.0736924531       78.8661239921       78.8662823914
       -0.5443440475        0.6211102300       16.0660027343       16.0878218539
       -0.1413193113        0.0822963387        1.9951681184        2.0018590499
       -0.7476394578        0.4644686675        7.5329946867        7.5842405587
       -0.4218661091        0.3285612869        1.3074179371        1.4194171270
       -0.2655761595       -0.2502902262        1.7531801202        1.7907586180
       -0.3083039068       -0.4371524834        3.2473870154        3.2911511695
       -2.7503583186       -1.0876748459        7.6744037500        8.2780898856
       -0.0804935629        0.0223734917        0.0491975135        0.0969545364
       -0.9102820265        0.3040444363        0.1080696540        0.9758151577
       -0.5213187492        0.2451644911        1.0858620845        1.2371156443
       -0.2213685028        0.1198269033       -0.0296341694        0.2893448975
       -0.0649007153       -0.0639689990        0.0344181435        0.1702014371
        0.0192501928       -0.2891169955       -0.2469472684        0.4054897597
       -0.0589749172       -0.2216991426       -0.0043663181        0.2685654489
       -0.3550579903        0.1469895800       -0.1848085116        1.0306196641
       -0.0039121376        0.0413847802       -0.0707609770        0.0820677812
        0.1243853697        0.3753102254       -0.1484574943        0.4223376766
        0.2112521889       -0.1813232676        0.3099610040        0.4166310582
        0.0436607586       -0.1295271888        0.2604740993        0.2941603489
       -0.8827920894        1.2245730470       -0.9456094144        2.0139190575
        0.0322594122        0.1605524166       -0.2107945885        0.3012173495
        0.2504729051        0.5378585775       -0.8686635016        1.0611713290
        0.0097786029        0.5734626622       -0.2804683768        0.6535268482
        0.1471047087        0.4093361469       -1.1652867922        1.5588075473
       -0.2106345544        0.1374263633       -0.1109265324        0.3082813672
       -0.0519360667        0.1103071024       -0.5219016357        0.5538285963
       -0.7743208559        0.0794375981       -1.2486597513        1.5532899675
       -1.0892505361        0.4117236495       -1.4581490798        1.8712727267
       -0.6069975637       -0.0947548637       -0.6980465467        0.9403048935
       -0.1812696684       -0.0904076465       -0.7199166238        0.7607837836
       -0.9990089189        0.8267454493       -6.8950490131        7.0173148381
       -0.7768227693        0.1578512375       -7.4344040353        7.4778482047
       -0.2413279298        0.0724059607       -4.7006887630        4.7095049023
       -1.5973765014        0.9473126718      -29.5474067053       29.6060422174
       -0.3950694461       -0.1475491566      -10.0466789409       10.0564948241
       -0.3198600145        0.2493630982       -8.2489868661        8.2589513076
       -0.3857984356        0.2442806748      -12.5020670805       12.5104034614
       -0.0869227413       -0.0011679871      -11.8234226359       11.8245659345
       -0.1854762658        0.1989649564       -6.4428550383        6.4501045982
       -0.5486474684        1.3087328460     -146.3401098965      146.3499979871
       -0.1133744082       -0.0833127585      -29.1367612573       29.1374352186
        1.0212856621        0.1977138848     -471.3173483863      471.3194302760
       -0.2131133203       -0.0680834453      -34.8219132157       34.8229116019
        0.1410698682       -0.0498025462       -7.6407912083        7.6435300140
        0.6708487822       -0.1883177785     -487.4519839880      487.4533849981
        0.3742849081       -0.0455925859      -95.7896383337       95.7904820938
       -0.0304459363       -0.1125677449       -8.7236931640        8.7244725269
        0.0752621260       -0.3765383408      -18.4792690924       18.4832581462
        0.5629134079       -0.1682117608      -17.8452072974       17.8618102559
        0.4165783897       -0.0891316173      -32.7896784724       32.8059032510
        0.9118046807       -0.4062212929      -19.9987684727       20.0241510113
        1.2897719270        1.5850274207      -14.8058413104       14.9468471673
        0.6055939434        0.2529178455       -3.4257932794        3.4908810977
        0.3413917562       -0.2781778222       -4.9144250465        4.9360900068
       -0.0671364261       -0.0220046833       -0.1743249776        0.1880975906
        0.7496379905       -0.0004767580       -6.6518157268        6.6939233494
        1.5351131224        1.1797981685      -10.3994396207       10.6196605894
        0.5504912552        0.1391061550       -8.7551128458        8.7873791911
       -0.3114812007        0.0119419184      -37.2562862588       37.2694027258
       -0.2434069340        0.1877065813       -7.0556642650        7.0637354637
        0.4263524004        0.3638962314     -220.7031110809      220.7058172959
       -0.1323447540       -0.0442567056      -19.0874214198       19.0884417916
       -0.1177392284        0.3861361296      -82.1986901380       82.1997999013
       -0.0158888722        0.1569425891     -130.3054411073      130.3056113350
        0.0964129933       -0.0487742047     -356.7744257005      356.7744693614
       -0.0145998628        0.4037116732     -452.0586204564      452.0588225054
        0.1370000803       -0.1388238485       -0.7297573762        0.7681579889
        0.7958581399        0.1939437590       -0.7233507841        1.1016898394
        0.0155272107        0.0974468161       -0.1492239051        0.1788987146
       -0.0253981478       -0.6222260635       -0.1828826334        0.6490426778
        0.2536902293        0.2196310884        0.2126408114        0.4210610965
       -0.1688698891        0.2792619921       -0.5822640577        0.6819204627
       -0.1403551954       -0.0645477775      -11.0895229490       11.0914771341
        0.1795386059        0.1290710579       -0.5900121127        0.6300855038
       -0.0132371675       -0.0046256030       -0.1422863155        0.1429755727
       -0.2315133509       -0.0113973611       -4.2867276788        4.2952581190
       -0.1153386635        0.1117451511       -6.5157175026        6.5191904670
       -0.2196769464       -0.1888354046      -15.5972512719       15.6005654960
        0.0277224159        0.0298230417        0.1221204465        0.1287297542
        0.3946367623        0.0008941925        2.4133436524        2.4453970144
        0.0589234218       -0.0607987671        1.1215601737        1.1247513872
       -0.0379772786       -0.0179172176        0.1279303798        0.1346457665
        0.0247921466        0.0280770418        2.0844079472        2.0847444595
       -0.0358267946        0.0977395624        1.0622535084        1.0673420714
        0.0217180327       -0.1390232047      366.2634292503      366.2634828714
        0.3039819621       -0.0319956678      197.2411884523      197.2414746716
        0.2296395189        0.4565025703      328.8773626340      328.8781361803
        0.0176593020       -0.0346640058       -3.7077246526        3.7079287404
       -0.0365924955        0.0765866886       -2.5223069236        2.5237346827
       -0.1715564262        0.1866449557       -5.5999248249        5.6056601745
       -0.1050272621        0.0010233030       -2.9133437802        2.9152364835
        2.5704254250       -1.0765228983       -2.3115788698        3.7406118580
        0.7174076782       -0.4806621569       -0.7826914526        1.1654680587
        0.0530956457       -0.0414982980       -0.1228371439        0.1401078879
        0.1760886471       -0.4953493231       -0.7090796666        0.8827072771
        0.1257059207       -0.7212854470       -0.8276911068        1.1050462627
        0.4725651263       -1.1495747713       -2.8458660215        3.1054457595
        0.5546235414       -1.6049945547       -3.5880127090        3.9695654665
        0.1977840797       -0.3014935528       -0.2332977241        0.4294702930
       -0.0010411553       -0.0978635747       -0.0752991119        0.1234851392
       -0.0007575070       -0.0412514857       -0.0376478497        0.0558558821
        0.0641436935       -0.1497576514       -0.0667101463        0.1760454805
        0.0162394093       -0.2554976836       -0.2847362094        0.3829066383
        0.1856181755       -0.0973685763       -0.1110746847        0.2372179005
        0.0709346268       -0.0403907116        0.0409371125        0.0913180050
        0.1819681409       -0.0268799201       -0.2093236578        0.2786598789
        0.0043632571       -0.0621585266       -0.0583287411        0.0853519916
       -0.0218422250       -0.0535064149       -0.0111608934        0.0588607235
        0.1215086057       -0.9662502048       -0.4524202299        1.0738192883
        0.1922538562       -0.4422904804        1.3882537144        1.5516140689
        0.1153875274        0.1435424257        2.4059269941        2.4637529989
       -0.1782680982       -0.4042940782        2.2596955144        2.3024893125
       -0.0883542462       -0.0505539676        0.0243094062        0.1046571722
        0.0404933351       -0.1130887070        0.1270838082        0.1748686940
        0.0623223450        0.0294968406        0.0669614190        0.0961143586
        0.1017578405       -0.0100432414        1.1163414788        1.1210146396
       -0.0277004814        0.0165660047        1.2071160914        1.2075475176
       -0.0296193521        0.0550202716        2.5165690349        2.5173446811
       -0.2485885246        0.0495242554        5.3791370806        5.3851058150
        0.1416968247        0.0425021873       12.7687342817       12.7695912066
        0.1930850068        0.2548611923       27.7339795595       27.7358226532
        0.0196208533       -0.1942730199       29.0043879960       29.0050452509
        0.9163915510       -0.2852402918       77.5360763907       77.5420162077
        0.5059651874       -0.0656303665       45.1219263878       45.1248107925
        0.0668195847       -0.0436749833       11.5620269482       11.5623025178
        0.3257180002       -0.0557321117       20.1640545542       20.1667621186
        0.0746495175       -0.0866309344        5.9674562508        5.9685518825
        0.9135416114       -0.1800659648       69.3950622413       69.4014490143
        0.2966273338        0.0725106681       29.0913085266       29.0932459026
        0.1682267310       -0.0678894608       17.1361136750       17.1370738779
        0.0393027447        0.0525644069        7.5964394969        7.5967230272
        0.1924222850       -0.0759934186        8.1729940484        8.1756120903
        0.1143233313       -0.1025267264       11.7155278593       11.7165342391
       -0.0773892707       -0.0062913991        4.6726812330        4.6733262872
        0.9031046349       -0.2022275672       92.3280727724       92.3327109741
       -0.4318328176       -0.5127979599        0.2276508348        1.1754219777
       -0.1058240934       -0.0017816849       -0.0374496889        0.1791205662
       -0.0886540852       -0.1149155008        0.0198364028        0.1464875490
       -0.3069542712       -0.0907737005        0.0805432057        0.3300727152
        0.1482383187       -0.0262826361        0.5203694973        0.5417100606
        0.2760546822        0.1115209792        0.7355700903        0.7935404679
        0.1047182120        0.0934723646       -0.7051110256        0.7189468306
        0.0939421375        0.1509492781       -1.9740119041        1.9820024741
       -0.0363634093       -0.2284001424      126.5147482166      126.5184387978
       -0.0700442040        0.0214643848       33.3015635084       33.3019365623
        0.0294220223       -0.3559199816      115.5274496552      115.5318117192
        0.0119516358       -0.1973118120       28.6590765155       28.6600980686
       -0.1949651451       -0.1213026580       63.1205870935       63.1229666303
       -0.2525717143        0.7403819495       29.2103335264       29.2250443636
       -0.1416824307       -0.1695009463        0.6886422593        0.7232099580
       -0.1033972888       -0.3675061668        1.4672633592        1.5161179200
       -0.4788315663       -0.2250129349        1.4682836371        1.5606945020
       -0.0811302585       -0.0192927331        0.4309075792        0.4389028027
       -1.2830634773       -0.5810577695        2.5704455206        3.0779639337
       -0.4832543085        0.1172337990        0.4645615493        0.8430725665
       -0.2566242260       -0.2028346882        0.1967902381        0.3817385256
       -0.2564070353       -0.0598651219        0.1149515280        0.2873016783
       -0.3124410178        0.0671194657       -0.0387670231        0.3508661843
       -0.3987015376        0.2944407473        0.1377997983        0.5330354951
       -0.1456475130       -0.2400736121       -0.2596677610        0.3824603030
       -0.0008137326       -0.0071300853        0.0161292164        0.0176536653
       -1.7489358854        1.3758706517       -0.6349847038        2.4975576351
       -0.1110311085        0.0179441935        0.0460683625        0.1215409197
        0.0290739547        0.0495527348        0.0052263441        0.0576895401
       -0.1035428131        0.1223001101        0.3379672780        0.6225558135
       -0.0563036764       -0.0994143944       -0.0368653282        0.1200515648
       -0.2667407270       -0.0894319794       -0.0237512841        0.2823345850
        0.0342583034       -0.0345490900        0.0243347419        0.0544008330
        0.1079957013        0.1305905867        0.0638385440        0.1810865333
       -0.0063875561        0.0995716482       -0.0576639758        0.1152408265
       -0.0771888068        0.2086504295       -0.4160396014        0.4717860357
       -0.1438514009        1.0610230407       -0.9188152255        1.4961149575
       -0.7770904722       -0.0863712566       -1.6270159886        1.8724812555
        0.0116971727        0.0261973841       -0.0266070976        0.0391288183
       -0.2045777854        0.0125075111       -0.0433149927        0.2094867459
       -0.6641072315        0.6230632790      -18.7790221556       18.8076738279
       -0.4832454093        0.4179181617      -11.6961614384       11.7241651958
       -0.0757374761        0.0488719082       -0.9090919532        0.9135495652
       -0.4079395040        0.5886191215      -10.3625526399       10.3872703018
        0.1079253878        1.5025225491      -68.8831510744       68.9014179772
        0.0375314730       -0.0296315593      -14.5601822546       14.5602607782
        0.2174255953        0.0379136940     -180.6253433475      180.6254781882
        0.0272371849       -0.0348508176       -7.2269707485        7.2271061044
       -0.1005640021       -0.1741112000      -13.8234889181       13.8249511282
        1.2255446078       -0.2021009415      -51.6011293330       51.6246273072
        0.0608396248       -0.0126407327       -2.6498708851        2.6505993579
       -0.0429929420       -0.1137496959       -3.7876061548        3.7895577276
        0.1151466913        0.0699593988       -5.8778443015        5.8793882939
        0.2535610774        0.2215093700       -8.0512440612        8.0582808684
        1.4823801258       -0.1992412736      -18.2161660086       18.2774684235
        0.2990042283        0.0161840456       -3.9300485551        3.9414397239
        0.5009799819        0.2182096264       -3.8984656145        3.9365759907
        0.4961910439        0.3181256850       -5.0241068006        5.0585629034
        0.0567858399       -0.0932646308       -0.2716162146        0.2927427045
        0.0389839254        0.0454505441       -0.2283751147        0.2360946662
       -0.0986705439        0.0805784129       -0.9469912649        0.9555214349
       -0.0737693982       -0.0064644761       -1.6771551944        1.6787892243
        0.5336213811        0.4131689684       -7.5346646757        7.6227936311
        0.2073210117        0.1703627353       -2.2923676618        2.3122358758
        0.0508246507       -0.0097684876       -0.7747136100        0.7764404330
       -0.0646055401       -0.0199417985       -0.3211430427        0.3281834929
       -0.2576370476        0.0517984051       -7.2518043110        7.2579064111
       -0.1091976552       -0.2904718982       -4.7403578497        4.7525540901
        0.1177781625        0.2097412619      -31.0108816087       31.0118145429
        0.0645586465        0.0103149718      -15.7127189936       15.7128550044
        0.0681465478        0.1227588615      -67.1817471264       67.1818938453
        0.1095131450        0.1734441786     -212.8084376822      212.8085365410
        0.5482879108        0.2363621096       -0.1494857082        0.6154938317
        0.6251606519        0.4345303219       -0.1846139748        0.7834058725
       -0.1255271676       -0.1797064818        0.0236284803        0.2204762901
       -0.0388039137       -0.1375032184       -0.0852135866        0.1663557457
        0.0507167969        0.0327503290       -0.2526895153        0.2598014024
        0.0070671635        0.0977126645       -1.6768357299        1.6796951433
       -0.0409912262        0.0487281162       -1.2556349132        1.2572484818
       -0.3669699119       -0.0150477805       -6.8724215603        6.8822286691
        0.3189232608       -0.0850218229      -21.7004186293       21.7029285914
        0.1602509679       -0.1533596533      -15.1069928120       15.1086210945
       -0.1961017804        0.0634851016      -11.4657284171       11.4684303279
        0.0632921346        0.2481005140       -5.2036248006        5.2117895784
        0.0845340224       -0.0272650674        2.4863760570        2.4879620740
        0.3057550036       -0.2448596175       20.3306319439       20.3344052678
        0.0930679207       -0.1099165090        2.2692848840        2.2738507342
        0.0825188175        0.0348392576        1.2817120586        1.2848380950
        0.4138836570       -0.1221047876       -0.3305710152        0.5435866599
        0.2166284818       -0.0939140440       -0.0728390072        0.2470895946
        0.2512753996       -0.0309909813       27.3841566261       27.3853269816
        0.2313168530        0.0141006612       14.8966395991       14.8984421219
       -0.2276031054        0.0554878873        0.2859591956        0.3696684200
       -0.0523134906       -0.0539242872        0.1200837753        0.1416497199
       -0.1952654512        0.1192272457       -0.0687496654        0.2388938028
        0.0178437472       -0.0079801094       -0.0123425315        0.0231175160
       -0.4711580982        0.3979018193       -0.2185565336        0.6542803449
       -0.0129946492        0.0245093384       -0.0456833258        0.0534465605
       -0.3311216115        0.1733227968       -0.6879702593        0.7829338358
       -0.0191396482       -0.0128279462       -0.0088792971        0.0246925951
       -0.5203363010        0.0335855502       -0.3429155837        0.6240744770
       -0.0856154069       -0.0509097178       -0.0679924529        0.1206017037
       -0.1090771890        0.0208139363       -1.5734996605        1.5835757069
       -0.9074233356       -0.3894356473      -13.6635362833       13.6998825099
        0.2039374093       -0.0395934094       -8.6535149892        8.6560083049
        0.2252776531       -0.0312943501       -5.1501345554        5.1551542456
#SUBSTART
       -0.0553859215        0.3805049138       33.2787046940       33.2845862023
        0.3705617241        0.3555439705       13.5897080733       13.6001239997
       -0.4629979081       -0.0365265586      105.3970288768      105.3981445620
       -0.7055921675        0.2696481468     -765.5173709098      765.5183185827
       -0.8377356610        0.4333405788     -132.9806633198      132.9849241194
       -0.1184354219        0.1361858305     -287.1847240518      287.1848146787
        0.0372446396        0.9011318116     4914.9816151539     4914.9817874614
        0.1118224495       -0.3041345282      171.7840372592      171.7850520276
        0.0480350003       -0.6111278216      247.8103630899      247.8116128843
        0.1714005695        0.2364394381      152.0361310039      152.0364755319
        0.1861604058       -0.2010748176       94.2070849669       94.2075868734
        0.0376828981        0.0496793047       41.7556358637       41.7559156791
       -0.0844902957       -0.2739179179    -1533.5068606094     1533.5068937522
        0.4378158854        0.1779592517    -1104.5379381335     1104.5380480582
        0.1562478700       -0.2777474866     -375.8539951728      375.8541302745
        0.0312465756       -0.2409554239     -212.5130147836      212.5131536830
        0.1757919348        0.4463098534      -70.3112586505       70.3128948935
       -0.2230433294        0.1784694974      -98.4999508459       98.5003650568
        0.3995250573       -0.0361705154     -216.1287562311      216.1296921747
       -0.0150839038        0.2070434191      -11.4453516822       11.4480849672
       -0.0690383114       -0.1808132688      -14.5064216877       14.5083841172
        0.0856855764       -0.0768273774      -21.9290139906       21.9297601183
        0.1323044025        0.0260518179      -36.9300722943       36.9336169875
        0.1059947040       -0.1082596669      -17.8709298084       17.8721170272
        0.0891054619       -0.0790873578    -1612.0928510514     1612.0928554539
        0.0175351113        0.0365394853     -190.7020149118      190.7020192185
        0.0193068224       -0.0273121574      786.6804243437      786.6804250547
       -0.0469764517       -0.0205896550      119.2071364491      119.2071474833
       -0.0596807501       -0.1152826312       43.9384542381       43.9386460045
       -0.1795916238       -0.3432814117      237.3023104438      237.3026266969
       -0.0406375413       -0.0003166373       18.4580815599       18.4581262966
        0.0826982815        0.0586383345       19.5289994354       19.5292625669
       -0.0316482106       -0.3398472195      -75.4170940660       75.4178664184
        0.0519401996       -0.0522003673      -15.0857452251       15.0859249520
        0.0579269420       -0.2758651900      -26.0040482454       26.0055759844
       -0.0332507819       -0.0670629772       -3.6125848290        3.6133602372
       -0.2355930035        0.3847267719      -65.0218526880       65.0302055780
        0.6386319838       -0.0703054683      -11.0366184522       11.0561847088
        0.1528674907       -0.1128831072       -8.9799654496        8.9830601872
        0.0547145597       -0.0162913131       -2.5001802447        2.5008319308
       -0.0790092492       -0.0046821061       -2.3508152945        2.3521473024
       -0.1769910667       -0.1423184989      -57.1644052234       57.1725559647
       -0.1254536123       -0.0963445943      -10.0743695504       10.0765779168
       -0.0617808134       -0.0029007269       -5.8153770647        5.8157059493
       -0.0098305211       -0.1640856240      -14.3814709839       14.3824103819
#SUBSTART
        0.1134167025       -0.1978589379        1.8827073063        1.9015988257
        0.3191077113        0.8215664469        3.3546003424        3.4712568905
        0.4618260965        0.4003685839        2.6286873455        2.7024165652
        0.7883749652       -0.0896346080        3.6713661960        3.8718588531
       -0.4988762368       -0.3837443901        0.3487452029        0.7329667510
       -0.1123153375        0.2576648730        8.4634918323        8.4693081006
        0.5121416346       -0.2149574232       33.4563382653       33.4612394518
        0.7644545624        1.5066327787       -3.1614592590        3.5872883267
        0.4710332382        0.4471137866       -2.9114674418        3.0235850698
        0.6845396223        0.4825832374       -3.3816011982        3.4865724608
       -0.0620695947        0.0441838536       -0.4278052780        0.6606796745
       -0.0667484917        0.0073356575       -0.0008983486        0.0671563850
        0.0667484917       -0.0073356575       -0.0145105478        0.0687002839
       -0.6647397044        0.5160367648       76.7213330057       76.7260750383
       -0.5404871711        0.2837715060       23.5366841351       23.5450129010
       -0.6362557885       -0.6308112694       64.0340159100       64.0404358014
       -0.4286990871       -0.4690444974       90.9614065534       90.9637331446
        0.0344683939        0.1818864994        6.8453814777        6.8656506833
        0.4306293928        0.2303054574       -1.6638598754        1.8029289843
        0.3742776394       -0.2784034273       -5.7452938549        5.7658887852
       -0.2454672109        0.0755585066      -19.1614274274       19.1636568556
       -0.0138546755        1.0635422484    -5991.6490400674     5991.6492081435
       -0.0698582726        0.1461653425        0.3895719733        0.4219132707
       -0.2967107334        0.2485417584        1.3217486737        1.3772544505
       -0.2804953118        0.0904871017        0.7206163447        0.7785585731
       -0.0605672014        0.0706594683        0.1134317905        0.1467239497
       -0.2739569147        0.2956111160        0.8030349678        1.3000366408
        0.1976171066        0.1848161279        0.4533358560        0.5460793946
       -0.4880666637        0.2490491905        0.2503296196        0.6183682324
       -0.0163606226       -0.5170764560        0.3420999201        0.6357262552
        0.6301048806       -0.2090458801       -0.5564735976        0.8774252050
       -0.0813953694       -0.0188989257       -0.3193250052        0.3583721800
        0.4304943608       -0.1087112039       -0.3398550280        0.5763026509
        0.1546830458        0.0638300770        0.0964372610        0.2382877538
       -0.2753126089       -0.6981611175       -0.3029639329        0.8212751720
        0.0433594513       -0.9246233356       -2.2332312671        2.4174635979
        0.1639221909       -0.9667623980       -2.5609233842        2.7422305882
       -0.2420844816       -0.6504584816       -1.7941190357        1.9287415668
        0.7028892109       -1.2567556289       -3.0881468400        3.4102226678
       -0.7821333685       -1.2644663490     2138.0695738947     2138.0702967332
       -0.0514279557       -0.1827450484      612.6302214534      612.6302667665
       -0.2698237456       -0.5998108888      745.9218827162      745.9221857356
        0.1594990662       -0.0618148690      303.3808807530      303.3809610824
        0.2133187980        0.2482076764      137.4069815362      137.4074421806
       -0.2758888232        0.2017543199       19.4590228954       19.4625247919
        0.3318743203       -0.3782969076       11.7562875912       11.7678811528
       -0.4819478003        0.0525427694        5.7698369073        5.7918504942
        0.1025633449       -0.0586670058       13.5818471357       13.5830781658
       -0.0455448245        0.0502980270        0.0146144954        0.1558768454
        0.4867075806        0.3612553707        0.2255293712        0.6616139313
        0.2107802570        0.2638510040       -0.1503286038        0.3951254777
        0.1373576294        1.9110079926       -4.1149381649        4.5658707523
        0.0374367890        0.8725878104       -1.0775507172        1.3940610937
        0.0247750956       -0.0590917300       -0.0686960990        0.1682396411
        0.0207490485        0.1472318374       -0.4214037883        0.4681545414
       -0.0175610367       -0.0414560375       -0.8513743236        0.8639126211
        0.0112295966       -0.3111005014       -2.8469865868        2.8673545361
        0.1500858343        1.3210799529     -272.1178547484      272.1211387060
       -0.0470461559        0.2034583565       22.0345762783       22.0360078098
       -0.1268121322        0.1098275591       51.8813731159       51.8818320762
       -0.0422744369       -0.0182976005       18.0418896662       18.0424883107
       -0.1182451737        0.2339611935       21.8023623777       21.8043849901
       -0.8953112981        0.1382794435       71.8028101108       71.8086605022
       -0.2703614804       -0.2445449883       20.3432314802       20.3469762968
        0.0025792634        0.0011142082        0.0068690182        0.0074214197
        0.0657332104       -0.2290851242       16.3127273280       16.3144682330
       -1.0037785063       -0.2797997584      200.0405346095      200.0432973779
       -0.3811452913       -0.0444747068      135.5612145204      135.5618294793
       -0.0514278141        0.1212079014       75.6447618398       75.6450051871
       -0.7536829967       -0.0613807202      103.7101992214      103.7130498442
        0.1201842072       -0.0447401616       56.1348142324       56.1351342264
       -0.4963910996       -0.1352303430       36.2361318870       36.2400527771
       -0.7813333856        0.7387334563        2.9107962937        3.1420669952
        0.3216455973       -0.7153253793        4.1024596217        4.2808494284
        0.0251400603        0.0025606957        0.3671060546        0.3935545960
       -0.2187484683        0.4087361025        0.6738675787        1.2457148118
        0.4271506351       -0.1049304956       -0.8827812814        1.1029106150
        0.5833233055       -0.2230258112       -0.7222723509        1.0748604095
       -0.3526330457       -0.0935572309       -3.1249192819        3.1461442337
       -0.4504591822       -0.0964457991       -5.4658397772        5.4852182944
        0.1703895705       -0.2027073677       -0.2004136602        0.3602336780
        0.2446638993       -0.1208632368       -1.2394617054        1.2767981241
        0.3182536423       -0.5110364746      -13.0621587281       13.0767700172
        0.0010412982        0.0035709573       -5.4398343772        5.4416258299
        0.2713347086        0.0205238210       -2.2475801658        2.2682901353
        0.1293212053       -0.3761708622      -25.5328896348       25.5363693853
        0.0330205100       -0.5897999267       -9.8502047900        9.8688889191
        0.7415401477        0.2647004512      -29.1072289764       29.1220598132
        0.2766720426       -0.2283103868       -6.7288099688        6.7398098217
        0.1079544104       -0.1462038622      -57.6320378801       57.6344381502
        0.0348655827       -0.7624491480      -59.2316949289       59.2367766531
        1.1733117074       -0.2779951736      -48.2803074754       48.2953624233
        0.0120220828        0.0092534063       -1.0032247078        1.0033394094
       -0.1423368279       -0.7664817126      -71.1647895047       71.1707711086
       -0.0200374028       -0.3898405547      -12.2091908711       12.2162268588
       -0.1982562759        0.7110506887        7.2000317867        7.2548626308
       -0.2006560520        0.2300719223        1.2923821175        1.3279485977
       -0.1410705716        0.3673682834        1.9886238086        2.0271864773
       -0.2478461718        0.4598699141        4.4374064090        4.4702308091
       -0.0049210676        0.1736873316        0.6594399069        0.6960835308
       -0.0290010555        0.0772293916       -0.0149324770        0.0838356667
       -0.1511934392        0.0141189036       -0.1240204805        0.1960609066
       -0.0589664286        0.0546476828       -0.0044986804        0.0805210970
        0.0501695693        0.0612775184       -0.0944521657        0.1232604217
       -0.0157908295       -0.0942376916       75.8794276459       75.8794878078
       -0.1627007859       -0.1490386160      336.2843806281      336.2844530133
       -0.1246795332       -0.0194092843       39.1704938990       39.1706971344
        0.0097784792       -0.0042432823       38.9491513084       38.9491527670
       -0.0537019148       -0.1728340950       60.2156412464       60.2159132309
       -0.0579114201       -0.0131204710       44.4933937224       44.4934333449
       -0.0146874491       -0.0306198977       11.1887566477       11.1888081859
       -0.0248271094        0.0094331765      177.7984241238      177.7984261074
        0.8768732415       -0.2496895529      512.6094212485      512.6104736344
        0.0420196013        0.1211064563        6.4376700762        6.4389462205
       -0.0274755977        0.0123619568        7.0837203878        7.0837844588
        0.0760978093       -0.0664552184        0.2645214539        0.2831585637
        0.0051609481        0.0212058559        0.4257639367        0.4263229451
        0.0685323806       -0.0780385787        0.0544851809        0.1172831697
       -0.0203886358        0.0191873894        0.0911186977        0.0953229744
       -0.0297190412        0.0272167655        0.0050497584        0.0406137144
       -0.0679460661       -0.0615219387        0.2470577663        0.2635131055
       -0.1080612915       -0.0939725250        1.0524039928        1.0621027456
       -0.0237610100       -0.0106176726        1.2778722446        1.2781372360
        0.0500730068        0.0972642511        0.0792815700        0.1351044333
       -0.0058580088        0.0627267199       -0.0505321779        0.0807617400
       -0.0060400917        0.1294722005        0.0450222284        0.1372098191
        0.0235045436        0.0835046786        0.1859144302        0.2051576717
        0.1630955148        0.0823054189        0.2936750356        0.3458603121
        0.0274921871        0.1029213374        0.0864124558        0.1371704581
        0.0041319623       -0.0198680318        0.0048100829        0.0208554237
       -0.2332558630        0.1317900305        0.1150964823        0.2915889401
       -0.0401785239       -0.1164957800        0.1271014102        0.1770320564
       -0.1293943848       -0.0986954479        0.0266508164        0.1649059255
       -0.1580501600        0.1176655763       -0.8626279231        0.8848457349
       -0.5509032407        0.3274432552       -4.0621120225        4.1123554746
        0.1737324196       -0.1248048585       -0.7413581974        0.7716029958
        0.2439177810       -0.1007636817       -1.5484685224        1.5707972397
       -0.0955843762        0.0693728467       -2.9959369742        2.9982640508
       -0.2095227280        0.3795996124       -7.3306787233        7.3434900547
        0.0835765353       -0.0465194825      -23.0984345067       23.0986325518
       -0.0272671508        0.0403703836       -8.2662880418        8.2664315914
        0.0383697324       -0.0698358286       -0.2573013397        0.2693571212
       -0.0775505437       -0.1142820696       -0.9469936399        0.9570117200
        0.0498923582        0.1076115234       -2.6520024814        2.6546537719
        0.0513580477        0.0323225212       -0.3403627340        0.3457299310
       -0.0510608402       -0.0183826903       99.1372214977       99.1372363515
        0.0634760582        0.0182074569       44.3357989146       44.3358480930
       -0.1090595444       -0.0069948136       40.7467847891       40.7471703722
       -0.0432191320       -0.0401099699       43.7077024317       43.7079650447
        0.0075531263        0.0218883354        0.7510203067        0.7513771689
       -0.0998214240        0.0218663207       24.3035889220       24.3038037546
        0.0916038585        0.1966936023        8.7334477149        8.7361426631
        0.0523595874        0.0323832586        0.9308024121        0.9328361765
       -0.0059288270        0.0042946952       11.1610978793       11.1611002803
       -0.1322813224        0.0112917978        9.9163159074        9.9172045975
        0.0517972576       -0.3065965176       60.3024747036       60.3053299069
        0.0431541533        0.0329032650       10.0664933539       10.0666396255
        0.2431652587        0.1717280276       19.9721690826       19.9743875431
        0.1084139252        0.1107670125        0.2248640315        0.2731057357
       -0.0099626745        0.0749895142        0.2822300227        0.2921925184
       -0.0367154225        0.1996134519        0.1088476511        0.2303071071
       -0.0582972968        0.0031489892        0.0267175374        0.0642052782
        0.1636352974        0.0657697137       -0.4808386731        0.5121601267
       -0.0062490822        0.0079779329        0.0055852599        0.0115712389
        0.0211641825       -0.0807127171       -2.2575268596        2.2590683892
        0.0475885221       -0.1047117935      -11.1783888432       11.1789805598
       -0.0200081015        0.0090231418       -0.4901926204        0.4906837538
        0.1258523186       -0.1694598904       -7.2305724341        7.2336528245
        0.2298857201       -0.0848169400     -133.0665301781      133.0676864247
        0.0090772011        0.2361315686      -36.4328270407       36.4335933815
        0.0308994124        0.1757532521      -51.7927264730       51.7930338895
       -0.8093809349       -0.0065734293       61.1607252886       61.1662401846
       -0.3003588719        0.0446718258       12.2027664512       12.2073420478
        0.0207575729       -0.0624533502       38.8302824140       38.8303381861
        0.1375559332       -0.0581819261       31.2574499568       31.2578067781
       -0.0357422368       -0.0200260998       -0.2138030056        0.2176930806
       -0.1409673343       -0.1795538536       -4.2157465174        4.2219225567
       -0.0016427191       -0.1313410714       -0.4948303817        0.5119670714
        0.0867211576       -0.1677846728       -1.4410351063        1.4533597054
        0.0719367350       -0.2131256391       -3.3736998360        3.3811903252
        0.2496859279       -0.2345490644       -5.1024285510        5.1139156665
        0.2213401164        0.0382575082       -4.9315026776        4.9366156163
        0.1825237278       -0.0921507146       -4.2717266879        4.2766173036
#END
