# ../../../pythia/gen-events -ptmin 100 -pileup -lhc -nev 30 -out Pythia-dijet-ptmin100-lhc-pileup-30ev.dat
# Random generator sequence:     19780503
# Stamped by ../../../pythia/gen-events on 23/08/2006 at 18:25:23
#SUBSTART
       -1.3598775254        0.5822195287      -24.1335768542       24.1792733147
        0.8663229239       -0.3013374784        0.1632310365        1.3231613056
        0.4434779745        0.4335357412        0.3149948156        0.7094557572
        1.5403449823        2.0056611503        6.8774302512        7.3874716086
       -0.0208757896        0.4764750324        1.4455035020        1.6001829862
       -0.9675278162       -0.7717017918       34.2295364305       34.2647508173
       -0.2732736291        0.3850770678        3.1129720448        3.1516721849
       -0.4151246280       -0.5583789874       61.8863064449       61.8903750249
        0.2505725770       -0.1368444352       94.0104580994       94.0155866697
        0.4545758930        0.4251970627       79.0027229156       79.0107616192
        0.7531391871        1.6122915805      352.0858657516      352.0916164248
        0.2626769609        0.1902867483        2.0468286413        2.0770641550
        0.6374402923       -0.7964382657      971.1496020883      971.1505911191
        0.7539223667       -0.0231700815      496.5975051342      496.5980975810
        2.8449672335        1.9772319616       -2.9150263932        4.5299164945
       -0.2389089172        1.0006337851       -0.4113027868        1.2129123567
       -0.0388212876        0.0396050883       -0.4210693432        0.4470512634
       -0.4626101376        0.0274569056        0.1485929362        0.6931686965
        0.2252893138       -0.1509959392        0.9577173120        1.3687838702
       -0.1038330359       -0.6151532938        8.1332483599        8.2109240863
       -1.6705791824       -1.9248359662       16.6603884292       16.8803057291
        0.2111684369       -0.3548191671        3.1079425313        3.1383555110
       -0.6983638375       -0.1837448331        2.4152807360        2.5247841555
       -0.3292191059       -0.5824086098        4.0399727790        4.0973704798
        5.4116770051        1.7213282599       -2.4696639950        6.1941859045
        0.7536903837       -0.8760507793       -7.4226664615        7.5133861438
       -0.2242604478        0.1934868119      -13.0313933037       13.0684846836
        0.5595197358       -1.4075450456     -229.2228037405      229.2278505763
        0.0894125125       -0.2609655155      -53.9232564410       53.9241426690
       -0.3141856830        0.5188153125     -209.3209225007      209.3223832262
        0.3203567704       -0.0070948033      -49.8687006452       49.8699254323
       -0.1076263224        0.2222075179       -0.5912791344        0.6557822855
        1.9060967450       -0.6783910906       -3.3126157601        3.8841115113
       -0.5483521900       -0.2428739016     -117.7774804476      117.7790900721
        0.2253077081       -0.1563694631     -213.1441920385      213.1444141762
       -0.0861190874       -0.1015692673       70.8606095526       70.8608721281
       -0.3261428214        0.4503078497      132.6828125170      132.6840509010
       -0.8575792217        0.4048661367      419.4903287191      419.4914239021
       -0.9794062849       -0.1382740500      426.1436892728      426.1448600455
       -0.0625522584        0.2082771916      -15.0554377987       15.0576551717
       -0.7797180026        1.2045678600      -76.1766571081       76.1959633042
        0.1876344650        0.7547509086      -29.9368443366       29.9472700633
        0.0088854881        0.4568060733      -22.0156960584       22.0404168352
       -0.2581428480       -0.0694352798       -5.7683377884        5.7762149902
       -0.2186858502        0.0387544102      -10.8897789153       10.8929376209
       -0.9726196764       -0.0306813543      -13.5804035477       13.6159381125
       -0.2509196496       -0.1930862855       -0.9152992451        0.9685121023
       -0.1826252636       -0.3208145868       -1.0630857838        1.1253556637
       -0.2227621917       -0.0275423660       -1.1866891102        1.3062496121
       -0.5780825849        0.0923075493       -2.2925889668        2.3661496845
       -0.2482283113       -0.3375662426       -2.3933315322        2.4297333363
        1.9247206706       -1.4502112472        0.0458072805        2.5869967942
        0.4691019502       -0.1865311974       -0.2261220102        0.5704923099
        0.1286468681        0.2872603231        0.0760473711        0.3238081416
        1.5398436207        0.6128189962        0.5640945963        1.7506765012
        0.8023596358       -0.0191706076        3.5680139232        3.6598294548
        0.3158463899        0.2854570753        0.6957625394        0.8275324647
        0.8029693841        1.4746024092        5.4465825566        5.7012238535
        0.2266758526        0.8519124979        3.4492605886        3.5601313816
        0.2314343335        0.5855989658        2.8417136037        2.9106398274
       -0.5218996049        0.8471035076       18.6522994424       18.7024337941
        0.1191178641        0.1264046109        3.6905462594        3.6972663778
       -0.3492157344       -0.1238052549       11.9226644629       11.9292366499
       -0.3991802178       -0.0130471740       41.3883204791       41.4009103636
       -0.9092229178       -1.6211273632       49.0057468044       49.0409824544
       -0.2235227902       -0.1921881788       14.7685372738       14.7714790032
       -0.1014577929        0.0829991902        9.1151517447        9.1171625884
       -0.3074072468       -0.5220016096       26.4488300573       26.4561349422
       -1.5679271297       -3.0637468538      104.4363405730      104.4931272972
        0.1348866536       -0.0006136246       12.8891215434       12.8905829477
       -0.2139517852       -0.0776839446        8.2871915696        8.2903168982
        0.1978202593       -0.1031505794       26.6177613184       26.6190621602
       -0.0947285389       -0.1074859059       32.2259253605       32.2265460737
       -0.5684876897        0.0015312328       91.0172962757       91.0239209973
        0.4718774154        0.2617750182      104.6907756963      104.6933492911
       -0.2369363020        0.4902066221      117.4521877545      117.4535326393
       -0.0152215482        0.0181682571        6.8643322873        6.8643732075
       -0.0899554317       -0.2340313599       53.3533880981       53.3539772107
        0.0597292475        0.1833916667       24.6074795493       24.6082354072
        0.5960696402        1.5533309544      267.7306844847      267.7358540628
        0.1884195427       -0.0149519928       62.3651401549       62.3655827505
       -0.8190799750        0.0304540072       73.3122420255       73.3184853309
       -0.4107542433        0.3143111604       76.0986318598       76.1005174836
       -0.0848175149        0.3291191602       31.8656439593       31.8677620513
       -0.2809006247        0.0441127317       20.8152463287       20.8176562227
        0.3996200037        0.2753544754       19.7431156978       19.7495724884
       -0.2809282113        0.3420312578       23.6608595918       23.6654106757
        0.1035618515       -0.3144654903       14.5469030534       14.5513395202
        0.1697621779        0.2716486688        3.8699580745        3.8857003847
       -0.2591859672       -0.2203973630        2.2372685230        2.2672897018
       -0.0747656152       -0.2748700852        3.0083401908        3.0250180081
       -0.1127591580        0.0489867078        0.6509563291        0.6770068335
        0.2680538528       -0.0646074832        4.4354605223        4.4462137628
        0.0105478194        0.3910360909        7.0292173812        7.0414769231
       -0.0319162514        0.0094660923        1.7408185011        1.7411367861
        0.0169446313        0.3410500742       13.5744335202       13.5787277632
        0.0162419828       -0.6939516673       12.7743753444       12.7939820987
       -0.2443666179        0.1512158941       63.8613222477       63.8619688118
       -0.1324017369       -0.0196214224       31.0125742460       31.0128630827
        0.1510507627        0.0277379678      127.5759342958      127.5761030795
        0.5428841420       -0.2143111010      227.5276912356      227.5284826373
        1.6355666392        0.7346075696       -1.8199835968        2.5586220100
        4.8234484934        2.4426361308       -5.5459209698        7.7465376669
        2.9859325057        2.2209504526       -4.0710153481        5.5173417142
        2.0622832475        2.3201063165       -4.4188357120        5.4019898507
        0.6438320312        0.6246993516       -1.1403368659        1.4576065714
        0.3297934015        0.7614945249       -1.7313171903        1.9249874279
        0.7534115170        0.2905664414       -1.5500757406        1.7533603045
       -0.0296799638        0.0208087707       -0.0380334830        0.0525399945
       -0.5512814646        1.4049791206       -1.5889133026        2.1914659627
        0.4873622089        0.6391602197       -1.0859345794        1.4397836813
       -0.6278808052        0.4288315727       -1.0062926928        1.2689505868
       -0.1837580869        0.4860200026       -0.3211471590        0.6265762205
       -0.9266121086       -0.1613841013       -0.1213496276        1.0691218453
       -0.4935097825       -0.8623933604        0.2021270908        1.3814775305
       -0.2630686658       -0.0645899230        0.2426171895        0.3895123446
       -0.3404636666       -0.1057855053        0.4436292639        0.5859972612
       -0.2844852174       -0.6810553395        2.9568101620        3.0872537163
        0.1591698878        0.0217300368        0.5334767943        0.5743557457
       -0.2067242633       -0.1399792190        0.2793076062        0.3997769710
        0.0721494693       -0.3698438181        0.5958515662        0.7186855150
        0.1077902331       -0.2576289686        1.5201355662        1.6224809766
        0.1398791010       -0.0676350320        2.6414065628        2.6496507459
       -0.7291224926       -0.9022901790        3.8774987588        4.0773011614
       -1.2296117134       -0.8068302355        8.7334333933        8.8563976215
       -2.7150345593       -1.5679932389       19.1268761746       19.3821414621
       -0.2040667882       -0.4085926358        2.1368802669        2.1895954549
       -0.3158510630       -0.9199981349        6.9607863858        7.0298069216
       -1.6942777216       -1.3666397093        9.9085267553       10.1568117297
       -0.2730470472       -0.6346482097        2.5357892941        2.6319270827
       -1.8085946282       -1.0273237178        8.1748956762        8.4365163220
       -1.9710696523       -1.8129751103        8.1789795689        8.6073910622
        0.1657823411       -0.4236498775        2.6026049177        2.6420664944
        0.0569783691       -0.0382920763        0.2420020409        0.2515508009
       -1.8803977682       -1.3869630914       14.8708709497       15.0539644271
       -1.7820955614       -0.5439528355       13.8342443181       13.9598547598
       -2.3158908704       -0.5816869056       22.4335957339       22.5607492676
       -7.0445711931       -2.1490678631       59.2015595075       59.6580975550
        3.1670379291        1.1029544433       -1.6689434725        3.7485316922
        4.5916073199        1.4910859773       -2.3420162983        5.3675613922
        6.1918581562        2.3591147347       -3.2150343919        7.4245382135
        0.9941806475        0.2078281816       -0.3574697943        1.0857495806
        3.1850189131        0.7346817286       -3.1020140667        4.6031929977
        0.2050009168        0.1226067767       -0.4153386242        0.4990428391
        1.4459967333       -0.2674735911       -1.1890785683        1.8911257272
        0.3508239388       -0.1316064763       -0.2808247949        0.4682523530
        1.3170541419        0.9398848158       -1.2386704825        2.0424983302
        1.1324272025        0.2254391547       -0.8524582752        1.4420052279
        0.5617045336        0.1808489426       -2.6442618799        2.7128986339
       -0.1226959126        0.0246336960       -0.1669694798        0.2510372443
        0.3697572432        0.2627295326       -2.3423910123        2.3899838212
        0.1972949956       -0.8543317849      -14.2415665983       14.2994342221
        0.3721581746        0.1027117681       -2.3823413154        2.4174534829
        0.9878541278       -1.9548062153     -181.2441607407      181.2574478621
        0.1619986283       -0.6475628751      -30.5680551033       30.5756611346
       -0.6853074195       -0.4443119292     -153.9187519476      153.9209821312
        0.2440887204       -0.5781336701      -89.9764993443       89.9787960126
        0.0453254653        0.1058045634      -25.7403501424       25.7409858833
        0.2304383543       -0.1177274491      -43.5369286448       43.5379213697
        0.0504471167       -0.0477753993      -34.5427268002       34.5427966759
        0.0580632073       -0.1194611894     -235.4475381636      235.4475756291
       -0.5635957231        0.1480394899     -237.0154237621      237.0166540518
       -0.1211117777       -0.2715104205     -109.0030399745      109.0035347566
       -0.1072369482        0.0393537198      -45.3752823625       45.3756407970
       -0.2634481624       -0.5711080702     -104.5225093153      104.5244947498
        0.4182088020        0.1198222713     -133.4052255224      133.4060078574
       -0.4063798410        0.9739433510     -136.3701517064      136.3743064747
       -0.0649988557       -0.1458384872      -11.9899769519       11.9918522676
        0.1171206088       -0.1414971113      -13.4706837316       13.4719359732
       -0.4065608494        1.1879777006      -53.1224643168       53.1374846753
        0.1747877024        0.2738392204      -33.1786692106       33.1935599330
       -0.0846711743       -0.1878364882       -5.2964970058        5.3023402448
       -0.0296615512       -0.0849707616       -0.6059518356        0.6282971032
       -0.0612946242        0.5694060959       -1.3827052814        1.5031081176
        0.4363765851       -0.4099735281       -4.9132660931        5.0377611210
        0.2250275098       -0.0819428560       -1.0413047843        1.0775655202
        0.1261503003       -0.2424857202       -0.4332998269        0.5309818713
        0.0581403902        0.0974064839       -0.1414009824        0.2287845073
        0.6009036403       -0.8209771804       -1.2734995052        1.6359613352
        0.2338764880       -0.7037485357       -0.2346274268        0.7902468142
        0.2116766418       -0.1344281348        0.0638569712        0.2939990166
        0.4873729614        0.3230479623       -0.5209955345        0.7954926281
        0.0343968148        0.0876261575       -0.8530150971        0.8581935914
       -0.0816811101        0.2730401674       -1.5612166858        1.5870161552
       -0.2710385149       -0.1604791525       -3.2471212810        3.2653471229
       -0.0419043518        0.4813391414      -12.3049003565       12.3151734016
        0.1120822922        0.1786480126      -53.6697622805       53.6784002423
        0.5231907048       -0.2483062451      -72.9332576475       72.9416084780
       -0.1279337279       -0.0185022211     -330.3338723928      330.3352301980
       -0.0678522486       -0.3257014599     -855.5619643368      855.5620290226
        0.4127933919        0.3164717458       64.4582660048       64.4603646367
        0.1053292830        0.0077345158       12.3121022371       12.3125552010
        0.0226303035       -0.1036039437       15.5899443955       15.5903050696
        0.0749331269       -0.0201958043       31.6474883719       31.6475835269
        0.2286879077        0.0336824624      -20.6496027305       20.6508964841
        0.0175945164        0.0603933582       -4.1935949821        4.1940667375
        0.0632306050        0.0866038534       -3.4701360155        3.4717923761
        0.0520284000        0.0987662308      -11.5160445028       11.5165855493
        0.1894774121       -0.0125995534      -29.4806718427       29.4812834309
        0.1745330434        0.0883613324      -19.2615924957       19.2625858850
       -0.0018453251       -0.0041768505       -0.0119305686        0.0127745752
        0.3984578428       -0.4163369562      -11.7692976952       11.7833982090
       -0.1426407149       -0.0226897105       -3.0598251787        3.0632321689
        0.0261412926       -0.0231846468       -1.3171863417        1.3176497083
       -0.0778877222        0.0247047896       -1.6355546289        1.6375945066
        0.0182951754        0.0715600178       -0.5311897283        0.5363003608
       -0.0246149459        0.2021038893       -6.3988758119        6.4021139894
       -0.0114479203       -0.0205786446       -0.4840243657        0.4845968655
       -0.0997633253       -0.0335749910       -0.8533789969        0.8598463313
       -0.3408012844       -0.4003472317       -5.2579943169        5.2842149519
       -0.1376423893       -0.0322189737       -0.9591888310        0.9695497425
       -0.0926186883        0.0778550766       -1.3677290418        1.3730704156
        0.0446742027       -0.0071984008       -0.4543902501        0.4566378223
       -0.0651487978       -0.0123497123       -0.1630410887        0.1760093118
       -0.0369930024       -0.0192906677       -0.3315705517        0.3341850429
       -0.1507357825        0.1309993957       -0.6159690985        0.6475338201
       -0.1584983378       -0.0111573549       -1.8881901964        1.8999968980
       -0.0244566997       -0.0389567995       -0.1641317897        0.2203061318
        0.3700801990        0.1312348093        0.7338783193        0.8323216424
        0.1254554549        0.0181829818        0.1157891051        0.1716881150
       -0.0658562084        0.1210101510        2.2513102806        2.2555217747
       -0.5721983520        0.5978296588       10.0224124928       10.0565184547
       -0.0160007195        0.0686803074        1.5396435370        1.5412576775
       -0.1330897068       -0.0204814953        3.8348784391        3.8372418486
       -0.1803120097       -0.2196619633       16.0679340988       16.0704471003
       -0.1882670082       -0.1841118137        9.2423219528        9.2460725017
       -0.2189497228       -0.2091299405       33.3737948120       33.3751682313
       -0.2111877774       -0.1638271594       18.6126367594       18.6145557765
        0.1592242539       -0.0901281969        4.0900360850        4.0965046584
       -0.4726225539       -0.8741879206       35.9486082157       35.9626123778
        0.0710559525       -0.0480774269       10.6042944778       10.6046415196
        0.4499116572        0.0229990436       42.8933686098       42.8957342885
       -0.0390392127       -0.0473523599        4.8036762756        4.8040682829
        0.0698343256        0.0333644867        5.2116520984        5.2122267426
        0.0846141252        0.3086485345       59.6716959385       59.6727173793
        0.3709329263        0.0165191761       81.4795059370       81.4804714741
       -0.2924887366       -0.0159236945       39.4753079820       39.4763947632
       -0.2973356914       -0.1559311839       48.3295823191       48.3307484960
        0.0581993242        0.1361661059        1.0378547287        1.0483657795
       -0.0429161832        0.0393094321        0.1694918879        0.1792052742
        0.0084576823        0.0582801458        0.8715077683        0.8734952192
       -0.0483855512       -0.0427928405        2.7948748748        2.7956212109
        0.0459379064        0.0595542083        0.2380636031        0.2496623201
        0.0584927691        0.0282028687        1.1214557566        1.1233342423
       -0.0183892644        0.0508739576        0.9588971989        0.9604218670
       -0.0006253879        0.0697571721        8.1213601364        8.1216597392
        0.3325062612        0.3267294613      144.0711992586      144.0719534412
        0.2036691637        0.3797352339      135.3829443676      135.3836301242
        2.6224766510        1.0250401397       -3.1987205463        4.2614439110
        3.0027302959        1.1761364367       -3.4485697516        4.7214742909
        0.0476494199        0.0345595351       -0.1191954159        0.1329374885
        1.3743636715        1.6085197019       -3.0229970053        3.6898132781
        0.2619822586        0.0942424717       -0.4445625216        0.5245495047
        0.2507557448        0.2291562904       -0.6791303630        0.7593478116
       -0.1149612310       -0.0274562273       -0.0502106638        0.1284174436
       -0.0138206797        0.0632813114       -0.0750209736        0.0991144896
        0.0874768878        0.0451188683        0.0485151408        0.1097343933
       -0.0505193427        0.0470577553        0.0284812968        0.0746848083
       -0.0203873256        0.0763445940        0.0985662970        0.1263307364
        0.2088143944        0.4593308574        0.5900649865        0.7763794022
       -0.5640164152       -1.2100122113        0.8248629888        1.6463044819
       -0.0590012882        0.0449096185        0.1004632282        0.1248634697
       -0.1081611492       -0.0986504257        0.2504039221        0.2900566580
       -0.0842916054       -0.2253129127        0.4039720305        0.4701748449
       -0.3129514299       -0.4003723039        1.1150893970        1.2254227608
       -0.0307116311        0.0083473942        0.1306003906        0.1344222649
        0.1245562965       -0.0582145903        0.3573336741        0.3828714722
       -0.2423755484       -0.4707026008        5.4762802283        5.5018135178
       -0.1809079599       -0.2240897370        2.2505328542        2.2688856357
       -2.2051398126       -1.9272750318       11.0042005012       11.3981197897
       -0.9347690484       -0.6622425732        4.0249104474        4.1847655262
       -1.2060541689       -0.8263133057        5.7152320585        5.8992573956
       -0.1424843235       -0.1270519453        0.5161333933        0.5503068770
       -0.1481753820       -0.2603425711        1.3062807444        1.3401878903
       -1.2918779128       -0.5006360944       12.2334722006       12.3116784852
       -0.6562084900       -0.3392782454        6.0232843165        6.0684160427
       -4.1902782858       -1.1217735553       35.8431600635       36.1081238337
       -3.0357051223       -0.8565073024       27.5765314722       27.7563361845
       -5.8679545560       -1.7001099158       51.8260460521       52.1848858751
        3.3901036326        1.0986545000       -1.6421783308        3.9263308324
       12.6325402219        4.3985766351       -7.1612403931       15.1733777592
        0.2086447606        0.0975260662       -0.0157532144        0.2308508901
        0.1854685420        0.1572750021       -0.1456828873        0.2834740023
       -0.0034393531       -0.0069369742       -0.0258076514        0.0269441205
        0.3392341768        0.0690488031       -0.0822854120        0.3558348675
        1.1971669706        0.6845753730       -0.9734187791        1.6880154965
        1.0583093786        0.6854109627       -1.0263904368        1.6258180271
        0.0064023606       -0.0016999184       -0.2321066902        0.2322011964
        0.0319197456       -0.1125324596       -0.1469247082        0.1878012101
       -0.0266128232        0.0185742581       -0.0632688449        0.0711069066
        0.1403117331        0.0530627946       -0.1056966631        0.1835070222
        0.1088754238       -0.1452941684       -0.0826401715        0.1994834610
        0.0154646200        0.0088290418       -0.0779694740        0.0799771550
        0.4168247371        0.1062081639       -0.8545856284        0.9567338354
        1.2195894611        0.3333258056       -3.0681211232        3.3184140448
        0.1349341583        0.0330906474       -0.6697034524        0.6839626687
        0.0013821783        0.0138231776        0.0003712768        0.0138970682
       -0.0204588141       -0.0326306810       -1.0292485520        1.0299688860
       -0.0441998314        0.0540461335       -0.3087988735        0.3165933573
       -0.0101414255        0.0196894115       -1.3458566657        1.3460388873
       -0.0252792779       -0.1174103867       -1.4262412533        1.4312890530
        0.0817878022        0.0137343541       -1.5050905876        1.5073737273
        0.0597408824       -0.1317918757       -3.1307254449        3.1340676258
        0.0751508624       -0.0196947996       -1.7313622430        1.7331043689
        0.2469376930       -0.3541844372       -7.4515763235        7.4640749289
        0.0069034244       -0.4982913363      -50.9468293079       50.9492665152
        0.0037292587       -0.0645556578      -13.7738639690       13.7740157535
        0.1165284798        0.0216554399       -9.0841795929        9.0849527638
        0.2510094544        0.1220948105      -42.1811555940       42.1820791348
        0.1854250686       -0.3418046898      -50.6610073905       50.6624997678
        0.0324189736       -0.1922261177      -36.4736616342       36.4741825800
       -0.1508043463       -0.2282106492      -59.7488368414       59.7494629762
       -0.0357507331       -0.0611104079       -6.0767270581        6.0771394863
       -0.4868602609        0.1529894218      -68.2048157285       68.2067249414
       -0.0284329015        0.0130431594      -11.5544376359       11.5544799812
        0.0404759227        0.3159172300      -34.8459919010       34.8474474468
       -0.0761300209        0.1995072681      -19.6118140677       19.6129765705
       -0.2234991099        0.0986544680      -32.2292417819       32.2301677065
       -0.4498597836        0.3029571725      -51.7194177202       51.7222614180
        0.0100992214        0.0092381664       -0.3736973372        0.3739479079
       -0.2903240464        0.0721449346      -24.6001305900       24.6019494753
       -0.0023005322       -0.0131910009       -0.4490486593        0.4492482536
        0.0279352876        0.1485496328       -0.7317720269        0.7472199630
       -0.1752352631       -0.2555640940       -0.4725337676        0.5650739466
       -0.0665309039       -0.0020063866       -0.1355770926        0.1510348794
       -0.0409026712       -0.0099771661       -7.5297026451        7.5298203495
        0.0249572584        0.1000164845       -6.3002893308        6.3011325818
        0.0233174545       -0.1632828702      -21.7538373420       21.7544626249
       -0.0568509910       -0.0107873380       -7.7582712309        7.7584870235
       -0.1467986441        0.0054751657      -42.1870141292       42.1872698921
       -0.1097902819       -0.0581585537      -81.8313178965       81.8314122144
        0.2761879330       -0.7305147192    -1071.6969310421     1071.6972246938
       -0.3171456675       -0.1913209110     -785.3526951654      785.3527949071
       -0.2888985320        0.0623743537       12.9482841964       12.9524089010
        0.0393375773       -0.1924034507       12.1119968125       12.1143928079
        5.0730403231        2.1510881758       -5.5709527100        7.8512466218
        1.0150948991        0.3921616706       -0.7337497982        1.3198776387
        9.5911244881        4.6625081772      -11.4284342211       15.6313070533
        1.9315687741        0.9769501025       -2.3940542029        3.2275199393
      -12.9905797704       -3.5943895649      113.7436254800      114.5395417148
      -55.1847593911      -15.7575130675      479.6904514872      483.1113801339
       10.7746506365        3.5989112289       -5.6857470869       12.7130111986
        5.8358433968        2.2217278748       -3.1011974560        6.9721279795
        1.1904494872        0.4198331651       -0.5693015689        1.3847505712
        0.8053171657        0.2462629411       -0.3717354381        0.9205261590
        6.0764991665        1.7258575840       -3.1448133509        7.0563643467
        0.8367074351        0.2419204372       -0.4335855067        0.9729344693
        0.2603251090        0.0271867774       -3.9180903143        3.9293027090
       -0.0463880975       -0.1775304672       -6.3289112789        6.3331087692
       -0.0476283455       -0.0869013850       -1.4854137006        1.4952437784
       -0.1844484615        0.2096525368       -8.8159947355        8.8215201854
        0.0720804301        0.0105519681       13.4591413680       13.4593385163
        0.0275949262       -0.1142469387       12.5198386485       12.5203903145
       -0.0395646477        0.0816229447       14.3108997501       14.3111872087
       -0.2352791114        0.0400251363       35.4999850455       35.5007872660
#SUBSTART
        0.2833492261        0.4513381170        0.3529773407        0.6542672755
        1.9288872256        2.2553796608        1.9861272408        3.6049529429
       -0.2226686020       -0.2498087549       -1.3682694461        1.6932037037
        0.1423596850       -1.0587999857       -2.2903985065        2.6963013172
       -0.3649488657        0.4322908482       -7.2837541798        7.3070252353
        0.2786628312       -0.1168500510     -194.4370272319      194.4373121227
       -0.0589995187        1.0351770546    -1003.6043946556     1003.6049399661
       -0.8188213543        0.1690693799    -1105.6248472990     1105.6251722431
       -0.0099878165       -0.2656521936        1.9008543675        1.9244214600
       -0.1401387162        0.9034938021       14.5318011109       14.5612040443
        0.3995198527        1.2315368132       40.6845700999       40.7054053295
        0.0000830083       -0.1511669726       25.5579779213       25.5588060494
        0.7112347683        0.4259567376     1576.4093775748     1576.4098747948
       -0.4419643912        0.2199285987       14.7256945744       14.7346279761
       -0.3633758381        0.5191938711       19.6767986011       19.6874957079
        0.3341523922       -0.1662910589       20.0256139057       20.0351731662
       -0.2644412561       -0.3165429092       12.0326361291       12.0405124721
       -0.3053292050       -0.3626883627        7.6795604516        7.6954465294
       -0.2590607056       -0.5905793926       -1.2895360033        1.7202180573
        0.0881728382        0.3769507049       -0.7074547868        0.8184365239
       -0.6004550538       -0.0048745957       -1.3694372300        1.5018016331
       -0.0435617032        0.0203561468       -0.1855676516        0.2371226116
       -1.2039790398       -1.4352226095       -5.4434347812        5.7584625960
        0.3191439129       -0.0287523682       -2.4520615843        2.4768458438
       -0.4678469858       -0.1737396388      -45.7414528118       45.7443881956
       -0.1565104062        0.5343307101     -123.4816829829      123.4865028564
       -0.2113520358        0.1994922069     -431.9110021785      431.9111225119
        0.2114337007       -0.4236557385       -2.3384658471        2.3899980538
       -0.0605054579        0.2801027022       -4.6791032820        4.7811000557
        0.0267562406        0.3365808083       -4.8861739493        4.8998140970
        0.3403117487        0.0300225275      -21.3575429215       21.3607310939
        0.4185094079       -0.2654090420       -6.8280995751        6.8474824335
       -0.2021349970        0.2211515050       -0.6706215490        0.7476493777
       -0.1755155064        0.1483061275        0.2000373710        0.5800485412
       -0.1694859157        0.2064892507       -0.1286468825        0.3277088518
        0.1645828958        0.0701886415       -0.1516113458        0.2729098021
       -0.2988868269       -0.0500443688       -0.1361934872        0.3603695673
       -0.1516983279        0.0024832140        0.4276627678        0.6704885920
        0.0895993757        0.0380686222        1.1200955606        1.1329479767
        0.5375958661       -0.4881705869        1.1030713826        1.4112978924
        0.3245496048        0.1895705428       -0.0695376645        0.4069210100
        0.1805081219        0.1599597042        0.3410667494        0.4404277483
        0.5649645105        0.2697594561        1.0507201534        1.2310352099
        0.2282550691       -0.0477095077        0.0555063716        0.2773757666
        0.4778279791        0.3866682931        0.3494923975        0.7207334232
        0.1742046398       -0.0652902839        0.0984507904        0.2525518179
        0.4403383200        0.9626729472        1.0019643722        1.4642572955
        3.2490941245        3.3414858961        2.7485486660        5.4336300778
        0.4951431574       -0.1252919994       -0.0956979752        0.5380545686
       -0.3096672109       -0.0479932773       -0.0400666112        0.3453726312
       -0.0479093881        0.2196169830       -0.0645608131        0.2723505318
       -0.7907725437       -0.9924777802       -2.3255828990        2.6529509919
       -0.3616663026       -1.0407016040       -3.5329365706        3.7033745341
        0.0157944141       -0.1860513742       -1.1540443245        1.2689853586
       -0.4657012596       -0.2567717037       -1.2187250195        1.3370040498
       -0.4169707496       -0.7359857771       -2.0836613692        2.2488184390
       -1.3436492208       -2.9004762183       -7.7998867439        8.4294951651
       -0.1329728946       -0.1771227818       -5.5525634043        5.5587313674
        0.3986647333       -0.0119102481      -11.9707185600       11.9781742369
       -0.0411039954        0.0788329030     -107.7902729258      107.7903999499
        0.0504360437       -0.0231865506     -335.9456658293      335.9456994079
       -0.4474598027        0.3393018147     -151.9766079966      151.9776454751
       -0.0504787950       -0.1810800783      -70.0251568377       70.0254091616
        0.0015370518        0.0072219299       -0.3231382829        0.3232226302
       -0.1163672692       -0.1916650073     -178.5241949913      178.5243903613
        0.0635383557        0.1269857698      -51.7575623412       51.7579453012
       -0.0987554029        0.0287662235      -93.3541352248       93.3542962240
       -0.1137430832       -0.0332420343      -90.7310275440       90.7312122783
        0.2030022071       -0.1123294383     -114.4978726518      114.4981077118
        0.0220348963       -0.0732416632      -19.4196596260       19.4198102428
        0.0099358313        0.0032208360        0.4501571681        0.4714131473
        0.2392810112       -0.3996581286        2.6419917439        2.6863697031
        0.0835043203       -0.0535176991        6.0309383743        6.0333684270
       -0.0499735624       -0.2757892682        7.9749599501        7.9798836635
        0.0394633226        0.2557544827       10.5800926852       10.5832570098
        0.1436426827        0.1716072774        7.1630122496        7.1678662481
       -0.5316830472       -0.0839867258       44.4310508454       44.4345304875
        0.0606993514       -0.0336446749        7.7876167803        7.7891765468
       -0.0414076854        0.2991612105       77.5909145319       77.5930723124
        0.4308739640        0.3406620154       79.0202121401       79.0222443964
       -0.7076351434       -0.6346855414      143.0640132839      143.0680226713
        0.0634364837       -0.0634570353      338.4685276711      338.4685683407
       -0.1659824702       -0.4188615418     1104.3609094259     1104.3610101515
       -5.8144128137        1.2741722966      286.8636945238      286.9254435341
       -0.2423829650        0.0281856227       11.1797029362       11.1823656563
       -0.2482226068        0.0035515045       18.3977390594       18.3994138378
       -1.0472687029        0.1400476087       99.0339098443       99.0395460618
       -0.2025487631       -0.2047701049        7.5671942306        7.5887433927
        0.0097261101        0.5177128355       12.7090271483       12.7203369459
        0.0181601180       -0.3974503330        5.0848284048        5.1022795149
        0.3533470872        0.3333807997        3.6175409529        3.6526811046
        0.2132575234       -1.0124740880        4.4449619524        4.5659335401
        0.1832732733       -1.7010605236        6.3299340043        6.6240510476
        0.0245440366       -0.1513962261        1.2296292793        1.2469928534
        0.5428896287       -1.9878712380        7.4337026578        7.7710416417
       -0.1120662451       -0.3806528713        1.5926050622        1.6472176908
        0.0730515808       -0.4069796027        0.0660122587        0.4413687049
       -0.3924678375       -1.3154573693       -0.2469508610        1.4017573280
       -0.2438046292        0.2956822387       -0.3196952806        0.5182215172
       -0.0065412442       -0.2231751738       -0.4579552629        0.5282544405
       -0.6562556910       -0.4334728077       -0.1300970293        0.8093053991
        0.1299651792        0.0746846297       -0.0073847059        0.2049464821
       -1.2368731668       -0.9984895216       -1.7223405677        2.3479295926
       -0.8967307447       -1.0903794562       -2.2764388498        2.8386650047
       -0.2051650890       -0.0053495536       -0.6259044761        0.6733182973
       -0.2563420001        0.3309807822       -2.5454387810        2.5834081892
       -0.0125924627       -0.2283157501       -1.1450812727        1.1760006624
       -1.7020138245        0.6280872984       -7.2903067417        7.5139468248
       -0.1767904316        0.5317999176       -3.5396413456        3.5837308582
       -0.1635891423        0.3434860413       -1.8370389954        1.8760214121
        0.3838707088        0.2725994536       -2.4275288524        2.4767000822
       -0.2342630548       -0.0192152841       -0.5612908556        0.6243201226
        1.0245704302        0.1416287460       -2.3640826660        2.6272287833
        0.3341121172        0.2946099492       -1.6319865811        1.7622278768
        2.4027375937        0.5139318125       -4.0670106367        4.7776065975
        0.3100424380        0.4776054965        0.0739872534        0.5909206564
        0.8455673956        0.0741336263       -1.4241021699        1.6637387987
        0.0382321420       -0.0283845609       -0.2607113161        0.2995288888
        0.4187922659        0.4370727781       -1.7770401264        1.8824906298
        0.2016117336       -0.2501930323       -1.3892224998        1.4327116889
       -0.2269728573       -0.1341749926       -1.1607999300        1.1985223690
       -0.0224751090        0.5037655364       -4.1801563534        4.2127748302
        0.0833319855       -0.2917812212       -2.4304231332        2.4532665758
       -0.0920608164       -0.2468065029       -0.7747523162        0.8301262435
       -0.3513424971        0.1087228845       -8.0557735900        8.0653722874
       -0.1456785547        0.2554700097      -20.3604799740       20.3630820782
       -0.0596187138        0.1800995927      -12.7010747610       12.7024915012
        0.0558337364        0.1388868904       -6.6636077411        6.6652888236
       -0.0610379995       -0.0020892869       -5.2036519058        5.2058815722
       -0.5395558136        1.0875478064     -137.9136722067      137.9222071054
        0.3556079070        0.1217838737     -101.2089297237      101.2139767754
       -0.0154767706       -0.0675816997      -17.6561804805       17.6568682320
       -0.3607581181       -0.0057333353     -203.8708335592      203.8733119023
       -0.0476076544       -0.0393107154      -60.8665874570       60.8667787900
        0.5811178939        0.0248253362     -307.1281332129      307.1301211489
       -0.6198050029        0.3636630194     -305.9530808819      305.9539566503
       -0.3888926740       -0.1662336087       -0.4664286943        0.6296243733
        0.4826950251        0.0176361247       -5.8431906066        5.9379267232
       -0.1338402130        0.0901823145       -1.3797368408        1.3961373813
        0.0708339700       -0.1854563751       -7.2326367802        7.2353608281
        0.0526948626       -0.2544869720      -16.6549217872       16.6569493037
       -0.0108975038        0.0432741547       -1.1422116317        1.1515722316
        0.5308690195        0.3748036207      -24.4967008306       24.5057162932
       -0.2231896879       -0.1960222688      -10.8007128091       10.8056982808
        0.0097813469       -0.1927989495       -9.9755047111        9.9783486177
        0.2114589423       -0.2041536707       -5.6669093900        5.6762430731
       -0.0311964169       -0.1115350508       -7.4364976790        7.4387089471
        0.0974382515       -0.2226185934       -5.1398477356        5.1474816932
        0.0470584727       -0.5270850994       -1.4876970662        1.5790110078
       -0.0031276865        0.0283245188       -1.4711705620        1.4714465275
       -0.0986526321        0.3021105225        0.2140967487        0.6248851794
       -0.2351475676        0.5154322790       -0.1883894687        0.6131355393
       -0.4429558105        0.6043504553        1.4224714573        1.6138011509
       -0.1021211165        0.3830356324        0.6782243387        0.7978803523
        0.0241467891        0.1747228832        0.5835459447        0.6253933225
       -0.1999991072       -0.3978106684       -0.0026979039        0.4666262255
       -0.0633012328        0.4946303369        0.1214401622        0.5318775368
       -0.0441796580       -0.3314598617        0.0120878340        0.3625512140
        0.0492091757        0.1194646653        0.0200412368        0.1912453537
        0.1603547795        0.1259830879       -0.0073903790        0.2040588431
        0.1873058529        0.0241307151       -0.0919798144        0.2100620389
       -0.0411315671       -0.1140510291        0.4183820370        0.4574087416
        0.4003131540       -0.2854808252        2.4741065336        2.5263477289
        0.0370775714        0.1875089570        0.1233443623        0.2274822784
       -0.0590551573        0.0471180218        0.0924251366        0.1193734705
       -0.0524636899        0.4292987183        0.7023058218        0.8247928805
       -0.0645699986        0.1710442945        0.4709248850        0.5051689645
        0.0649781300        0.0666367199        0.0838414395        0.1252677005
        0.0417112481        0.0663002372        0.3669806645        0.3752470623
        0.0833850823        0.1212007528        0.0583254892        0.1582547223
        0.0766785065        0.2666605711        0.3110733154        0.4168381713
        0.0686149326        0.1787859925        0.2606021012        0.3233974262
        0.3919543241        0.4177714437        0.6561220706        0.8710093817
        0.0128276952       -0.0111962132        0.0189293528        0.0254602701
        0.3002213395        0.3791314096        0.3181002385        0.5788447462
        0.1727452542        0.0066123365        0.0699700440        0.1864951820
        0.4378819415       -0.1362966095        0.3667306664        0.5872041741
        0.1145582312       -0.3605873984       -1.2882024722        1.3498489747
       -0.2726743238       -0.3255971725       -0.9975091370        1.0931006673
       -0.0194102966       -0.0306109980       -1.0658465812        1.0664627173
        0.1082253372        0.0717957349       -4.7106641314        4.7124541282
        0.0512579981       -0.0259977342       -4.0037789897        4.0041914868
        0.0605777698        0.0087418127      -28.4213926608       28.4214585633
       -0.0303356364        0.2082381412     -623.7826142779      623.7826497737
       -0.0006182414       -0.0194699964     -113.6002990674      113.6003007376
        1.5846251771       -0.5161951344        9.1365955853        9.3006746361
        0.0810450597       -0.0429659074        0.7263884277        0.7321574413
        0.0919785501       -0.0711742503        0.2609366329        0.2856812104
        0.0484109128       -0.0237444774        0.1138268829        0.1259522765
        0.3861333325       -0.0403939169        1.9804890034        2.0181841619
        0.2318556121       -0.0839894741        0.5723389883        0.6232039587
        0.3845073867       -0.1725985785        1.5093181748        1.5670601624
        1.4231104256       -0.0803447512        7.0817644134        7.2237861104
        0.3578432000       -0.0831509644        1.9658699469        1.9999026193
        0.0084715800       -0.0001479303        0.0130611233        0.0155686381
        0.1672470495       -0.4376192942        4.0564436999        4.0834076104
       -0.0159518193        0.1963927777        3.7071090313        3.7123418422
       -0.3085671281        1.1665943922       28.0764446678       28.1023646929
       -0.0157702474       -0.0134113953        3.9317802503        3.9318347502
       -0.2207182786        0.2015571223       19.9585425838       19.9607806436
        0.1023403899       -0.1241052554       19.3566887662       19.3573571456
        0.0117210936        0.0213653658        0.8072958409        0.8076635671
        0.1138172417       -0.5749893695     1426.9663114610     1426.9664318447
        0.1378334210       -0.4113014517     1335.3220434120     1335.3221138695
        0.0145118339        0.0091693393        0.9545890747        0.9547434062
       -0.2732728371        0.1910391953        9.8775455564        9.8831715677
        0.0136551658       -0.0589483055        2.3055114033        2.3063053131
       -0.1315981339       -0.0693130234       11.5838607639       11.5848156032
       -0.1530273875       -0.0485778571       11.1964602125       11.1976112845
       -0.1150544198        0.0819839877        9.2106107940        9.2116942032
       -0.1283911797        0.1570867177        4.9273524830        4.9315274534
       -0.1498665931        0.0538242869        6.5190408514        6.5209854065
       -0.1095027206        0.0035624059        1.4468208777        1.4509631935
        0.0095617638       -0.0150375743        0.0428650228        0.0464244143
        0.0040255767       -0.0032631418        0.0083238495        0.0098183467
        0.1030016531       -0.6328610650        2.1864503442        2.2785275016
        0.0018921923       -0.1160720571        0.2396189695        0.2662584334
       -0.0678631819       -0.0350978326       -0.0362468818        0.0845642108
       -0.2442259979       -0.4785633600       -0.1053951655        0.5475192859
       -0.0123342779        0.0214243907       -0.0519328404        0.0575165962
        0.0939381429       -0.1340271854       -0.1426153017        0.2170870456
       -0.2744629382       -0.3732833327       -1.7531089346        1.8133012126
       -0.3162589320       -0.2243470746       -1.4620144379        1.5125599289
       -0.3878946262        0.0965058595       -0.7481897799        0.8482709288
       -0.4807864707        0.1633310671       -1.3029949023        1.3984378368
       -0.0441876850       -0.0785514395       -0.1801455945        0.2014331536
       -0.1813894886       -0.0583156038       -0.8106056808        0.8326970793
        0.1569339876        0.3649683536       -0.5481781738        0.6770003588
        0.0408671843        0.0143125488       -0.1218055399        0.1292732198
        0.5618335362        0.0294909513       -1.2258542943        1.3487940500
        0.2755437004        0.0135292027       -0.4064861476        0.4912620058
       -0.0184026995        0.0160802320       -0.0874909879        0.0908400032
        0.1856237337        0.0066920785       -0.3003794925        0.3531696390
        0.9779701432        0.3014868327       -1.8967641133        2.1552340970
        0.3706903235        0.0338120426       -0.7452352282        0.8330246788
        0.1992931504       -0.0770962216       -0.5122668000        0.5550485218
        0.4738247913       -0.2859004373       -0.8950231064        1.0522905273
        0.5518117696        0.9090193364       -0.6550171030        1.3444460633
        0.0080582104        0.0879363217       -0.2503478464        0.2654652061
        0.3995047670        0.5593143917       -2.3152173180        2.4150916913
        0.0455072512        0.1124543601       -0.2614379154        0.2882129016
       -0.0858551877        0.2136676571       -0.3507247384        0.4195626569
       -0.0206751448       -0.0202936531       -0.0750458067        0.0804435645
        0.0188678835        0.1413803159       -0.9201083732        0.9310981738
       -0.0249710681       -0.0499149061       -0.5452306404        0.5480798330
        0.1267909018       -0.4349972569       -6.8107831977        6.8258381399
       -0.0484886604       -0.0132014173       -1.2305545951        1.2315803015
       -0.1714904986        0.0437190631      -15.1877203264       15.1887513990
       -0.1313765176        0.2628202083      -14.9756781489       14.9785603537
       -0.1215799715        0.1626022414      -70.8489802582       70.8492711664
       -0.0040952732        0.0929853467      -37.6478305634       37.6479456170
        0.1175829089        0.0449101333      -33.1876591117       33.1878977938
        0.0334865933       -0.0530704668     -108.4136791607      108.4136973218
        0.0525028992        0.0825864473     -121.1675888390      121.1676283590
       -0.1745516861        0.0017193829       -2.2522559726        2.2590104501
        0.0225408820        0.0146440904       -0.2181531395        0.2198029413
        0.0713206843       -0.0954840976       -1.4165973252        1.4216018552
        0.4042586106       -0.9571792179      -16.6352352369       16.6676533582
        0.0139413298       -0.2710467564       -2.1723085933        2.1891974167
        0.0647186727       -0.1000908673       -1.6376712592        1.6420029968
       -0.0170988799       -0.0202100234       -1.3086248608        1.3088926018
        0.1963533942       -0.0982098221       -4.9087301273        4.9136372768
       -0.2576069761       -0.1007822174        0.7341094031        0.7844966700
       -0.2763951490        0.0183763989        0.5798233099        0.6425939941
        0.1648948351       -0.1249985512        1.0088469551        1.0392626752
        0.4427563086       -1.0997514896        6.7960744917        6.9001155621
       -0.2088871806        0.0173401401       -7.1499790452        7.1703424124
       -0.4636652063       -0.0306655199      -60.7004752602       60.7022538511
       -0.1078339549       -0.0582783585      -23.1752308618       23.1755550101
       -0.0002039040        0.1174932788       -6.7119484420        6.7129767317
       -0.0638042215        0.3354490874      -36.8814888349       36.8830695000
       -0.0820862136        0.0196273794        0.0212642411        0.0870376265
        0.0384393409        0.0409453556        0.0790316387        0.0969541386
       -0.0592949025        0.2013635520        0.2245330142        0.3073731283
       -0.1290726252        0.2228881468        0.5207004442        0.5809198062
        0.0548939836        0.0400987271        0.0947068747        0.1165789409
       -0.0717709364        0.0211873630        0.0421803813        0.0859020153
       -0.0854989726        0.1903586136      -47.6977655989       47.6984262779
       -0.2160415316        0.1181755354      -14.0436030441       14.0464552698
#SUBSTART
        0.1539014638       -0.0908512505     4788.2446696506     4788.2447651690
       -0.0148114974        0.0042860518      846.6231953077      846.6232069525
       -0.2978887024        0.3819379995    -2984.2355445705     2984.2357317886
       -0.5233583900       -0.3506456537    -1445.4001683554     1445.4006110176
        0.0868721462       -0.0416606861      -35.2978794538       35.3104789958
        0.1746554111        0.6529563456       -2.3615335379        2.4603204949
       -0.2195675487       -0.5742046917       -1.1508595857        1.3122036836
       -0.0550847667       -0.3892513341       -0.5173114709        0.6645614159
       -0.0807385478        0.1607809602        0.9611380492        1.0953522447
       -0.4835543645       -0.0768497810        2.9874327611        3.0672668900
       -0.0189453315       -0.0112744597       10.9779226021       10.9890359749
       -0.1539909793        0.0018305918       24.8178599262       24.8232457356
       -0.1487284695        0.5415571508       15.8935109318       15.9110884293
       -0.3322992007       -0.4254466298        4.5216541659        4.5804393839
       -0.2064484867        0.2586818811       -0.0030401864        0.3592023398
       -0.3392293512        0.3704859801       -1.0637601942        1.1846526705
       -0.0728379278       -0.2505438876     1082.3828662207     1082.3828976688
       -0.0278413479       -0.0320738904       56.0728297671       56.0728458522
        0.4610635867       -0.0819786364     -720.7985365406      720.7987021763
        0.1376024019        0.2890392108     -441.1687561554      441.1688943767
        0.0218460944        0.0310036017       -3.3731367251        3.3733499435
       -0.1814663336        0.2418564708      -42.1368272085       42.1379120482
        0.3944234179        0.4506504534       -5.9163195876        5.9481907259
       -0.1528343568       -0.2734136917       -2.6068762398        2.6293339275
        0.0580645529       -0.1451372789       -1.5560769179        1.5701246706
        0.0127147603        0.1581195899        0.2712092298        0.3437989253
       -0.1655699615       -0.2889078615        0.2646679672        0.4476718467
        0.0409996840       -0.2980203348       17.6906431886       17.6937512502
        0.0448063655       -0.2108823756       43.5032061490       43.5039642334
       -0.0239497074       -0.0003745352       10.6843301489       10.6852685621
        0.3184510872        0.1561553225        0.5315797235        0.6541042478
       -0.0005463108       -0.0608043787        0.4295776206        0.6571722476
       -0.0799385569        0.0915281456        0.6315302640        0.8107027869
       -0.0300707450        0.1404962397       -0.4809779843        0.5210211602
       -0.1905350053        0.2092988994        0.0502001438        0.3195457038
        0.2279439953        0.0446643847       -1.5753096245        1.8482165398
       -0.1896473267       -0.1546565966       -0.4123897597        0.4994295448
        0.1642332044        0.1272803043     -172.6523887686      172.6532310609
       -0.1447053048        0.0328825244      -50.1317896034       50.1322035174
        0.0429745669        0.0121452422     -172.3426148696      172.3426206555
        0.1076985832       -0.1418531614     -260.0695813552      260.0696423414
        0.0454648731       -0.0115903941       -0.2308027389        0.2355234515
       -0.0936738388        0.0184608952       -0.3580203492        0.3705322701
       -0.0505660713       -0.2144692740       -4.0490952047        4.0550864323
       -0.1314692918        0.0600063454       -0.2808146875        0.3158192915
        0.0475234108       -0.1771358454       -0.1533939840        0.2768484812
       -0.0108821226        0.1655558771        0.0729270157        0.2287472482
        0.2307927364        0.4972020859       -0.0479955003        0.7419260059
        0.0466062345        0.0400580537       -0.3655768827        0.3707064147
        0.0134444529       -0.0234134062       -0.0035453278        0.0272306859
        0.0389417993       -0.0647765218       -0.0262601103        0.0800128421
        0.0668703480       -0.0811670484        0.1320154140        0.1687833011
        0.0505242596        0.1162906009       30.7087570324       30.7090187840
        0.1864880957        0.1647671557       32.6107813484       32.6117308062
        0.2949618280       -0.2991087632        0.9991881160        1.1926947859
       -0.0405117589       -0.3717622628       -0.0745048886        0.4060531320
        0.1786952830        0.0113706726        0.0085972959        0.2271893368
       -0.0328005991       -0.0763083450       -0.1138670579        0.1983540637
        0.0259065373       -0.3159277548     -644.0432480897      644.0435183796
        0.0940699878        0.0114697188       15.8310247221       15.8319235803
        0.1806926624        0.2905611232        9.2877799257        9.2951283658
        0.1154690559        0.1229823280       -1.6755216266        1.9277398865
        0.0064932772       -0.0781725887       -0.4264996621        0.4555599444
        0.1996706046        0.0390885584        0.1072155031        0.2690189858
        0.2236254356       -0.2827874459       -0.1974699834        0.4341097261
#SUBSTART
       -0.3681878701       -0.6464249872     5727.7556253248     5727.7557504854
       -0.1522931570        0.2096393342      385.4571356001      385.4575387352
        0.1780361099        0.2045711827       -0.0125791979        0.3052609480
       -0.2189589321       -0.0342245761        0.4299868198        0.5034707396
        0.0173858881       -0.0837828326       -0.9973381458        1.0106854081
        0.6870508833        1.2320949370    -5023.2545421620     5023.2548281209
        0.0608879622       -0.0417071433      228.9839065888      228.9844592957
        0.0625286557       -0.3381248377      175.5684197086      175.5694502986
        0.0937830046       -0.1668265988      207.9072415189      207.9079155379
       -0.4950131112        0.3206480394       57.7741178047       57.7792366012
        0.1110346847        0.0608550778       29.0153968468       29.0160087884
       -0.1455423327        0.0966445831        4.6597339615        4.6650962608
        0.3472045816       -0.2405385735       16.5066476337       16.5126407856
        0.3339228437        0.5193198991        2.3063243000        2.3916122564
       -0.3221008928       -0.6378269104        1.4839697522        1.6529422746
       -0.0766169483       -0.1123256849        2.4212215818        2.4290493921
        0.4589873048       -0.1444257755        0.2425874781        0.5566476624
       -0.1933450115       -0.0909637235        0.4764385111        0.5404906403
       -0.1972822208        0.0756174857       -0.1599821327        0.2995201937
       -0.2085405002       -0.0326319045     -399.2301846584      399.2302648550
        0.3627062522       -0.1299164841     -982.3924624310      982.3925478927
       -0.2751644366       -0.1376152642     -109.5582770283      109.5587979061
        0.1272017379       -0.0253590632      -55.8359535894       55.8362786760
       -0.4621935292       -0.0071504429     -213.9562483254      213.9588106698
       -0.0165675216       -0.0319438961      -47.6720472893       47.6722651804
        0.8080746997        0.1296715448      -99.3121467757       99.3199631917
       -0.2564477371       -0.0188085629       -5.3764989168        5.3844535091
       -0.1948432151        0.0655741605      -14.0546508065       14.0568471902
       -0.3457930063       -0.1481234296       -1.9046436699        1.9464482135
        0.1846397883        0.1223655296       -2.7876225301        2.7998900567
       -0.1051200229        0.0183200016        0.7815895615        0.7888397076
       -0.0615714129       -0.1073746961        0.7055105550        0.7162859118
        0.1080850692        0.0914216720        0.0830092045        0.1641061618
       -0.0058405308       -0.0351288890        0.0093248282        0.0368117245
        0.0179247457       -0.0030150678        0.0156909557        0.0240123559
       -0.0629238605       -0.1798861057        0.9709199711        0.9894463167
        0.0330627056        0.1915215454        0.2217747263        0.2948858662
        0.0844653285        0.2864918170        0.1344533184        0.3275509850
       -0.0085808655        0.0064303997       -0.4415240956        0.4416542860
        0.3041620822       -0.1058135326      -40.3383117932       40.3395972886
        0.0034652706        0.0110518544       -0.0150543024        0.0189943046
       -0.1494134870       -0.1010745510       -1.8550180404        1.8637683293
        0.0198810599        0.0213598582       12.6833147010       12.6833482686
       -0.0842753577       -0.0414237418       83.5131473367       83.5132001339
       -0.0402383186       -0.0211826263       44.8785705747       44.8785936156
        0.0176333880       -0.0538307047        2.9154852363        2.9160354669
        0.0247302321        0.0538516837       11.2535414906       11.2536975110
#SUBSTART
       -0.6360258415       -0.3542930987       -0.9496198016        1.2047032927
       -0.3275051986        0.2981361514       -0.3394701693        0.5752083107
        0.8046668991       -0.6474516564        0.6237769757        1.5284406348
       -0.0141350962        0.0748255240        3.1649259589        3.3019548116
        0.3152811001       -1.2141506580        7.7490798393        7.8511962231
        0.3047599768        0.6730748441      657.8691384040      657.8702242575
        0.5063714840        0.3857868691     1675.2914256042     1675.2915523652
       -0.4883482806        0.3835052784       -2.6347527501        2.8649315853
       -0.2560736339        0.3095784579       -3.7058037829        3.8437930222
       -0.1112013850        0.0416441970       -3.1883308195        3.1935925205
        1.0585060467       -0.1781665621       -1.8777377946        2.1673849185
        0.6250701468        0.7023599913       -1.9049974597        2.1289709608
       -0.4215351805        0.3394598609      -68.1147090502       68.1170022365
       -0.1409188339        0.0941483696     -152.1192224105      152.1193808448
        0.3052580793       -0.1990301217      783.7670616885      783.7671588316
        0.3781829931        0.3228920801       32.4267473607       32.4308603933
       -0.1856704990        0.1513150187        7.4710963666        7.5335915260
       -0.1617762154       -0.2828905001        0.0235401922        0.3552921397
        1.1686490642        1.0763126317        0.3757305417        1.8836546237
        0.2614290019       -0.1134042141      -20.7889406630       20.7913621323
        0.2675728083        0.2587465410      -10.8012736548       10.8189508967
       -0.8395840692        0.0876543770      -46.1513106221       46.1592410750
        0.3139385076       -0.0565520655     -370.8111547546      370.8113182277
        0.7140897081       -0.1324011785     -537.1160176632      537.1165268024
        0.0590301816       -0.1534056215       -0.6165015289        0.6380376025
        0.0132933871        0.0228303166       -0.2566346540        0.2579908587
        0.0532088210       -0.0549536351       -0.2041482904        0.2180082685
        0.1685442840       -0.0105322278       -1.1525058480        1.1648123596
       -0.1487108859        0.1753759502       -0.6658232087        0.7044091118
       -0.2983565410        0.1459025271       -0.7228084833        0.7954597894
       -0.0216745534        0.1788983448       -1.6611319661        1.6766972290
        0.1044277240       -0.2337825606       -0.2064279969        0.3572838339
       -0.0276278951        0.0294956999       -0.0069831737        0.1454711192
        0.4866577790       -0.5079523051       -0.4612806674        0.8527080257
       -0.2096765258       -0.1314274207        3.0073503680        3.0207405439
       -0.2508804905       -0.2900363509        1.1816393237        1.2501253464
        0.3746085516       -0.0606766266        0.8151408588        0.9099162733
        0.1757998276       -0.5379002310        3.6270383577        3.6735717322
        0.0199056507       -0.7146318421        4.1551611849        4.2185233390
       -0.3514310834       -0.1493662022        5.7473879242        5.7617498909
       -0.1252231824        0.0182534543        7.6022263988        7.6045604763
        0.3004512250       -0.2683892063        3.8216863614        3.8453959659
        0.4376303781       -0.4728734200        6.9967721232        7.0277613468
        0.3861922737       -0.2582936655      107.8289672546      107.8300585137
       -0.0103724393       -0.0371995833       39.6651624213       39.6654267731
        0.0467041252       -0.0950170329       11.7198364694       11.7211456849
       -0.5530635170        0.0818681310       -3.7326622220        3.7768808153
       -0.5532623158       -0.1697810182       -1.0734559352        1.2274820626
       -2.6521152779       -1.3491222909       -9.4743302199        9.9315788928
       -0.3979609222       -0.1509661978       -2.4453015592        2.4859893782
        0.1307693933        0.0705286514       -9.9341519622        9.9352629625
        0.0840339454       -0.4601091324       -9.1896580581        9.2015529854
        0.1802498454        0.0560400405     -359.5790078308      359.5790844625
       -0.0111792991       -0.0367950809     -105.5536505763      105.5537498558
       -0.9408916998        0.4888292191     1879.5770303225     1879.5773942001
        0.0173285869       -0.2452589985      191.1827338963      191.1835291893
        0.2380630998        0.0018717604       25.8693323673       25.8708042870
       -0.1741812724       -0.5939399625      117.7946560758      117.7962822156
       -0.0761602737       -0.0803877491       26.1118650847       26.1120998922
        0.2476919274        0.2820033743      358.6859165940      358.6864526031
       -0.0871441641        0.1375927772       30.1615889933       30.1623516368
        0.2491648390        0.1527566002       10.2696728107       10.2858773453
       -0.3870063025       -0.2666463053        7.6015416526        7.6173347971
       -0.1677730522       -0.1773489562       14.5977793148       14.6004877027
        0.9126534619        0.2172339517        2.9892673704        3.1361323518
        0.4130438657        0.5795378388        1.1701395614        1.6601344908
        0.2304807128        0.0952357851        0.1759738027        0.3356155209
        0.3249248789        0.2372093914        0.8106083099        0.9156473607
        0.3145057581       -0.3112970116        0.4485199223        0.6453445644
        0.4378483669       -0.6005813827        0.0277493026        0.7567423593
        0.0359561197        0.1083740356       -0.2325822550        0.2942992769
       -0.1490896714        0.0188161099       -0.1047104843        0.9572553716
        0.5397582282        0.2892711600       -0.8831634175        1.0747066441
        0.0223488311        0.0092405448       -0.1097157630        0.1123494841
       -0.6118830436       -0.3620729236      -19.1497489964       19.1634512568
       -0.2458083366        0.2273683997       -5.3638067162        5.3760599328
       -1.0243502104       -0.0029396232      -72.3859056260       72.3932877764
       -0.0451155972       -0.1776543483       -5.0363461618        5.0416127311
       -0.3135349785       -0.0789135296       -4.0250636668        4.0380278664
       -0.1972627232       -0.0384340796       -1.4818323304        1.4953985475
        0.1363727421        0.1552849797      -18.9447031904       18.9463444946
       -0.0896950523       -0.1446318363       -3.0881806297        3.0960140435
        0.1797053129        0.0113607078       -4.7290081201        4.7344926497
       -0.8303675088       -0.0782627253      -22.0203609164       22.0365925208
       -0.1520021761        0.0462114010       -2.8791616872        2.8869173804
        0.0716822023       -0.1363427332      -85.6707674234       85.6710195946
       -0.1825954012        0.0367309765     -356.4967961401      356.4968721155
       -0.0178479925        0.5530255740     -389.3128364388      389.3132546570
        2.1160184776       -0.3109768026    -2960.2293074099     2960.2302291344
        0.0388312848       -0.0102020953       -0.0435253200        0.0592149045
       -0.0832114463        0.0901572419       -0.1548649478        0.1975743534
        0.0285798481        0.1681634934       -0.3548456069        0.3937145831
       -0.0781870433        0.1825880167       -0.6783342785        0.7068160942
       -0.0565860909       -0.0208311249       -0.1715541200        0.1818426175
       -0.0527203454        0.0910527352       -0.0818833301        0.1333225980
        0.0087733335        0.0339432325        0.0829575583        0.0900614840
       -0.0997854666       -0.0953395706        0.2454932103        0.2816268620
       -0.0018808874        0.1160296899        0.9529860523        0.9600254385
        0.0964903064        0.0282538410        0.6080438414        0.6163002286
        0.2481431402       -0.1523912396        0.6498912391        0.7121493738
       -0.0113506928       -0.0350331319        0.1269877698        0.1322197120
        0.0772146572       -0.0894812094        0.1952612986        0.2282454049
        0.1491662653       -0.1539087248        0.8611056325        0.8873789385
       -0.0238037756        0.0541991748        0.3515436457        0.3564927841
       -0.1068695799       -0.0704724335        0.9881118704        0.9963696801
        0.0006899796        0.0208513258        2.2055235392        2.2056222106
       -0.0145743019       -0.0020873359        0.0243511531        0.0284560346
       -0.0642965485        0.0520451308        2.3422318099        2.3478441980
       -0.5193807200        0.2508545089        5.3707922608        5.4034779180
       -0.0356246895        0.0200735314       10.6551975758       10.6552760379
        0.0791319094        0.2284331086       40.4059836516       40.4067068492
        0.0409853282       -0.0105039845        3.7083916268        3.7086329812
       -0.0116575970       -0.0846834129       37.9719161056       37.9720123237
        0.0366491329        0.0687099723       -0.3092543218        0.3189082231
        0.3492923306        0.0908050709       -1.5198604102        1.5621223895
        0.2983893407        0.1250028063       -0.7361235747        0.8040769972
        0.0211095674        0.0651426300       -0.1042325524        0.1247140772
        0.1848498123       -0.0144294778       -0.7514238238        0.7739608685
        0.0064002225        0.0301837015       -0.0347363382        0.0464610791
        0.3137612068        0.0135746433     -162.5984461173      162.5987494113
        0.2690723980        0.1332643080     -180.3708162085      180.3710661360
       -0.3798421668        0.2998323778      500.0624132431      500.0626473933
       -0.1721382834        0.2730144726      349.3278514267      349.3280005252
       -0.0592352920       -0.0171472146        1.6130919744        1.6142702886
        0.0591358732       -0.0215851422        0.6061614317        0.6094215710
        0.0281473017       -0.1640754609        0.5886841495        0.6117696097
        0.0208307846       -0.1145884283        0.1443033926        0.1854397438
       -0.0806365517       -0.0063316467        0.1430676342        0.1643492963
        0.0429869809        0.0123924731        0.0154868333        0.0473423270
       -0.1200702161       -0.0394650608       -6.8022040937        6.8033781961
       -0.8132481094       -0.2857716416      -30.9190630382       30.9310765587
       -0.4634690936        0.2369230995      -14.4061621610       14.4155625754
       -0.4058547772        0.2829454168      -17.2017831525       17.2088965316
       -0.0225658181        0.0972971296       -7.9064805337        7.9071113801
       -0.0358468383       -0.0419915157       -6.1300470399        6.1302956694
       -0.0317807527       -0.0182382466       -6.0204610686        6.0205725748
       -0.0742008520        0.0874866217       -4.2123254896        4.2138872441
        0.1861949651        0.1989426636      -15.4931036527       15.4961281398
        0.2941543518        0.6879218663      -18.7485897175       18.7640310024
       -0.1606027400        0.2064175103      -10.9413700379       10.9444954080
        0.0071537951        0.1170176359       -6.6656944119        6.6667253053
       -0.1461629346        0.1148957598     -166.1662924407      166.1663964468
       -0.0352800665        0.1399260460     -214.0203603199      214.0204089694
       -0.0104439963       -0.0047373766       -3.3223763513        3.3223961442
        0.0462960974        0.1515058127     -394.2200530479      394.2200848796
       -0.0204949253        0.0652074360        0.2940135317        0.3018542835
       -0.1630430830        0.0783674400        1.9108559784        1.9193996647
       -0.0689356546       -0.2700285542      -11.6067474513       11.6109316477
       -0.3813605611       -0.0885736198       -8.3909488451        8.4012370202
        0.3272555194        0.1351589305      -13.2495713737       13.2550362310
       -0.1003558670        0.0639695726      -10.9390624035       10.9406000502
#SUBSTART
       -1.5803470634        0.3618074662        0.1918687127        1.6385038515
       -0.1140294032        0.2406242249       -2.3844980883        2.4033754681
       -0.8202934467        0.4488533034      -15.5334840696       15.5622285599
       -3.3702169981        0.4473847253      -45.2888532340       45.4164972531
       -0.5268680744        0.0379547576      -58.5431956313       58.5531175690
        0.5230289499       -0.3293628654     -126.9330737249      126.9346553319
        0.7931804407        1.2145665911    -1293.5845641206     1293.5857187021
        0.0764071264       -0.0850050989        0.1207770236        0.2170962693
        1.3800809824        1.2437800053        0.8168574950        2.0342930397
       -0.1931482227        0.5658064952        3.1049555102        3.1650705729
       -0.3734963899        0.2148972364        4.7822300853        4.8036324536
       -0.3618375739       -0.0529464949        2.4973392902        2.5278277387
       -1.3145913968       -1.0119969851      163.8650269038      163.8761182187
        0.2923010560       -0.1562397288       43.3272805810       43.3287730393
       -0.2882922986        0.1408430403       20.0125984652       20.0156570296
        0.0688188472        0.2994677675       33.9164310685       33.9181101063
       -0.1909480340       -0.0069830773      490.0353000439      490.0353571722
        0.1082536807       -1.9104702363        4.4044462488        4.8929656380
        1.1306460205       -1.9674778358        5.9561296717        6.4424499003
       -0.5558807077       -0.3790110903        3.6657881955        3.7296294249
        0.1777938678        0.0279246812       27.9407017798       27.9570305466
       -0.0077855433       -0.2919464833        1.2703894593        1.3109776989
        0.1827081541        0.2318751974       26.1855037202       26.2040177309
       -0.4038052645        1.9178087844      151.6801701456      151.6936343607
       -0.2268925679        1.1548032700      156.3559456980      156.3611538935
       -1.5148269752        0.2414455079       -0.0563646640        1.5413154961
       -1.6883796132        0.2842269608        0.2076392388        1.7303191966
       -0.8788879223        0.0371725558       -0.0089262986        0.8907217538
       -1.1308672008       -0.8290802136       -0.1475120742        1.4168536351
       -1.1472380985        0.4953874005       -0.3529106725        1.3891547193
        0.0621632099        0.1302829778       -0.1501455688        0.2507217495
       -0.3108117329       -0.4482916664       -0.3616302084        0.6691976868
        0.1414528564       -0.0300727140       -0.3896141412        0.4383973570
       -0.5805536150       -0.8834323254       -3.1134401274        3.2909701282
        0.1088244439        0.0811110442       -0.0822330305        0.1586947775
        0.1950315976       -0.0328796967       -0.1811876222        0.2682300374
       -0.3698756381       -0.0374892757       -2.5846446440        2.6112451760
       -0.5598377140       -0.2004018330       -4.8291580018        4.8656290618
        0.1488001953        0.1438482251       -0.6089589737        0.6431678176
       -0.0213462742       -0.0062600377       -0.1020841478        0.1044797814
       -0.5459121733       -0.2534454864       -5.4898372591        5.5244952378
       -0.6582048455        0.0926265311      -10.8914294837       10.9125858199
       -0.1835957492       -0.0861526121       -3.2389323569        3.2452754096
       -0.5342071584       -0.0141654536       -8.7404632558        8.7567845625
       -1.3109495820       -0.2003460134      -10.6076263662       10.6911152010
        0.9835157168        0.2766903626      -20.0359633149       20.0839856219
        0.8679114871        0.1923576549      -12.3795300329       12.4114074807
        0.0456877691        0.2669789884       -3.8655682652        3.8750462146
        0.1780505994        0.1133153626      -29.9152959566       29.9160404225
        0.0254843574        0.0352839290      -28.1942998769       28.1946789260
        2.1906846691        0.7550669096     -358.7597316533      358.7684415217
        0.3602212637        0.0855902140      -39.1537209452       39.1557202549
        0.0819831719        0.1790956331      -49.5837411975       49.5843288491
       -0.4435766372        0.4510387584     -966.0270930754      966.0274263150
        0.1273559900       -0.1321484041     -247.3111374444      247.3112449254
        1.2728598206        0.7059121281     -843.0366096258      843.0380105869
        0.0367402892        0.0525868059      -31.4993474765       31.4997220059
        3.7247370659       -1.5439560346        4.1385146493        5.7796409693
        1.1465204552       -0.2437184064        1.1354012785        1.6378411595
        1.6279807422       -0.6886580687        1.7560775048        2.4955679154
        0.6207420427       -0.1835569698        0.6323406717        0.9156136493
        0.1196631811        0.0623502055        0.1927918921        0.2353200771
        0.0475539188        0.0565773175       -0.0046740476        0.0740554843
        0.1470755330       -0.0897908164        0.0381231796        0.2250039218
        0.2898956592       -0.0297713498       -0.0130106451        0.3233804080
        0.5834333898        0.4565747840       -0.5506222321        0.9230600719
        1.7214797608        0.6406417494       -0.6253978245        1.9403702886
        0.2796145958        0.0754680404       -0.1852922665        0.3438211328
        0.2053514251        0.0011021420       -0.2701134872        0.3393106519
        0.5047445865        0.1853662972        0.1661542071        0.5798402945
        0.8940447273        0.8470292979       -0.8903194962        1.7859994413
        0.4176241027        0.5194496050       -0.3111041938        0.7486677418
        0.4708375566        0.6912782064        0.0402286912        0.8489120660
        1.8334876479        1.9078471306        1.5570843054        3.2107414950
       -0.1588920957        0.1083428262        0.0899225222        0.2122991429
        0.3526360094        0.3009623803        0.8219090688        0.9436445448
        0.0686216803       -0.1296191526        1.4675262279        1.7479971059
        1.1273043911        0.5350080987        2.8296431959        3.2321388054
        0.2324695956        0.1496347133        1.1307326092        1.1723773619
       -0.0721462279        0.0135969859        0.1812689339        0.1955719372
       -0.3116846693       -0.2098423944        0.6736250075        0.7713311963
       -0.2535306570        0.1615541571        3.1945432575        3.2116917580
        0.2020368021        0.0674800690        4.5398512779        4.5469882164
        0.2028248250        0.0641991975        3.3580347492        3.3676604057
        0.3345864677       -0.3008974490        6.8496318293        6.8658155641
        0.0715307416       -0.2039722186        4.3208822814        4.3262853584
       -0.2351821502        0.1261458505       18.3005980821       18.3025439101
       -0.0277558531       -0.2169735210        9.3126303867        9.3162445438
       -1.1113614470       -0.6351967627       47.5068648765       47.5243126134
       -0.6790399571       -0.2308289238       60.8034762730       60.8078661353
       -0.6982179963       -0.5478939077       53.1897682535       53.1973554113
       -2.0829349428       -1.6081975609      149.6781507905      149.7042301781
       -0.1660280035       -0.1121326058       11.0473559984       11.0500539980
       -0.9662390401        0.0862772566       66.8589067164       66.8660896774
       -0.4709234800       -0.3829712309       40.8503546969       40.8548640280
       -0.6645298236       -0.7478945989       71.6970837458       71.7040637890
       -0.6613911057       -0.8444053240       35.4710778927       35.4875655012
        0.0213500253       -0.0132059871        2.7795168781        2.9337169070
        0.0393265476       -0.2134194273        0.4357912007        0.5064466258
       -0.3658768858        0.0171166490       68.0983196892       68.0993047201
       -0.0415493233        0.0207912185        3.4566076431        3.4569198746
       -0.1081825334       -0.0137533100        2.3237459315        2.3304865486
       -0.0140747355        0.4276304639        4.0735285562        4.1260606198
       -0.0628733981       -0.2859713267        2.0155579544        2.0414911992
       -0.2780411473       -0.1126471810        2.5345952952        2.5561004211
       -0.1900210328       -0.1872005663       33.1371851431       33.1382587239
        0.3446761241       -0.0475474809       47.6703838809       47.6716536503
       -0.0685155579        0.1864363190       30.6011303327       30.6020932341
       -0.1565715568       -0.3437690920      204.9317805762      204.9321762480
        0.0759360835       -0.0166011758        5.1853514835        5.1859340427
        0.0013951444       -0.0347134399        0.3249857113        0.3268373936
       -1.8232742728       -0.0873012518     1604.5052129822     1604.5065263904
       -0.0457552055       -0.1961524512      586.3902763303      586.3903275326
       -0.8605925319        0.0769501770     1159.0801488138     1159.0804792571
        0.0390871276        0.0020051727        1.2343429054        1.2428250148
        0.4656548916       -0.0201753841        5.2654840482        5.2879148605
        0.3419009253        0.2644209887       22.2949554068       22.2995814104
        0.1070575679       -0.0445477287        3.3353565836        3.3402887821
       -0.0113343470        0.0672016543       87.8677381082       87.8691509333
        0.6078508991        0.0840622148      136.0411617013      136.0426172418
        0.1971958851        0.0921182441      140.7800134466      140.7802508798
       -0.2930655621       -0.2597222456        0.3298558185        0.5306860790
       -0.2522819114        0.4457011858        0.5485413940        0.7633303058
        0.5051292238        0.0804680601        0.7299801743        0.9022092225
       -0.6785122966       -0.3075139232        1.4328251680        1.6209292078
        0.8611255773       -0.0634822416        1.0167969891        1.3412394107
        0.1090979855       -0.0998911214        0.0764202714        0.2172566440
       -0.1463331353       -0.1152770137       -0.3546468117        0.6388677221
        0.0111082171       -0.2090339707       -1.0067586782        1.0282906347
        0.1614640841       -0.2298652823       -1.4534657709        1.4803619307
       -3.3978366941        0.0389041279      -37.4972747308       37.6509285406
       -0.6944393590       -0.0329431139       -8.1904290080        8.2198819096
       -0.0364103128       -0.1217542860       -0.8451499938        0.8546509984
       -0.0076143624       -0.0160738304       -0.0053634857        0.0185772312
        0.1751499942        0.2107686374       -2.3041298992        2.3203696971
       -0.0053448322        0.0910370147       -0.4952925786        0.5036179541
        2.7091969150        0.5749015882     -404.8701265106      404.8806890829
        1.5115330580       -0.4890597663     -414.8992534046      414.9025934635
        0.2239526698        0.9361908492     -660.2624301858      660.2631466338
        0.0685559513        0.1109700820     -242.8515350645      242.8516102011
       -0.0479774473       -0.0262667073     -101.3567527020      101.3567674606
        0.0511257396       -0.1007701751      -79.6020434002       79.6021236021
       -0.0984885269       -0.0580106351     -308.3700191817      308.3700403660
        0.0173398229        0.0364007344     -186.1792048701      186.1792092360
        0.0594054688       -0.0369523711      -40.5862099611       40.5862702585
       -0.0561738620       -0.0904294222     -119.1438441236      119.1438916836
        1.8764176029       -0.7471859357        2.2612029601        3.0724492020
        0.1675630094       -0.1468804139        0.2206628012        0.3432536596
        0.6338999644        0.1993974115        0.7350047922        1.0006499498
        0.4317983412       -0.2150700461        0.4662827776        0.6709132290
        0.1601258583       -0.0047618980        0.2098395821        0.2639992734
        0.8886656959       -0.4874791200        0.1761013168        1.0287731943
        0.2797215487       -0.2458093245        0.0571217408        0.3767350025
        0.0174095619       -0.2303195109       -0.2543658490        0.3435871870
        0.1019808271       -0.1123515586       -0.2467494779        0.2896692367
        0.0124052292        0.1138007858       -0.1254582565        0.1698360464
        0.0373245677        0.4525771660       -0.1692064691        0.4846132930
        0.7810744212        0.6336127996        0.6779277394        1.2129008414
        0.3301502430        0.1675847278        0.2210561364        0.4312187836
       -0.0269344235        0.1017704879        0.0379450612        0.1119040796
       -0.1119440036        0.1750065312        0.3088853728        0.3722484647
       -0.0345625916       -0.0069342740        2.0355705081        2.0358757207
        0.0357047634       -0.0705524055        0.7811935300        0.7851852032
       -1.6630429762       -0.9599357860      150.0735616799      150.0858457814
       -0.2928545484       -0.2089161333       24.6672315931       24.6698545639
       -0.0682501855       -0.2239782582       18.1270317174       18.1285438806
       -0.0404989171        0.0086625415        2.5719862081        2.5723196257
       -0.0794289698        0.0128505454        4.5053710232        4.5060894525
        0.0088421723        0.0019602912       11.7156846631       11.7156881638
        0.1748613941       -0.3680121771        5.0315564142        5.1344834221
        0.0726515345       -0.0783243294        1.5983549450        1.6079898200
        0.1070308925        0.0837328318        1.7317537716        1.7370774089
       -0.0153125309       -0.0284660441        0.7184956394        0.7192223391
       -0.2487377862        0.2756162390        7.4443381642        7.4535901082
       -0.0012548461        0.0641138902        2.1625315671        2.1634821340
        0.1405565508       -0.2102028894       40.2241636536       40.2249584590
        0.0351296826       -0.0351741318        2.5610885599        2.5615709879
       -0.0223578891       -0.0889632620      215.1455349551      215.1455545101
       -0.1228515957       -0.1432169452      182.0551216093      182.0552193917
        0.1870949873       -0.2098432634        4.9904031699        4.9983159692
        0.2970127269       -0.3017105308        5.1053401382        5.1228647973
        0.0633159916        0.0227993697        0.8165224795        0.8192909651
       -0.0061391732       -0.0694728644        2.2595427863        2.2606188912
       -0.0008816022       -0.0236496602        1.0412774273        1.0415463332
        0.0573200170       -0.0631054194        0.3569763113        0.3670149386
        0.0701828930        0.0372517282        3.5311292777        3.5320231179
       -0.0468441667        0.0567776016        1.4373915853        1.4392750402
        0.0657746035       -0.0569882175        9.6570422111        9.6574343499
        0.0784636826       -0.1131835226        4.8675177278        4.8694656677
       -0.1131004849        0.1818258451       57.3384280748       57.3388279131
       -0.0663488598        0.0853358518       12.3120463597       12.3125208606
       -0.0803858667        0.0765038553       16.7037338632       16.7041024812
       -0.0351295683        0.0961702568       47.3135885372       47.3136993171
       -0.4305021916        0.4214763407       88.7200563060       88.7221018990
       -0.0428792458        0.1291798035       20.3993798138       20.3998338925
        0.0033495071       -0.1370995103       -0.1170956564        0.1803299411
       -0.0329990424       -0.0206688606        0.0275749376        0.0477128472
       -0.2480591818        0.3016464272        0.2469475350        0.4620681873
       -0.0066589135        0.1010323879        0.0313222735        0.1059857035
       -0.0517746070       -0.0246653789        0.1075891770        0.1219197353
        0.0846492210       -0.0158047795        0.2170410657        0.2334996914
       -0.0860224763       -0.0263544891        0.0195252614        0.0920633551
       -0.4990683828        0.1310934071       -0.0458145465        0.5180286717
       -1.8810564225        0.3627144778        0.1412675165        1.9209090474
       -0.1286295578        0.0294094828       -0.0254659617        0.1343837640
       -0.1742775409        0.0830251695        0.0562867841        0.2010821775
       -0.1369732812        0.0019423650       -0.0577388919        0.1486581050
        0.3176360078        0.0098038859      -43.8847985420       43.8859491389
        0.1243511886        0.0023711217      -33.4459578617       33.4461891121
        0.3050997170       -0.0320147438      -15.7358814408       15.7394903121
        0.5292133958       -0.5838864625      -51.9590873401       51.9652501892
        0.0255063739       -0.1783235852       -0.0678304094        0.1924859490
        0.0521927220       -0.0015159572       -0.0527890472        0.0742499957
        0.0335626829       -0.0206258363        0.0214811464        0.0448700173
        0.0505213180       -0.1175169088       -0.1705477701        0.2131881078
        0.2259300153       -0.1584064978       -0.0919790401        0.2908558649
        0.2182112017       -0.0119352129       -0.0729811800        0.2304014550
        0.5331017953        0.2406414927       56.1952952448       56.1985123761
        0.1960607193        0.2981766700       68.5121866224       68.5132581673
#SUBSTART
       -1.4073086856        0.2244084049        0.7586594861        1.6204693362
       -0.2715875076        0.3381806225       -0.3047122252        0.5481379688
       -0.1434263522        0.0154243305        1.3289698392        1.6331933305
       -0.3718276920        0.3084898354        1.5948857780        1.6722925106
       -0.4297409867        0.4160429242       -3.0332116872        3.0947733285
       -0.7926277650        0.5495319793       -3.3130761171        3.4534326855
        0.1381853144        0.1769882476    -2942.7730168376     2942.7731749828
       -0.3042028248       -0.2524771513    -1425.4500871803     1425.4501488323
        0.2972749356       -0.3670605216      303.0838453360      303.0842455313
        0.2916080890       -0.1483834141       13.8516644720       13.8562311378
        0.2913379747       -0.9958179705       91.2644077427       91.2704121370
        0.0027885907       -0.7072888780       61.3065447519       61.3107835094
       -0.4357703372       -0.5091103315       76.0465078154       76.0552643268
       -0.3381816563       -1.9711726561       85.0551753848       85.0838735601
        0.7188800577        0.4113850229      458.3573101876      458.3580797895
       -0.2903275900        0.6683921995       87.8156226089       87.8236583332
       -0.6726632517        0.4928389766       83.7726981329       83.7821168887
       -1.1045433173        0.7363925935       71.4515008046       71.4700080384
        1.0446936986        0.0386739562       22.9455328316       22.9884907752
        0.6637980758       -0.1165318498        7.7250445760        7.8109456439
        1.7261513373       -1.4701137154        5.6354807938        6.1465296831
        0.5341312442       -0.1593820988        1.4450189706        1.6255520984
       -0.0853882078       -0.0914491157        0.0910301826        0.2083755404
        0.3648937796        0.2126945546        0.5445763932        0.7031569362
       -0.3841295328       -0.4214105181        0.1382026204        0.6030937505
       -0.0489399565        0.0659862265        0.8078117633        0.8238864796
        0.6081472190       -0.2305814981        0.0620175590        0.6680844481
        0.1057754186       -0.7796115934        0.1521013926        0.8133863131
       -0.1931394774       -0.3083753011       -1.4599364649        1.5110567331
        0.1844528891        0.0799340123       -1.1006420764        1.4610328811
        1.0268184407       -0.8795911895       -0.9127564809        1.6372663037
        2.3811360695       -0.5868449572      -39.9372646672       40.0127327843
        0.1987071910       -0.4907348503       -4.1566771964        4.1925827769
        0.0427580057       -0.0403196998       -3.1556886126        3.1593202322
        0.1457056341       -0.0765693890       -2.9754707922        2.9832866479
        0.4250984119       -0.2671449863      -18.8160681230       18.8232827768
       -0.2162042345        1.1108102277      -49.5473648164       49.5691920014
        1.8004625091        1.8539426095     -160.9400132348      160.9635033797
        0.6800951861        0.4608828499       -0.2292879631        1.2680165718
       -0.4842635636       -0.3044188764        0.4782790854        1.1994685156
       -0.1958316225       -0.1564639735       -0.4696270612        0.5503275033
        0.0242214596        0.7685691002       -0.7161183325        1.1609270291
       -0.2448525069        0.4165125712        0.0620585056        0.5067213387
       -0.1793392402        0.0351416866       -0.1245341425        0.2211475839
       -0.1554687474        0.1475976208       -0.0537988679        0.2210201513
        0.3464038392        0.4726687358        0.0136933364        0.5861730641
        0.0070062933        0.0869944202        0.0234794673        0.0903792160
       -0.1321265254        0.0351219547        1.1200982878        1.2332828442
        0.2585853238       -0.1699715449       20.2289993137       20.2374861423
       -0.0668030997       -1.2628280592      186.3919879327      186.3963300139
        0.2309028894       -0.3838699762       34.3686783686       34.3718810206
       -0.9944544957        0.5651682112        1.4104584660        1.8818578308
       -1.4188406749        1.2466226515        1.7329240818        2.5670377002
       -0.2344180284        0.8406508243        0.3038032475        1.0495796600
       -0.5746128673        0.7198529691       -0.1547752653        0.9443534360
       -0.5910482736        0.7124621376        0.5236310894        1.0726647481
       -1.7545777209        1.7248032086       -1.2252209573        2.9047284324
       -0.1376547378        0.1834074230       -0.1809580517        0.3237479128
       -0.1623937702        0.0829088275       -0.0199579355        0.2304858225
        0.1079086074        1.0628009158        1.4161623620        2.0073608730
       -0.0128872716        0.7555337672        0.9621790792        1.2313674190
        0.0367239000        1.1118253301        2.2619882288        2.6901462305
       -0.1635483305        0.0723964146        0.3728829454        0.4364753981
        0.1940775460        0.8543822134        6.4707481537        6.5487321031
       -0.0916205274        0.4564440170        0.1625984886        0.6977210691
        0.0172684216       -0.0474114177        0.0352085332        0.1525302154
       -0.2916069220        0.1686583846        0.0192551822        0.3651448953
       -0.2845411547        1.0902542292       -0.2780216810        1.1689284807
        0.0821992512        0.0482666276       -0.2209382615        0.2781724007
       -0.2165311248        0.4202557578       -0.5661632982        0.7506805547
       -0.2452901795       -0.2663369417       -0.8225781474        0.9095148334
       -0.8708068062        0.2375344960       -5.0154039237        5.0959791648
       -0.4656214132        0.0821960416       -2.1757027081        2.2264864167
        0.1583343417        0.0393639269       -0.5155504598        0.5584723306
        0.0806922830        0.8891298948       -7.3607920105        7.4160502979
       -0.0644168292        0.1948967993       -3.9743606772        3.9821045776
        0.0872750546        0.0066353098       -1.7108242833        1.7187380474
       -0.9958460119        0.4712635647      -15.0672844893       15.1081547614
        0.1367956641       -0.1249876171       -7.0635079538        7.0673162768
        0.1103147978        0.0339030942      -56.0455350216       56.0458276272
       -0.1206291930        0.1451066612      -79.9158775442       79.9161003241
       -0.3681603456        0.1513067369     -152.7221988009      152.7227175058
       -0.0082546796        0.0840658125      -42.7213485566       42.7216600506
        0.2357582353        0.1517696000      -29.3151445204       29.3168175967
       -0.0625245159       -0.0804413073      -36.9894249640       36.9898285894
       -0.0738297296       -0.6002312138     2175.2652568998     2175.2655433198
        0.2845736213       -0.7229341665      407.5696090201      407.5703734234
        0.1347292020        0.1849934725       17.4769443067       17.4784426321
        0.7455304045       -0.2238021965       33.2974425675       33.3065396663
       -0.3754948826       -0.9994709816       94.5263223575       94.5324549394
       -0.1705928907       -0.4981694386      579.0085384013      579.0087778405
       -0.2451430439       -0.3741365517      556.1585565822      556.1587364529
       -0.8698398317        0.4428968185      353.7856611054      353.7870351815
       -0.6803084172       -0.0215772354      214.4523318370      214.4554702199
        0.1147605945        0.3420667800       50.7604686098       50.7619427618
        0.0138363617       -0.0660850048       21.5928934391       21.5934500608
       -1.1783357251       -0.0128872450      196.8041564599      196.8099271704
        0.0222661559        0.1588997441       17.9943270973       17.9955836910
       -0.0291045947       -0.1954292887       15.8783190618       15.8801617025
       -0.5032543791       -0.0439154148        6.7266544244        6.7470403189
        0.2125775021        0.0727782255        2.2173749224        2.2330958770
        0.2818969094       -0.3229013163        2.4917199986        2.5321689248
       -0.0386025101       -0.2709770833        2.3472255885        2.3672487156
       -0.1366767264       -0.3338381200        0.9760057606        1.0498549650
        0.1291841829        0.0887845717        0.1219844878        0.2427576023
       -0.2367607858        0.0918027332        2.7526400727        2.7678494479
       -0.4918229504       -0.9008479499        1.9534241940        2.2110546601
       -0.0113849321        0.0044217848       -0.0101067997        0.0158529575
       -0.0264249798       -0.1752600880       -0.1130546692        0.2102284384
       -0.0093464343       -0.3541072918       -0.2037413839        0.4086442726
        0.2021554594        0.4588086728        0.2441414100        0.5748539301
        0.5371777257        0.0549079082       -0.2623176503        0.6163319901
       -0.1039642276       -0.2506450354       -0.4232596724        0.5217854248
        0.5575016715       -0.3209493639       -0.1397161083        0.6729167733
        0.3322198700        0.0510629757        0.1473152330        0.3926309110
        0.4890294551        0.1899892112       -5.1765307604        5.2872023043
        0.2012864293       -0.1708344597       -1.5422866905        1.5709324173
        0.2159370145       -0.8374536557       -7.1766919044        7.2454471961
        0.1888827412       -0.2703934413       -0.9140742572        0.9817335868
        0.0961639038       -0.0748510316       -3.3126609902        3.3178385726
        0.9515906017       -1.0317363880      -14.1683500281       14.2462552317
       -0.0757139284       -0.0103448175       -2.2637682670        2.2693536890
        1.0970490058       -0.2420135636      -18.5927362186       18.6331845947
        2.0023280462       -0.8149866993      -30.6361010514       30.7125982024
        0.0302028820       -0.1423387585       -3.0298500758        3.0365513009
        0.0369666684        0.2099644160       -1.6691905049        1.6885284473
        1.2792192769       -0.8677931730      -18.9208843752       19.0070955983
        0.5684792439       -0.3696018053       -4.1241786538        4.1818779870
        0.0478064433       -0.0899281926       -1.9600103648        1.9676109755
       -0.0419350811        0.1372476457       -8.6818311922        8.7335639294
        0.2896088597        0.0503279976       -4.9854055763        4.9960138855
        0.3570761778       -0.3224608693      -11.5561691035       11.6042802681
        0.2938150888       -0.0318399166       -2.2681527894        2.2915797930
        0.0593179775        0.0181641691       -0.6054101853        0.6085803578
       -0.3069871669       -0.0962606155       -6.3436924553        6.3518454951
       -0.0725311020       -0.0768744831       -3.5201754769        3.5217617516
       -0.2007497857       -0.1544957315      -11.7502809642       11.7538398802
        0.1580083280       -0.0153900567      -13.7337567341       13.7353834057
        0.0545720054       -0.2055421314      -27.4614015646       27.4625796558
       -0.1246944612       -0.0401178502       -7.1365628077        7.1391292636
       -0.0054318744       -0.5412320319     -184.7080896363      184.7088826740
        0.2230783438       -0.3063610017      -47.9887677568       47.9902641358
       -0.4096785203        0.1505520196      -23.8371977856       23.8416018853
       -0.0428569866       -0.3859390289      -45.2260497130       45.2279320563
       -0.2607104349       -0.0047999644     -100.3311375294      100.3314763717
       -0.4007609011       -0.1708944406     -188.8566308923      188.8571334268
        0.1393463890       -0.0004270359      -21.6251756810       21.6260750164
       -0.4375133564       -0.1116217969      -85.7436341143       85.7449365751
       -1.2048266587        0.5522436288      -81.4775692856       81.4937646006
       -0.3407117917        0.0184556330      -30.6305847314       30.6328031024
        0.6907488015        0.4389634667      -75.6915938626       75.7018493570
       -0.0183040454        0.2350699444      -22.3486726492       22.3503521646
       -0.1916377593        0.2010476413       -4.8350038352        4.8449857643
        0.1872613545       -0.0062152054      -12.1676632472       12.1699060853
       -0.1103173946        0.4985362686       -8.5212831950        8.5377078548
       -0.1977428801        0.3283557174       -3.4231630834        3.4473823409
       -0.0974457282       -0.1339545461       -0.8594369539        0.8752550303
       -0.2071332904       -0.4823650456       -4.0723038016        4.1060003031
        0.0413038850       -0.0097964921       -0.0148397271        0.0449688745
        0.2526841941        0.1470257734        0.1799119300        0.3432698393
        0.0282405849        0.0338927352        0.1202185244        0.1280575720
        0.2917414074        0.5092544889        0.6267527035        0.8586455233
        0.6114514097        0.2965263516        0.6586222575        0.9463529900
        0.1374858610        0.1008525767        0.2605961883        0.3114225065
       -0.0402358604        0.3051960096       -0.7562287177        0.8283267394
       -0.1453442669        0.1126728744       -1.8397345055        1.8541636843
       -0.2485005504        0.0453959529       -2.8219594484        2.8366790847
       -0.5143013846        0.5924367407       -4.7153675745        4.7822231601
       -0.5997874934        0.5695644031       -4.7944216342        4.8652469057
       -0.2366520778        0.2996291383       -1.8184218833        1.8580742644
       -0.1371379721       -0.0169230861       -0.2396901206        0.2766668902
       -0.2781789409        0.1623838678       -0.5516909626        0.6388387605
        0.0051386329       -0.1312612754       -4.5614209608        4.5633120767
        0.1853041625       -0.2234548303       -7.7998176952        7.8052178555
       -0.0123870716       -0.0124588271      -45.2740680155       45.2740714243
       -0.0017482752       -0.1230569877      -32.4867943433       32.4870274537
       -0.1571135238       -0.3819053014     -220.9311079106      220.9314938593
       -0.0733985245       -0.1929764685     -174.5326954670      174.5328175853
        0.0747244754       -0.0526433294      204.4512786074      204.4512990403
        0.0812010923       -0.0924754200       84.5163846931       84.5164742930
       -0.1401062547       -0.0649775140       41.0245392914       41.0248299924
       -0.1356553464       -0.1057567253       99.3410080288       99.3411569443
       -0.5439045608       -0.6396478851       42.9540066406       42.9622120947
       -0.0115365419       -0.0596764266        2.2732933920        2.2741058054
        0.0791973129        0.0000737039       12.3432660570       12.3435201289
       -0.0462761664        0.0384524090        5.5245407965        5.5248684223
       -0.0343470783       -0.0094523572       12.3745339166       12.3745851939
        0.0341766775        0.0987033892       10.4370098847       10.4375325502
       -0.0982495399        0.1251032143       22.6988206764       22.6993780507
       -0.1959404139        0.0261293230       31.4398552495       31.4404766742
       -0.4378803685        0.6158985993        8.9699889321        9.0017649238
       -0.0676874145        0.2211763060        2.6239414251        2.6341163882
       -0.2986867849       -0.0365416970        1.7046658655        1.7310213182
       -0.0334433032       -0.0489590654        0.6008831815        0.6038013270
        0.2484395709        0.4785677243        2.9369071515        2.9859961326
        0.0041604757        0.1309690227        0.5545587461        0.5698294458
        0.5181978935       -0.2442365421        1.8529539219        1.9394893096
        0.1935569199       -0.0403293485        0.8940320263        0.9156331152
       -0.0774124077       -0.5757338872        1.5257093538        1.6385148785
       -0.1682496198       -0.2668262081        0.4891607655        0.5820501820
       -0.2851212791       -0.3546207208        1.0330294040        1.1288045663
        0.4830674862       -0.3914343011       -0.2097636874        0.6561827587
        0.3480080564       -0.1506498071       -0.1518427065        0.4084864492
       -0.0257524367       -0.2866292840       -0.7010043455        0.7577774257
        0.0495962635       -0.1847932063       -0.7505239040        0.7745285333
        0.1420674626       -0.1005393247       -1.1054018139        1.1190194324
        0.4147068139       -0.0666002430       -3.2984628951        3.3250977135
        0.0361005887        0.0017994858       -0.6651374491        0.6661188459
        0.3213805872       -0.3933630390       -6.1353583079        6.1563496919
        0.3223663596       -0.1767910366       -2.5835154034        2.6095453589
        0.8323700359       -0.4415664779       -8.3353887684        8.3884758301
        0.1202947581       -0.3007357189       -1.7889286728        1.8180150158
        0.0603739512       -0.2029036102       -0.6977619128        0.7291684140
        0.8009141295       -0.9531460441      -23.8792193209       23.9300525865
        0.0116040592       -0.1048654411       -2.0743317173        2.0816972098
        0.2635800490       -0.1770750191       -9.6457522837        9.6509775216
        0.0014224282        0.0088967123       -1.4624198548        1.4624476081
       -0.0194250588        0.0157769812       -0.2612484606        0.2624442878
       -0.0538118691        0.2063053973      -10.7499991119       10.7521132127
       -0.3822178732        0.0022766991      -14.1446987021       14.1498620863
       -0.2284378798        0.0456840426       -5.7362882227        5.7410167627
       -0.0823806128        0.2977867805      -15.5645852254       15.5676516139
        0.0006003603       -0.0149160848       -0.7141627576        0.7143187624
        0.1363821414        0.0947799476      -16.5758441623       16.5766761752
        0.1240645894        0.2900367962      -38.7299790691       38.7312637550
        0.1584652475        0.1957714477      -15.7722773880       15.7742883103
       -0.0151755746        0.1144476973       -6.8955830995        6.8965494891
        0.0330709898        0.2543723703      -17.7123904899       17.7142478209
        0.1175142665        0.1148276290      -11.9647500727       11.9658781244
        0.0395684840        0.0706256030       -3.0080087228        3.0090978909
        0.0558038148       -0.0566654388       -1.7627066253        1.7644998398
        0.0754912541        0.1606681665       -1.0239819269        1.0392555873
        0.0792865115        0.0316028653       -1.0946932550        1.0980156714
       -0.0430194261        0.0253016252        0.4866299357        0.4891825197
       -0.2073596150       -0.0545639159        0.7477831170        0.7779169756
       -0.5137360858       -0.0723349699        0.7093761775        0.8898603597
       -1.0136196057       -0.7390948240        1.7424348281        2.1515679815
       -0.1435789301        0.2516162283        0.4919791452        0.5709370498
        0.0304753978        0.0800446982        0.1577593251        0.1795101898
       -0.0279849115        0.0759967051       -0.0239799637        0.0844611930
       -0.0757996771       -0.0400231364        0.0260091301        0.0895763213
#SUBSTART
       -0.3323374991       -0.1849449482      990.8964226915      990.8965055118
        0.1851082386       -0.0668942268     6009.0752431881     6009.0753198664
        0.2238488133        0.1243611064    -1386.7806346456     1386.7809765763
        0.0897287955        0.0021402654    -3842.0488385844     3842.0489545184
       -0.0949850912        0.6239550309    -1649.1696683033     1649.1700559809
       -0.0950551274       -0.6282164615      -75.5273635809       75.5358636111
        0.1365263817        0.0469319655      -11.1986218920       11.2387866309
        0.2247187435        0.0842504512       -8.6333204404        8.6377831800
       -0.3375532546       -0.0015831824      -26.6132329715       26.6157395856
#SUBSTART
        0.1810322254        0.0178146512        0.0892185688        0.2460279788
       -0.2939165691       -0.8473522394       -2.0299790128        2.2236652951
       -0.0251269998        0.2986636221       -0.7130983881        0.7860155350
        0.0595672856        0.0212654075        0.3968959133        0.4254487396
       -0.2081797921        0.3708634056       11.5917897841       11.6004288143
        0.3044595833        0.1687424704      208.6629192129      208.6653249006
       -0.3077703576       -0.1537005470      245.7125868223      245.7146240278
        0.2461047686       -0.3082749946      379.3205885676      379.3208193496
       -0.0420705500       -0.4619819525     4369.2681157364     4369.2682411061
        0.3226933505       -0.1987493578        0.1925572573        0.6514227222
       -0.4168787422       -0.4293726415       -1.4707740236        1.5939902022
       -0.0714745648       -0.2131724828       -7.8183280144        7.8776363621
        0.9214129261       -0.6178134153      -11.2178351706       11.2734201065
        0.0552191616       -0.4879636923      -73.9932083789       74.0007864453
       -0.0175691986       -0.1899127456       -3.3873382112        3.3955729222
        0.0912017593        0.1609041419      -19.8548606412       19.8618564073
        0.0296019750        0.1095821365       -6.2349475650        6.2554853225
        0.5287070335        0.1488847615       -3.1217131556        3.1727386608
       -0.9872014151        0.4878894402       -6.1149721180        6.2332304764
       -0.1546037430        0.3031467785       -6.2097851244        6.2206680801
       -0.0033282968       -0.6183878494       -3.8052693837        3.8577155776
       -0.2102238460        0.0257763583       -0.4667992189        0.5312624415
        0.4983626645       -0.0460050053        1.4574542996        1.5472991392
       -0.0904809114        0.0309504573        0.0629561049        0.1805214175
       -0.0044507503       -0.0743567545        0.9657583131        0.9686267885
        0.2566031196       -0.5323530620       11.4152174086       11.4305045133
       -0.0638548971        0.0866472233        2.2531207796        2.2600040313
       -0.0384200749       -0.1222174271        1.6524364124        1.6632615801
        0.0615884420       -0.0455483303      722.5462595128      722.5468744625
       -0.4162307888       -0.3649134992      645.1774576789      645.1783773946
        0.0024828864        0.1586327153      260.5247933301      260.5248790231
        0.0667940688       -0.1003494478        0.1981036725        0.2706590277
       -0.5597917977       -0.0908385050        1.5336975337        1.6411357045
        0.5769956063        0.2996830848       -0.6859928022        0.9554055634
        0.0128466165        1.1856493653       -0.7212063398        1.3948289582
        0.2928539826       -0.6027490636       -2.9560111083        3.1733047988
       -0.0069313949        0.5693822586      -11.7902506017       11.8412247696
        0.6398037326        0.0823799751      -57.8159620496       57.8197291829
        0.1916519700       -0.2431471992       -8.8006704395        8.8072203905
        0.1131809324        0.3279531494     -222.8898128536      222.8900828594
        0.3583488589       -0.1509286507     -185.5398167679      185.5402242093
       -0.1692890662        0.1603674237     -189.0739757910      189.0741195878
       -0.1698428646        0.1343450021     -315.3713889156      315.3714632647
       -1.2987988061        0.3172114832    -3323.5097651885     3323.5101665492
       -0.1056512515       -0.1121608296     -631.8749007012      631.8749349026
        0.1935358236       -0.3213394311     -987.5815127539      987.5815938586
       -0.2369081669        0.2751464571     -879.4737652040      879.4738512275
       -0.0138602112        0.8827762193      -16.0025033374       16.0268399574
       -0.0373644452        0.0599785436       -1.1854284019        1.1875327463
        0.3355411691        0.0756266271       -6.0018612567        6.0117090588
        0.0529694955       -0.0409067167       -1.5118966824        1.5133772514
       -0.1206493712        0.2743459086        0.9933265310        1.0375545988
       -0.0953701498        0.0438061856        0.4613666582        0.4731528724
        0.0223632468       -0.0435730828       96.3789713558       96.3789838001
        0.0898061219       -0.0303752447       36.1163424753       36.1164669035
       -0.0826570527        0.0635830120        0.0891363062        0.1371869850
       -0.0191033014       -0.0580761473        0.0936827493        0.1118670306
        0.2062754916       -0.4073488518       -0.3469645937        0.5734693495
        0.0000186702        0.0053112679        0.0063493150        0.0082779054
        0.0621284386        0.0057110014       -0.1937957184        0.2035911071
        0.2437469596        0.1152997579       -0.2792828485        0.3882080936
        0.0340782664        0.0827969448       -0.0852655976        0.1236401409
       -0.0051543280        0.0716801199       -0.3648869059        0.3718965727
       -0.0792502316        0.0538145129       -1.0419407960        1.0463351391
       -0.1297914381       -0.0118994731       -3.7253718675        3.7276511326
        0.0108946615        0.2613177275       -0.9328346318        0.9788083998
       -0.2082835871       -0.0080278468       -1.8057683384        1.8231087669
       -0.0400225206       -0.0353784130        0.0701484656        0.0881716592
       -0.3514957024        0.0859383955        0.3205454659        0.4834087632
        0.0634920507        0.0549100321        0.1152971723        0.1426176359
       -0.0443661600        0.0903968748        0.3346474959        0.3494694516
#SUBSTART
        0.3368696623       -0.8585951361        5.2974639928        5.3789656363
        0.0071880380       -0.1662948218        4.4521455075        4.4574415353
       -0.7837243531       -0.0547847951        1.4540340341        1.9011133561
       -0.8434469455        0.1509376090        0.2840034109        1.3019959454
        0.1150352615       -0.1322159852       -1.4732989155        1.4902361080
        0.3590460836        0.1382200943      -65.6758316396       65.6771068198
       -0.1341584617       -0.1345165590      -27.1816111712       27.1867563350
        0.3491750992        0.1292657251      -41.9743250996       41.9788785153
        0.2888000874        0.1297856795     -695.7325980811      695.7326841268
        0.3971589232        0.2626488563    -4647.0441135601     4647.0442326756
       -0.0158668582       -0.7132075801      427.4508606964      427.4524857543
       -0.0285185634       -0.0550855004      541.8765024023      541.8765239270
       -0.1612581004       -0.7567178223        7.5902834396        7.6308917248
        0.1725965085       -0.3036194485        2.9467844461        2.9706889237
        0.6114937660       -0.7657569789        5.8938823283        5.9747934924
        0.0490472552       -0.1355833714        0.7431229822        0.7569810106
        0.0272769160       -0.0635907392        0.8284009662        0.8312857349
        0.3181204909       -0.0853870585        3.2485827534        3.2652383531
       -0.0720122819       -0.0951456055        0.7252210456        0.7481068138
        0.2613875374        0.0727677553        0.0576595134        0.2773863918
       -0.1862279387       -0.0149300886       -0.0738870217        0.2009055616
       -0.4506888046        0.1398419187       -0.3212666698        0.5708663889
        0.3697503395        0.0744408423       -0.9273335582        1.0107838867
        0.4553620696        0.0215921172      -11.5208554229       11.5307159489
        0.3965691932        0.4389910569      -11.2315696607       11.2480050276
        0.3348850359       -0.0538237233       -1.4651726970        1.5103826658
        0.2594502435        0.2051003690       14.7039945730       14.7083757356
        0.0789085410        0.0261817010       13.2510396242       13.2520354265
       -0.1314316568        0.3216804496        5.1512566120        5.1629640009
       -0.0556909431        0.0101736394        0.7944451767        0.7964597434
        0.2609930299       -0.0508045778       15.5262955765       15.5291993541
        0.2511664606        0.1289706808       12.3455827446       12.3495996338
       -0.2038200758        0.0459172805        6.5239564974        6.5287930879
       -0.1277010414        0.1584643002        5.3328273452        5.3385340469
        0.1162856735       -0.2314895134        2.1236001545        2.1438906581
       -0.1027563410        0.8539899379       -0.7388377191        1.2366809673
       -0.1143405220       -0.1234521848       -0.1724221444        0.2409223791
       -0.2730815768        0.0682566171       -1.0767145851        1.1216178476
       -0.2571520168        0.4949288797       -3.5187828930        3.5967423822
       -0.2702889850        0.1316203716       -5.6566816311        5.6663839367
       -0.0226088593       -0.0717747448       -0.4294609426        0.4360039859
        0.1249473634       -0.0572161814       -0.8666077917        0.8774363793
       -0.3020668905        0.3045573904      -20.9982208508       21.0030654499
       -0.1236766178       -0.2308697598       -5.3127823938        5.3210650533
       -0.2363705707       -0.0128816051      -16.2972448084       16.2995615006
       -0.6544995275        0.1060512129      -20.5035333472       20.5147258328
        0.0667084674       -0.0221893465       -2.3387810368        2.3439963545
       -0.0291284966       -0.1001494410      -22.4991847265       22.4998593667
       -0.2739666830        0.2637022572      -40.7588655912       40.7608783111
        0.0569549382       -0.3876834303     -915.8598841531      915.8599786120
        0.0645914946        0.0566318670        1.2084173821        1.2194800465
       -0.0505956378        0.0454348898       20.4950376798       20.4956257169
       -0.3302139807       -0.5642301659        6.5513452770        6.6023604000
        0.2342852500        0.0378351526      370.9782714067      370.9786811292
       -0.3256501397       -0.3777810766      104.9410616268      104.9423396999
        0.1862088064        0.5869897934      506.7497253453      506.7509681480
       -0.0633015585        0.0677961633      108.5603530496      108.5604823932
        0.0250330885        0.2123452581      318.2002311822      318.2003336286
        0.2516022095       -0.2812881277        3.7111208227        3.7302606401
        0.0841557676       -0.2194918858        3.0383261666        3.0474062374
        0.4586002886       -0.4496622154        5.1624691853        5.2022685842
        0.4460362326       -0.6049332808        5.4038385080        5.4558558646
       -0.3073715775        0.4735629943        0.9400438060        1.0965498408
        0.0107405403        0.0213418365        0.0178791893        0.0298412232
        0.0128147488       -0.0760367607       -0.0422139547        0.0879080470
        0.0073705163       -0.2805906689        0.1017263936        0.2985526874
       -0.0434895846        0.0055241575       -0.3964992607        0.3989154347
        0.0794790577       -0.0595538914       -1.7345688863        1.7374097985
       -0.2206242383        0.0701211784       -3.5165807175        3.5241923865
       -0.1194413632       -0.0447177213       -1.2556238868        1.2620844896
        0.1445738335        0.3153621856       24.2517330665       24.2542143065
        0.3388193355        0.4973289156       53.6077454940       53.6111230207
        0.3657810027       -0.1249384141       29.3215007665       29.3240483656
        0.2783765255       -0.2307472765       27.2324525793       27.2348528779
       -0.1166030866        0.1360596774        6.4150085245        6.4175106455
        0.0141450807        0.1465078520        6.9530601358        6.9546178821
        0.0925247223       -0.0654439136        4.1712817262        4.1728209846
        0.5610713342       -0.0441785868       19.4293479561       19.4374976473
       -0.0323884936        0.0696982267        0.7036091310        0.7077942261
       -0.2005381296        0.2911601389        1.4649470581        1.5070035338
       -0.2087065515       -0.2842740918        0.1112361986        0.3697886907
       -0.0858159407       -0.0635366405       -0.0333783763        0.1118722323
       -0.0586366139        0.0567762287       -0.3265184396        0.3365651260
        0.0663339209        0.0036212500       -0.2559802497        0.2644601874
       -0.2741617903       -0.2955972052       -2.0328142898        2.0771028180
        0.3064948434       -0.0170570671       -0.8567511600        0.9207238281
       -0.1665786910        0.1003460362       -1.2168799599        1.2323208284
       -0.0131392992        0.0829759230       -0.9857929779        0.9893661811
       -0.0369434723        0.0120319362       -0.2648274145        0.2676623752
       -0.2777115899        0.0303040330       -6.3841561964        6.3902654407
       -0.1094355849        0.1410765685     -160.8258179266      160.8259170361
       -0.0268905946        0.1333970439     -251.8301714473      251.8302082139
       -0.1205128311        0.1415721200        1.0354311161        1.0519903059
        0.0036628701        0.0245551706        0.7056755871        0.7061121775
       -0.2033320150        0.2330877167       50.2916913073       50.2926424871
       -0.0779639114        0.0109291401       21.1889049047       21.1890511556
       -0.6028054782        1.2491670411     3531.4120765533     3531.4124735819
       -0.0943278989        0.1246921184      684.5156093973      684.5156414825
       -0.0927133414        0.2683709817       -0.0546293953        0.3210652632
        0.0146599071       -0.1444725920       -0.0093230968        0.2016282414
        0.0621703933       -0.3348517048       -3.3920374846        3.4119479632
       -0.0603322492       -0.0835410515       -0.4086711130        0.4439717909
#SUBSTART
        0.1142359251        0.1395056979     -863.2310185946      863.2310487091
        0.1809638934       -0.0410759759      -11.9591078173       11.9613617426
        0.1219265731        0.6556577830      -99.3663459963       99.3698098560
        0.1161527327       -0.5576895742      -45.5408598841       45.5446364338
       -0.0586364764        0.9738226971      -13.8493026260       13.8843232421
        0.3515100403       -0.4986848366       -1.2476044449        1.6767690689
       -0.0280487788        0.4093488187       -2.2032091519        2.4300772707
       -0.0524468210       -0.0301435731      -10.4457658535       10.4468733770
       -0.2902732449       -0.1406139607      -25.1453456868       25.1478015010
       -0.0089829773        0.0616980077      -20.6587585145       20.6593240568
       -0.0040036542       -0.1395282607      -24.9575212318       24.9583018249
        0.2561798501        0.1347489182     -187.6397072581      187.6399824267
       -0.1115570928        0.3216290743      -99.0573844678       99.0580677564
       -0.3853323754        0.1570011374    -1802.1660828067     1802.1663750885
       -0.2764913891       -0.0757292056     -425.1719892016      425.1720858477
       -0.5973907910        0.0355527360     -870.8620503270      870.8622559507
       -0.1272779881        0.1579406326       -1.0891686336        1.1078958624
        0.5789493810        0.5646674759        1.0778622642        1.4350817972
        0.2366456242        0.1993203754       -0.0197493917        0.3399993925
        0.3055918854        0.4552260819     -120.9372832978      120.9386066913
        0.8133604609       -0.4805414234     -505.0913187346      505.0922022129
        0.1987634300       -0.0491248523     -120.9240022047      120.9241755372
        0.0452047972       -0.0714083492      -18.6709677843       18.6716807067
        0.3023335787        0.0609986356     -130.4514681913      130.4519074582
        0.0245576211       -0.3495744206      -74.0434844586       74.0444452738
        0.3644104625        0.0939749666      -63.0437911555       63.0450688739
        0.0068484888       -0.0184313386       -2.0434485571        2.0435431539
       -0.0306685832        0.2120972943      -12.2438436622       12.2457189846
       -0.1896389425       -0.0099187482       -7.1649194670        7.1687943243
        0.1940908796       -0.4507259305      -66.5065046179       66.5101467641
        0.2298698490       -0.1984866669      -64.9984321703       65.0010158586
       -0.1721037172       -0.0787967309      -17.1270757286       17.1353502170
        0.1851716737       -0.4702834291        0.1616715706        0.5306531345
       -0.0158180745       -0.0863869914       -0.0012300026        0.0878318659
        0.3694440933        0.1903591955        1.0296125596        1.4545168852
       -0.1705376000        0.0051991829        0.2251294963        0.3150764661
        0.1286597214        0.0420071835        0.4216799539        0.4643400648
       -0.0460248003        0.1953606161        0.6833309355        0.7257444487
       -0.0859561700       -0.5037912998       15.1698777102       15.2075368047
        0.0267715340       -0.2981155329        3.6369422342        3.6519061031
        0.2704828342        0.0706207318      286.5799478126      286.5801181455
       -0.4624789094       -0.1649113411      738.6069030537      738.6070794413
       -0.0810448123        0.0557126475       88.9529579135       88.9531217749
       -0.0863283411        0.0089982639      135.2860154397      135.2861152776
        0.2070904296        0.0632835837       25.0414322531       25.0427574426
        0.0703308888        0.2389059629      128.8906143122      128.8909304802
        0.4197841408       -0.4250977924     4636.8804043455     4636.8805380257
       -0.0976754262       -0.0105189741      861.4167794643      861.4167963731
       -0.1296238691       -0.1329452770      -16.6359002626       16.6375218745
       -0.5428933539       -0.0069675306      -26.8372337298       26.8430880450
       -0.0549936734       -0.1817888845      -10.2575400376       10.2592981790
       -0.1223048170       -0.1944567696      -22.1683011281       22.1694913521
       -0.4138789658       -0.2115610157     -353.8366742447      353.8369795463
       -0.1014295211       -0.0571938676      -50.0807971638       50.0809325358
       -0.0305127005       -0.0230096877     -221.9231472619      221.9231505524
       -0.0935593588       -0.1379443595     -213.5458402405      213.5459052898
       -0.6795641000        0.3484790011       -2.4963485187        2.6568104688
       -0.2379642387       -0.1416653423       -1.0116535131        1.0581203446
       -0.2225451784        0.1543063208       -2.0574496297        2.0798835449
        0.0943272134       -0.0568004560      -43.5188166896       43.5189559845
        0.0202613632       -0.2033426741      -87.4076892442       87.4079281174
       -0.0438349627       -0.0563075545      -16.5042054668       16.5043597311
        0.0923187853       -0.0490468070      -33.0166476272       33.0168131243
        0.1531377463        0.0451546583      -43.7041742742       43.7044658942
        0.0811923806       -0.0619775690      -16.2925242506       16.2928444379
       -0.1185671027        0.2412588052        0.9484848069        0.9956742352
        0.0403176966        0.1993698867        0.4471343731        0.5106689739
        0.0536710944        0.0440173569       27.6960519465       27.6961389283
        0.0037594382       -0.0351291768        2.2842547733        2.2845279735
        0.0101439173        0.0375286158       23.6783449384       23.6783768514
       -0.0209869705       -0.0872613979       19.0146709348       19.0148827439
       -0.2865764223       -0.0388501286       -1.5232481337        1.6271328203
       -0.3448869901        0.3943542737       -1.5668286245        1.6579789060
        0.0184596164       -0.0184123601        0.0344754152        0.0432241448
       -0.1425826694        0.1023451124        0.2583163621        0.3123006285
        0.1404652305       -0.4229920234      -97.8476270016       97.8499077056
       -0.0154639620        0.0078644367       -0.5473004726        0.5475753745
        0.1535005511        0.1889159221      -27.7842054333       27.7852716957
#SUBSTART
        0.1712998803       -0.9617839056     5872.9775984778     5872.9777548860
        0.3703263090       -0.0100644096     -581.8946810796      581.8950083585
       -0.0058688706       -0.0258741569     -298.7288254280      298.7292344021
       -0.1384036437        0.1554803187       -3.1521030006        3.1620504122
        0.4032379019        0.3198375923        0.5768037736        1.2157097010
        0.2335375227        0.1944140466        1.8993311373        1.9285422344
       -0.2913094173       -0.2500267312        1.2210301208        1.3718345596
       -0.3878217185       -0.0908334331        8.3524023614        8.3630593319
        0.0021695394        0.2645686874        0.2337821624        0.3796513949
        0.4919864161        0.5230543356      -22.3577473176       22.3747210608
        0.1704951162        0.1604341000      325.0545426609      325.0546269663
        0.0463857287        0.2002025734      232.1680313707      232.1681223236
        0.1214647007       -0.0175407473       18.4064660947       18.4068752222
        0.0858228934        0.0677696180        7.1336860875        7.1345241947
        0.1303843861       -0.4141941836      227.9831831082      227.9836393622
        0.0544944948        0.0117811388     -485.3393501514      485.3393734220
       -0.3219505401       -0.0681190106      -84.6680979210       84.6701762067
        0.1963069692        0.1358441291      -48.5901897810       48.5909766602
        0.0502917293       -0.0412903628       -4.0242354390        4.0247614862
        0.0558596663       -0.3604684451      -13.6394937331       13.6443705277
       -0.2754435981       -0.0125336628       -4.5371897301        4.5477023539
       -0.2032493357       -0.1242593042       -3.6357692499        3.6462375801
       -0.2119613998       -0.8064236598       -1.7238856800        1.9200282229
        0.0434979310       -0.2512007278        3.2155009442        3.3596475980
       -0.1998129792        0.6985751753        7.2617784072        7.2993724335
        0.0175258021       -0.5336439380        0.4368029027        0.7038178507
        0.4346156576       -0.0089172350        0.6415830364        0.7874508648
       -0.2043552785       -0.4410627561       -2.5830162932        2.6320620036
       -0.4774411191        0.1281491262       -5.7745383656        5.7973395054
       -0.5340445637       -0.1708982658      -14.2473061728       14.2590189978
       -0.1282980424       -0.0743214376      -54.6832390622       54.6856677691
       -0.3062084368        0.2461869450      -21.7710592267       21.7750515787
        0.0706536496       -0.3090732309      -70.9228424795       70.9236884501
       -0.2244415641        0.2575344038      200.8745327919      200.8748232665
       -0.1026759507        0.0187800403       80.6185405075       80.6186080791
       -0.4285031390        0.5972928235    -4708.3645877353     4708.3647388669
       -0.1759376346        0.1413043999     -483.3241257098      483.3241985396
        0.0789670365        0.0082460997       -0.9100976166        0.9135543021
        0.3582915752        0.3603820491       -5.6150457275        5.6379949092
        0.0698018127       -0.0001417290      -16.4548482123       16.4549962627
        0.0680879864        0.1131360723      -11.8652401105       11.8659748282
       -0.2603650236        0.0258529660       -0.5831379763        0.6391464783
       -0.0414794208        0.0076059356       -0.3281936572        0.3308919298
        0.0129886495       -0.0711266105        0.1661718112        0.1812202267
       -0.0304683231       -0.0614454560        0.8356548002        0.8384645537
        0.2316000106        0.2022796773        5.5886836808        5.5971368499
        0.1020875460        0.0212127976        3.2878169072        3.2894698456
        0.0544874929        0.0252758792       -0.5378409122        0.5411844452
        0.1076719204        0.0850594189       -0.3011708352        0.3309565216
        0.0140419451        0.0351790872       -3.9194811339        3.9196641570
       -0.0916945482        0.0325965599       -2.1639198559        2.1661070076
        0.1880914741       -0.0575242310       -9.8290002274        9.8309680556
        0.2299009765        0.0741172495      -10.3296456154       10.3324695193
       -0.0223078368       -0.0217840862       -1.9896847281        1.9899290196
        0.0177272528       -0.1620453734       -2.2582318342        2.2641077659
       -0.0380102191        0.1448128070       -7.4033526616        7.4061816034
       -0.0424178092        0.3010973270       -2.9240487049        2.9431275006
       -0.0263220820        0.0219289133       -2.0927995188        2.0977281378
        0.4866905214       -0.2333952036       -5.4659002603        5.4942594065
#SUBSTART
        0.2395897192        0.1991548139       -0.5679145490        0.6626255302
       -0.2236300562        0.1478589102        0.8971726733        0.9467160345
       -0.4533439393       -0.0910755421        2.9805319349        3.0194148244
        0.0730960295        0.6210094869        2.4161314648        2.4996333436
        1.0121538963       -1.6601913854      -38.8783337789       38.9300548334
        0.5178983230       -0.3667867409      -51.8884363082       51.8925047910
       -0.0970354329        0.8542814517    -2008.3932909660     2008.3936947724
       -0.2915201199        0.4231604837    -1875.0692237451     1875.0695289070
       -0.5615516066        0.1312889257        1.1950126362        1.3342083700
        0.0287281723       -0.7218881156        0.9809924201        1.3145093562
        0.1567535887        0.1661160655     1552.8422089428     1552.8425092041
       -0.1472018360       -1.0749564663      -11.0909134036       11.1438574969
       -0.2411547779       -0.4230979443       -0.6813084390        0.8490161784
        0.1504584756        0.0016996665       -1.4673034120        1.4815868957
        0.2362400565       -0.2100581549       -0.3301357686        0.4570814134
        0.1645820855        0.3357464344       -0.3873620892        0.5383886321
        0.3347580312       -0.1333790868        0.9493070595        1.0153998294
        0.4185048624        0.2106625736        0.7727328980        0.9036820079
        0.2309405816        0.1302003717        0.6666556530        0.7174367210
        0.7360965856       -0.6170482763      -17.5889781215       17.6222136392
        0.5242763077       -0.2288758909      -40.7226669141       40.7296758074
        0.5322039656        0.1124019956      -69.2497283287       69.2520052320
        0.0287688161        0.0648752252      -64.0610175710       64.0612089213
       -0.3147910832        0.2265254264      -94.8651785952       94.8706240566
        0.1213179185       -0.0818917354      -22.6816271241       22.6825288069
       -0.3054907702       -0.1096050697      -95.9789992605       95.9841467573
       -0.2282677324        0.0500291563      -44.0765686061       44.0771880814
       -0.1728193972        0.0211778568      -62.9705183044       62.9707590122
        0.2268638561        0.1570022600      -38.0787062473       38.0799614781
       -1.0885970820       -0.0245373954     -423.0510464647      423.0534911242
       -0.0444880507        0.0774402685      -58.7433398932       58.7435735870
       -0.0436204987        0.0127751314    -1143.4898578192     1143.4898587225
        0.0361039059        0.0556175311     -315.8034917098      315.8034986711
        0.2141165831        1.4686056250      -44.7274653136       44.7619163170
       -0.2269130880        0.4192479228      -11.0789316884       11.0900615648
       -0.2946748037        0.5235747052      -17.3037769727       17.3396081797
       -0.4134418681        0.4195046411       -7.7158130486        7.7395199533
       -0.1061431458        0.0396157216       -0.1128578053        0.2122556051
       -0.2456818371       -0.4685782239       -0.2891844744        0.7792263709
       -0.1931776158        0.1217742137        0.1974388814        0.3325784827
       -0.6526582579        0.3998921099        0.7279485681        1.1659445008
        0.1256467557        0.1904863422        0.3199974752        0.4170735221
        0.1533089184       -0.2707288731        2.3463365749        2.3709856294
        0.0697924937       -0.4578302833        7.5443114794        7.5598012569
       -0.0831936777        0.0372450762        7.0317715127        7.0337471362
        0.0332716345       -0.0059616338        1.4178588034        1.4251125969
        0.0674383800        0.1889772066      118.0740363045      118.0752385156
       -0.0185400353       -0.4242288475     1917.8848926234     1917.8849447104
        0.0061957966        0.1999157645     3056.8246022937     3056.8246120235
        0.1718753762       -0.0005539583       -0.9822199936        0.9971447075
        0.0297429214       -0.0711120528       -0.2960041355        0.3058758142
       -0.4022390650       -0.2735768853        2.0488954853        2.1058521523
        0.0010179752        0.0110657588        0.0338059458        0.0355855204
       -0.0099501111       -0.0981509650       -8.9172302126        8.9177759156
       -0.1554815916       -0.0586193940      -14.3397935936       14.3407562933
        0.2951877903       -0.0595400931      -47.5178537540       47.5188079211
        0.0235175866       -0.0584578161       -7.8066262869        7.8068805791
        0.0432559800        0.0612423078       -7.0325632348        7.0329629142
       -0.0479313569        0.2583068178      -43.0940881683       43.0948889647
        0.0940468723       -0.1323425706     -120.7492079334      120.7493170826
       -0.0420715480       -0.0279985079      -55.8780890954       55.8781119482
       -0.0803691605        0.1558947185       -1.3300687408        1.3415831024
       -0.0275511156        0.1079018581       -2.1006798536        2.1036296542
        0.0381267560        0.2365297619       -0.6843624375        0.7383980692
        0.0311054953       -0.1397428600       -0.1966859527        0.2804652699
       -0.0004164969        0.0468481971        1.8409207098        1.8415167626
        0.1017829489        0.0108371180        1.0775190128        1.0823698235
       -0.0302781454        0.0555626607        0.4255250686        0.4302040903
       -0.3726013697        0.1024978319        3.7486467296        3.7685129547
       -0.2573266498       -0.0530840905      169.5732796656      169.5734832203
       -0.0331200668        0.0453799476       28.2487039230       28.2487597888
        0.0523971263       -0.0587811506       -2.1965418250        2.1979528365
        0.3588854986       -0.3503559929       -7.1998265252        7.2172744243
        0.0634513656        0.0845581190       -3.9583942860        3.9598057370
        0.0701737001       -0.0478905156       -2.2585952493        2.2601925470
        0.1181537243       -0.1520519355      -12.8741318648       12.8755718850
       -0.0105603614       -0.0928776842      -12.0156665483       12.0160301425
       -0.0136742480       -0.0751344533       -9.8861522597        9.8864472220
       -0.0401852201       -0.2072977074      -75.6778229083       75.6781174933
        0.0226355505        0.0297080190       36.7108885385       36.7109075374
       -0.1244410371        0.1022571320       57.8457357312       57.8459599659
        0.0998652350        0.0682079391       10.7435241714       10.7442048105
        0.0418066148       -0.0563732524        9.9691964006        9.9694434454
#SUBSTART
       -1.2010349565        0.9921074126        8.8355375848        8.9853841019
       -1.3617602224       -0.0896505822        5.1104238492        5.3720769393
       -0.4949684252       -1.0686730991        6.0510139528        6.1661418712
        0.1518616218       -0.1700662193        1.3080786496        1.3351157289
        0.5433246137        0.9473338574       12.0162384178       12.0665698760
        0.2941683699       -0.2681603581       99.5543913899       99.5552849919
        1.2044315288       -0.1610539203       49.5492622544       49.5643567840
       -0.2697837960        0.0006700391        1.0277857343        1.4184213218
        0.3424865471        0.1728428856        0.3055584579        1.0598723764
       -0.1838267422        0.1329806693       -0.3970202134        0.4781014164
        0.5060672431       -0.0321591279       -1.0444458156        1.1693951901
       -0.6565712363       -0.6123601978      -20.7392956407       20.7799135000
        0.5295542379       -0.2250071661      -35.2493559799       35.2575069152
        0.1140872007       -0.4061326714      -24.4271616496       24.4312027063
        0.5793516503       -0.1786532287    -1911.6242361584     1911.6245625604
       -0.5705294503       -0.0929802913      -92.6514482676       92.6580021685
       -0.1249769719        0.1112276506       -9.9775245622        9.9799031562
        0.1267639857        0.6464357863     -131.5139942798      131.5189909875
       -0.1015367278        0.3630853446      -71.7653513869       71.7664774121
        0.3277860344        0.1102387126      -28.2690304232       28.2755256848
        0.2047266662       -0.3857476378       -9.3170959762        9.3403764720
       -0.1256474972       -0.2130438780       -3.9776460827        3.9853285118
       -0.0605277030       -0.3312467631       -3.9738260842        3.9880674228
        0.0578716286       -0.3491740246      -10.2330530717       10.2391721732
       -0.0057013642       -0.5058489878      -11.2106359682       11.2220441327
        0.4900468767       -0.8026577908       -9.0670360905        9.1167444147
       -0.4673916845       -0.9511330615      -18.4795910285       18.5099539078
       -0.1310654482       -0.1149135239       -1.0168734756        1.0411026462
        0.9295038293       -0.4354381912       -4.3082149001        4.4310020534
        0.3925215679       -0.0310181130       -4.3771434720        4.3970330979
        0.5584611626       -0.3282255872       -3.9894308360        4.0440881650
        0.0356332630        0.0765158741       -2.0204858185        2.0270587402
        0.1852577648        0.1624287279        0.2697331819        0.3910745522
        0.1334004357       -0.4481835260        1.7887211355        1.8540947211
        0.9754209031       -0.3649901197        6.6321915304        6.7149168280
       -1.1494308024        1.4262573721        2.8034954216        3.3850596450
       -0.7857036752        1.2091028349        2.1126117136        2.6050007952
        0.0333366267        0.0507063875        0.3379221323        0.3433275927
        0.1933418499        0.1695685890        0.4976922898        0.5602072765
       -1.9158396150        1.0820551625       10.4310583219       10.7018041990
       -0.3757686714        0.2113238082        2.5788073730        2.6183176084
        0.0010329688       -0.1363173281        0.7444824070        0.7568603142
        0.0842271744       -0.2253915466        2.5261119628        2.5375455099
       -0.0481432479        0.2099530614        0.3379894337        0.4007928612
        0.0506073977        0.1813691556        0.4893728831        0.5243488324
       -0.0599660095        0.3112982464        7.0647983279        7.0732847899
        0.0028175668        0.4976566672        2.9521526080        2.9938061257
        0.0274567968        0.0135910478        0.2467850347        0.2486794033
        1.5569738335        0.3274826716        9.6760424782        9.8069715124
        0.7575360624        0.2258521996       11.5933737080       11.6581102511
        0.2555986792       -0.1153010063        1.5518395205        1.5831331875
        0.1318507738       -0.2435745659        6.6582731100        6.6654927640
       -0.1080138196        0.3291826375       13.4165210403       13.4217191449
        0.4646358005        0.3591410291       40.4884008194       40.5035284909
        0.4271251242        0.0447644972       19.5432399538       19.5484563945
       -0.6904290081       -0.3120585253      102.7901921876      102.7930793511
       -0.2337826626       -0.1788571429       23.1997434095       23.2020304772
        0.3943063431       -0.1735105912       71.7186396920       71.7200693145
       -0.0040369716        0.1877085881       42.4668656473       42.4672806842
       -0.1624550233        0.2837469813       58.7227521862       58.7236624225
       -0.3428635045        0.5298714194     2574.2824267008     2574.2826750553
       -0.2797533128       -0.0960878981     1029.4964719341     1029.4965238889
        0.2184529990        0.2133218523      515.7007745620      515.7008838383
        0.3236973198       -0.3523977579      180.0965158611      180.0971515307
       -0.0172488528        0.1425708352       23.4779609914       23.4784002069
       -0.2399797914        0.3810128528       52.4756401935       52.4777577131
        0.0355128878        0.1112677934        0.1466960655        0.2337545884
       -0.0087539613       -0.0947360320        1.4795180769        1.4891289643
       -0.0463564818        0.1056412711        1.9953552270        2.0035546582
       -0.2696587087       -0.2487349200        3.2528352444        3.3110719466
        0.0027307893       -0.0190267311        0.1903800706        0.1913479683
       -0.0869633747       -0.1098722501        0.1453009891        0.2018586568
       -0.0828839688       -0.3324766028        0.0547421202        0.3740146097
        0.0047257428        0.0244240834       -0.0734600460        0.1596716373
        0.1745810143       -0.2408045061       -0.0011543959        0.3285520632
        0.0249775197        0.0760665884       -0.0003677479        0.0800633349
        0.3655474726        0.2396845892       -0.1303504423        0.4561413102
       -0.1865047970       -0.1857845862       -1.1555124293        1.1851197940
       -0.2982907896       -0.3566642352       -2.9829723525        3.0189916905
       -0.1119841989        0.2126377718       -2.5797214252        2.5946478950
        0.1995205180       -0.4397893890      -35.8270369580       35.8425745577
        0.1681312148        0.0125468070       -8.3855336176        8.3883895573
       -0.3314704217       -0.1266565014      -16.3052139657       16.3096718778
       -0.0782369488        0.2617193249      -20.7622337993       20.7644997567
        0.4196426353       -0.0693026491       -9.4463103509        9.4569107973
        0.3604265585        0.0764434380      -41.4980573479       41.4999276426
       -0.1757596082       -0.0300109339       -9.2174333537        9.2202141792
       -0.1222098387       -0.1099781465      -25.8532285375       25.8541280269
        0.4602077991       -0.0915845979      -57.8071867255       57.8090911196
       -0.1513163739       -0.1168866350      -20.0056157170       20.0065294178
        0.5603472762        0.6279447781      -11.7668079053       11.7976926465
       -0.1968057258       -0.1154096495       -3.3202835954        3.3645172009
       -0.8126710973        0.3640725351      -10.7737676617       10.8217694353
        0.0593492912       -0.0636666468       -0.6273516107        0.6485565578
        0.0312194806        0.0506192394       -7.0820256419        7.0836504672
       -0.1717105158        0.2724170955      -10.0619494873       10.0680684764
        0.2089637945       -0.4424467108      -14.1073333257       14.1165065900
       -0.0857289781       -0.1543775363       -1.6614493731        1.6766262809
       -0.5340775741       -1.1503780357    -2708.2365069273     2708.2368075082
        0.0778180101        0.3567950453      -24.6970728376       24.6997725716
       -0.0420725839        0.1157427221      -11.3404771975       11.3411458657
        0.2145656209       -0.1345342227      -15.8289631420       15.8316042080
        0.3327392720        0.2973537082      -27.9969337086       28.0008376932
       -0.0423942819        0.0229363812       -0.9658394215        0.9670414370
       -0.1307924401       -0.1399762635       -7.5711992742        7.5736225458
        0.2365778600       -0.1906339289       -5.0775867298        5.0866685932
       -0.0024783092       -0.0203955763       -0.0915736511        0.0938501738
        0.0992737324        0.0228227990       -3.6964486128        3.6978518766
        0.2359637275       -0.1049940725       -5.4963954003        5.5024599074
        0.1401829531       -0.1041835990       -4.3492671744        4.3527727297
        0.3955647344       -0.0733585951       -7.9237833569        7.9339898934
        0.4057786485       -0.4415090720       -7.5657272672        7.5894542395
        0.2055409717       -0.0224028190       -9.5303547437        9.5325972599
        0.2144532881       -0.2677167489      -10.0939564028       10.0997830834
        0.0041321376        0.0159568901       -0.4144701816        0.4147978162
        0.1091658174       -0.2228416830       -2.7313641236        2.7461619311
        0.0354976324       -0.0274693863       -0.2464334705        0.2867470826
        0.3687044853        0.0122020759       -3.7241390977        3.7753118198
       -0.0901760971        0.0563930464       -1.5579063324        1.5615325948
        0.0174864735        0.0456071341       -2.5881191832        2.5885800536
       -0.1671036396       -0.1347803194       -0.8988331256        0.9241159822
       -0.1167670205        0.0048269596       -0.7934433238        0.8020038308
       -0.0235145964        0.0006144249       -0.0502126029        0.0554492493
        0.1819547490       -0.0426250174       -0.6304744324        0.6575883459
       -0.3909384931        0.3018517924        0.7551840469        0.9023582186
       -0.3552354150        0.1720597599        0.7827555674        0.8766430512
        0.1871089619        0.0422899332        0.2433766650        0.3098877267
        0.3827376575        0.0730406156        0.8736282008        0.9565820818
        0.0221342907       -0.0065738329        0.2825903940        0.2835321373
        0.1564142682        0.1247713715        0.4824396859        0.5222847585
        0.1287782316       -0.4091758194        1.0783702294        1.1689186545
       -0.2564950889       -0.2606464573        1.0716497203        1.1408940417
       -0.3303714257        0.1578131319        1.2231038918        1.2843337489
       -0.3188065615       -0.2557073514        1.4006901596        1.4657546116
       -0.0993591260        0.0878224545        0.4374702548        0.4571271631
       -0.1191889717       -0.0219443703        0.2086117263        0.2412600645
        0.5897345042        0.4764231959       11.4280164242       11.4539864250
        0.0154754214        0.2925404084        4.1510574005        4.1637214972
        0.0510775367       -0.0792630352        0.5786774455        0.5863097556
        0.2069192770       -0.0353768710        0.7602484194        0.7886981485
        0.0375079488        0.0062012113        0.7270549499        0.7280482136
        0.0403891561        0.2183853105        1.7454750670        1.7595472820
       -0.0017156693       -0.0771051138        2.7916951596        2.7927602844
        0.0019415480        0.0537321537        3.6102322741        3.6106326297
       -0.1315317872        0.1540692671       61.9348233195       61.9351546181
       -0.0396506130        0.0863630944       11.7868851423       11.7872682210
        0.0381045633       -0.0155674825      851.1801058912      851.1801068865
       -0.0584646471       -0.1214210971      992.9650508434      992.9650599884
       -0.4081856611       -0.2803671376       16.9624846419       16.9697114440
       -0.0071913933       -0.0292697037        2.3480573761        2.3482508114
       -0.3388404753        0.0973857188        1.1728435478        1.2246872391
       -0.2392447897       -0.0011636744        1.1608490197        1.1852467549
        0.3370754456        0.0822810955        0.4009002523        0.5482616454
       -0.0072558945       -0.1832191046        0.2906155474        0.3708895652
        0.0254192043        0.0056867633       -0.0200978737        0.0328998443
       -0.1378228806       -0.0886827115       -0.2866338379        0.3301798401
       -0.0856377826        0.2234123020       -0.1045655413        0.2611146088
       -0.1826535985        0.3828635624       -0.0046237826        0.4242266185
       -0.4807666736        0.0661396036      -22.3023464872       22.3076258234
       -0.2818802603       -0.0639399836      -13.8660895117       13.8691017427
        0.0593584924       -0.0789288965       -4.4231695178        4.4242718932
        0.0206098308       -0.1816942817       -3.5630377489        3.5677269482
       -0.1395731062        0.0454062959       -2.1680026509        2.1729652271
        0.0077059366       -0.0318798451       -1.1163601720        1.1168418597
        0.0062342639       -0.0671230588       -3.8336503309        3.8342429801
       -0.0010916888       -0.1218614146       -1.7505109199        1.7547478101
       -0.1080006790        0.0539982154       -2.5208082630        2.5236985266
        0.0373784716       -0.0025757983       -0.5122818697        0.5136501717
        0.0739213199        0.0389779632       -1.8015849388        1.8035220916
       -0.0219043592       -0.0578478979       -1.5656771298        1.5668985465
       -0.0033687342        0.0048969148       -3.1137644236        3.1137700965
        0.2059305438       -0.2973680163    -1196.8667861741     1196.8668408314
       -0.0441821522        0.1898415703      -20.8384786328       20.8398575667
       -0.7184195084        0.3218615607      -54.6789286147       54.6847733440
        0.1445133351        0.0484924737        2.0823785218        2.0926097861
       -0.2526794375       -0.0008910687        4.8830734508        4.8915982872
       -0.0174280028       -0.1865522740        1.1262829032        1.1417612116
       -0.0350955288       -0.0085514843        0.0680876546        0.0770762786
       -0.0432842936       -0.1064261018        0.5611346331        0.5727758041
       -0.0289697533        0.0398828472        0.3606742537        0.3640272042
       -0.1772394532        0.0221538909        1.1681873355        1.1817640498
        0.0015227240        0.0522741619        0.4980967758        0.5008346082
        0.0930627689       -0.0793289613       -9.0955861433        9.0974788177
       -0.0374291445        0.3579343007      -22.0738965966       22.0772713134
       -0.2256045876       -0.1839929299      -14.6518713660       14.6554278388
        0.1781742035       -0.1970929504      -10.4049821585       10.4093095439
       -0.0583074884        0.1439923667       -2.6377037388        2.6422745085
       -0.3524958138        0.3356232977      -10.6166192051       10.6277702103
        0.0049004496        0.0593993681       -4.6344500464        4.6348332799
        0.0605915531        0.0475524226       -1.1653448875        1.1678875271
#SUBSTART
       -0.0509370766       -0.2648594918        0.1699801341        0.3480203544
       -0.1297912769       -0.2759003549       -1.0849520663        1.1355912787
        0.0652306638       -0.7129018550     -351.1482288035      351.1493054483
       -0.3015960543       -0.1458585900    -1775.2132355578     1775.2135151258
        0.3321354402       -0.7784940409       16.1079804654       16.1308053544
        0.1205175870        0.0887992391        4.0433635045        4.0761304179
        0.3359346105       -1.1972094597        7.3224773818        7.4436871589
        0.0829080855        0.4454470746      138.0455563491      138.0463704860
        0.0635918667       -0.8102026461       -2.2904744126        2.6056740151
        0.1106217095        0.1320705694       -2.9621959263        3.1124068322
       -0.0018439633       -0.4718247923      -51.6415441608       51.6438881683
        0.4661622821        0.1962812673     -362.7733571705      362.7737366268
        0.0736242344        0.1199625671     -474.0252419612      474.0252834056
       -0.5279208510        1.9793568219        7.4654355211        7.7982096123
       -0.1840205457        0.2223927891        1.3148372398        1.3461497246
       -0.2418259771        0.1126108279        0.9820526324        1.0176386267
       -0.3432639653        0.5376209196        3.5008498477        3.6801041632
       -0.0433748195        0.0869181779        0.8479556590        0.8648379785
       -0.2474910350        0.1869619687       -0.3144138998        0.4631873006
       -0.0085349151        0.1408985219        0.6999751635        0.7275783481
        0.1520002065        0.0764702116       -0.4289382098        0.4614539455
        0.1733493091       -0.2259847111       -0.3828318433        0.4971509607
       -0.0959267602        0.4924933501       -1.2143896645        1.3213529753
        0.3784688678       -0.1932081869       -1.5291462660        1.6632894574
       -0.0696769887       -0.8419189150       -2.5504064527        2.6903039235
        0.0831668918       -0.1394569942      -13.9935549151       13.9944969237
        0.0778797648       -0.0356675830      -18.9506642514       18.9508578435
        0.1820720753        0.1522757896       -3.9290654376        3.9387019631
       -0.0417205372        0.3011839377       -1.9958548491        2.0237017397
       -0.7373897127       -0.0373208856      -12.5400780707       12.5968839893
       -0.2383350455       -0.0646169635       -1.1634954204        1.2877660886
        0.1792952869        0.5302966663       -1.7512820170        1.8438627503
       -0.2256142409        1.6520027617       -6.4971132055        6.7731297566
        0.0732970521        0.1662615766       -0.3991221321        0.4602104203
       -0.1865785951        0.4311667249      -19.1970624959       19.2033175408
       -0.0219924106        0.0849892238       -6.1218168250        6.1240368923
       -0.1455436262        0.2365233100      -28.0888736498       28.1059121847
       -0.2220745715        0.1081062879      -64.6559168731       64.6632150652
        0.0924430469        0.2051632237      -16.4912413395       16.4933671022
        0.4955426067        0.3732759117    -3000.3753268557     3000.3754315990
        0.1126513862       -0.0245483377        0.1443817409        0.1847675372
        0.0059966329       -0.0762029902        0.2326345492        0.2448707593
        0.1893094751       -1.1165191621        9.4007603791        9.4697533551
        0.1187314507       -0.0326053653        1.1538247897        1.1687393625
        0.1403724833       -0.9133144463       13.4439292099       13.4763704349
       -0.1709321112        0.1187843393       81.7042925194       81.7045576673
       -0.1133306823        0.0656762364      113.5628793115      113.5629548520
        0.3720137596        0.0974798835      217.7876631441      217.7880474088
       -0.0348477710       -0.4069452150      126.6413037917      126.6420393259
        0.1870813130       -0.0872658414      171.0790486592      171.0792301382
        0.0001759466        0.9300268342     2738.2295230422     2738.2298417336
        0.2115435425        0.0493454778      808.2087014437      808.2087426864
       -0.3589168658       -0.0189310290      395.3654313613      395.3656193639
       -0.0114795002        0.0043740579       -0.0962817196        0.1700025462
       -0.3636800835       -0.2959082893       -3.8536325390        3.8845576903
        0.0390260714       -0.1831886651       -1.4836467165        1.5019215977
       -0.0732673208        0.3033048781       -3.1873277720        3.2025646404
       -0.1121431565        0.1815430329       -1.4354204019        1.4511945737
       -0.0367481226        0.1135322170      -36.1418108066       36.1422772962
        0.3366319959        0.0292486158      -69.7978579072       69.7988153539
       -0.1138643127        0.0706805253        1.0829135342        1.0911748443
        0.0241182684       -0.0209467974        0.1517293156        0.1550556171
        0.1098374573       -0.9261198239       -2.2014534518        2.3908491161
        0.1148698677       -0.3937049615       -1.1276685611        1.1999312759
        0.0048710519       -0.0390953243       -0.2080152435        0.2117132803
        0.1278272213        0.0627784565       -0.3430550188        0.3714400074
       -0.0004467411       -0.0135715786       -0.1391381485        0.1397991834
       -0.0128417412        0.3350564029       -3.1644927879        3.1822071441
        0.0679682184        0.1417600307       -9.8815485283        9.8953217397
        0.0774568048       -0.2061015582       -4.0313510566        4.0679164421
        0.0465569470        0.0517187205      -12.8783441615       12.8785321647
        0.0329029702        0.0016652131       -0.6586861407        0.6595095226
       -0.0286011647       -0.0132689891      -29.4065705378       29.4065874403
        0.0342840358       -0.1801742160     -571.1574379924      571.1574674397
        0.2700205327       -0.3038181850        2.5849056485        2.6166684523
        0.1151678658       -0.0400792085        1.0880523467        1.0948643247
        0.2003481998        0.5028468806      653.4857191343      653.4859433124
        0.1105639743        0.1222869810      263.2936914160      263.2937430285
        0.0132757308       -0.0182556346       84.2169361040       84.2169391290
       -0.0222402968        0.2068650237     1134.2148290558     1134.2148481385
       -0.2655273249       -0.1042250388       -0.0796661108        0.2961660145
       -0.8638890910       -0.4856221106       -0.0625385601        0.9929976170
       -0.0985666673        0.0646456069       -1.6232634805        1.6275376400
        0.0447239233        0.0509865319       -0.9601792828        0.9625716134
       -0.0427734480       -0.0708136968       -3.4481102734        3.4491025797
       -0.0385054305       -0.0600440521      -14.5159690301       14.5161442828
       -0.0048801588       -0.1261602670       -0.2173857834        0.2513897527
        0.0891232252       -0.0480893864       -0.0853168713        0.1324179251
        0.1231818473       -0.1647097198       -1.5403343912        1.5540055007
       -0.0259388277        0.0015196939       -0.1372863870        0.1397235997
#SUBSTART
        0.3513835747        0.0863842872        0.4305961478        0.7483225669
       -0.2394316678       -0.0964748384        0.4472757872        0.7143749070
       -0.0962470037       -0.6143451748        0.1102640111        0.6467777181
        0.0882349019        0.9428763691        0.8585895270        1.2858681916
       -0.5081978700       -0.3991755096        8.9858237983        9.0101118351
        0.2502257525       -0.4135313380       29.7060495929       29.7140815855
        0.4382471970        0.4828008138       -1.7885108790        1.9087713799
        0.0688331918        0.8906618148       68.2269956989       68.2329864389
        0.2401969212       -0.7619777158       81.0257680767       81.0351389683
       -0.3788060032       -0.2183419049       14.6955080966       14.7102945706
       -0.2081692618       -0.4040860307       11.4923038422       11.5021366428
        0.0882205793       -0.0110568982        0.0586545508        0.1755712586
       -0.3289355697       -0.0163956219        1.8133611763        1.8483035373
        0.0515791286        0.2470485053        0.2188255201        0.3620190100
        0.0901237096        0.2647083161        0.8978747819        0.9507111467
       -0.4248530210       -1.2417659758       -1.3072339742        1.8576391674
        0.1286987368       -0.0083646410        0.0407527810        0.1943551032
       -0.1564100953        0.3410265719      -45.1683850928       45.1726401275
       -0.1260660784       -0.1703210744     -575.6749638566      575.6750197751
        0.3196320210       -0.1425785036     -866.1344222912      866.1350012103
       -0.1587039488        0.6188909248     -143.1835567546      143.1850502588
        0.1802038877        0.0611284026      -47.6106990501       47.6112838930
        0.0178346007       -0.1592064747      -24.4440992312       24.4450226382
        0.9420648081        0.8497533301      -12.6900208445       12.7540454619
        0.0387810512       -0.1829012599      151.6305335483      151.6335517344
        0.4507642446       -0.2687987137      132.1349766666      132.1393593583
       -0.0908790077        0.0991418424        0.8937843745        0.9145591243
       -0.2746445694        0.3186459654        2.9409535285        2.9741641401
       -0.5603401564        0.8424524862        0.9343869277        1.6664743641
       -0.4970156516       -0.2495409175       -1.9796930523        2.0610578821
        0.1187721030        0.5876354550       -7.3825738961        7.4081913688
       -0.0218581490        0.0688815068       -3.0486183702        3.0526670622
        0.2525240870       -0.4960841087       -9.6546520989        9.7162218373
       -0.3239554754       -0.1433068940       -2.2427707428        2.4567977560
        0.1839998331       -0.2738257098        0.0774495534        0.3664896671
       -0.2857045623        0.3379413295        0.2323627567        0.5189447704
        0.2506682559       -0.0726082590        0.3355672535        0.4474278716
       -0.0376138396        0.0776708370        0.5555060479        0.5792359744
        0.1717120796       -0.4044677745        2.7103949833        2.7457822536
        0.0699124145       -0.0808089112        0.3817150550        0.3963889618
        0.4451863718        0.6987070109        7.1426676041        7.2074769410
        0.2565954670       -0.0562772464        1.4859873092        1.5154690463
        0.1777284803       -0.2353512404       29.2371014675       29.2389219983
        0.1789671712        0.2193490468        8.4557455846        8.4604832394
       -0.0210440465        0.0053343587        0.9150385374        0.9152960353
        1.2368367824       -0.8910283844       -8.3349804990        8.4875931622
        1.0529050908       -0.1832613604       -5.0578894662        5.1714523583
        0.6775419726       -0.5864847002       -2.3027461708        2.6435693939
        0.0199983460       -0.0627587948       -0.2924209245        0.3306484268
        0.2366324956       -0.3284748100       -1.7559709639        2.0316680973
        0.3514193699       -0.2543253733       -1.3133852470        1.3901933538
        0.1728712083       -0.7057742283        0.2073525280        1.2057315504
        0.0517370079       -0.1129449967        0.2762285800        0.3334895854
        0.1222946120        0.0289346910        0.2196535496        0.2530629770
        0.1454885863        0.0162924103        1.7788962193        1.8519030997
        0.6854447280       -0.2328609130        1.2249170321        1.4296713610
        0.2132316179       -0.9154663652        1.8533504135        2.0827707337
        0.0464755619       -0.1147566085        2.0207004633        2.0244899159
        0.7726530146       -0.4068852434        7.7178455675        7.7670900913
        0.3269458017       -0.0860636289        2.6983095198        2.7194070622
        0.1268780430        0.2180718314        6.8290603940        6.8351444031
        0.6455361591        0.5313835850       15.0169463080       15.0408524243
        0.5596353138        0.1161023227       17.6030417569       17.6128711547
        0.7680020692       -0.1127127811       32.3480580258       32.3709706370
        0.6983703179        0.5935546092       89.9948101485       90.0043678519
       -0.1062699011        0.1869527399       20.6927868264       20.6943748648
       -0.1307433841        0.0736303268      121.9641081117      121.9642004144
       -0.0899043048        0.2142744765      137.4759291889      137.4761255734
        0.1583710439       -0.1596163519       66.4787949287       66.4810076254
       -0.0547152709        0.3262564991       30.8900990872       30.8921857185
       -0.1030840496       -0.0145927889       14.0778153835       14.0788921804
       -0.3814800376       -0.4953111690      333.5073438232      333.5079590114
       -0.2517675119       -0.6024863461      376.4509881756      376.4515803591
       -0.1763305492       -0.0421270053        2.5729633647        2.5831158333
       -0.3895841814       -0.2476009491        6.3130903830        6.3314826094
       -0.2550797052       -0.0598126234        8.1363865785        8.1418001415
       -0.2221070476        0.0151249759        0.3814421288        0.4631826724
       -0.9161630148        0.5499367145        5.0748116663        5.1879647544
       -0.0762149093       -0.2521347467        4.6077573416        4.6173897547
       -0.7777770833       -0.0674658849        4.4260742327        4.4965655489
       -0.1122568541       -0.3432704188        0.2153668070        0.4204985651
       -0.9785147782       -0.3390581542        0.7480054023        1.2774833404
       -0.4740289086        0.1117179975       -0.2792147622        0.5784677912
        0.5639903520        0.1294667741        0.1248072592        0.6081968428
       -0.0084708087        0.0041157778       -0.0236083139        0.0254174489
       -0.8072015961       -0.9749667678       -3.3431144853        3.5747096493
       -0.0283360821       -0.1356588674       -0.9180536692        0.9388868869
       -0.1311486095        0.0017617580       -1.4393881292        1.4520747339
        0.0071001260       -0.4130757745       -2.4092590496        2.4484057997
        0.3246640651       -0.2998738615      -15.1699075117       15.1843691328
        0.1855192498       -0.0002007397       -1.3540292659        1.3737876365
        0.1641733496       -0.6556734698       -6.0895820554        6.1285683469
       -0.1322846352       -0.0809387546       -4.9906636671        4.9950229158
       -0.2211364576       -0.5250485379      -37.9757233733       37.9802530641
        0.1104229890       -0.1018287038      -14.8745442884       14.8759574446
       -0.4857614264        0.3019904732      -54.8090275897       54.8121897712
       -0.0385357965        0.0592827995       -5.1775114233        5.1779942059
        0.0896591469        0.3006854457      -16.3528825991       16.3558925101
       -0.3652418169       -0.6842401798     -217.3140789752      217.3155079299
       -0.0034234873        0.1969739181      -19.3594067330       19.3609121501
       -0.0290826310       -0.0221466697       -8.4786081241        8.4786869264
       -0.2577155050        0.0778430860     -165.2421020747      165.2423213795
        0.2126398737       -0.2250677107     -279.3267159726      279.3269224529
        0.1081640021       -0.1688561687      -84.4485575381       84.4489109575
        0.1834010756        0.0865142133     -473.1517199256      473.1517839647
       -0.0488719920        0.0721643079     -221.7981217409      221.7981827783
       -1.7448455566        2.4921877129     -616.8193555961      616.8268739309
       -0.4194674477        0.4334598557      -79.7555558049       79.7579588626
       -0.2405230503       -0.0328744566      -26.5858463022       26.5873209530
       -0.6034955259       -0.5141579264      -31.2385200705       31.2488908796
        0.1638126043        0.0101811828      -10.5332319494       10.5354351268
       -0.1401235635        0.0774205777       -1.0673152115        1.0792545203
       -0.0764670415        0.2015020117       -4.4632576682        4.4684582668
        0.1004790435       -0.0916098374       -0.3248806156        0.3521871872
       -0.1064736351        0.4738688694       -5.2841534501        5.3082620328
        0.3218016390        0.1968768848       -9.1562298793        9.2119060459
        0.1353904184       -0.0260064587       -1.2436441750        1.2590224463
        0.6100942143        0.6575841496       -8.3789476071        8.4790439704
        0.2440437200       -0.0330929644       -1.2553184594        1.2868398117
        0.0514526277        0.2190608661       -1.5701180420        1.6611883282
        0.1372299060        0.7254283299       -3.3552051347        3.4383076636
        0.2249887106       -0.1520320231       -0.5965768782        0.6701622285
        0.1695471797       -0.3391619865       -0.2457642903        1.0414066346
       -0.2556074022        0.0614822381       -0.0548780131        0.3026658073
       -0.2632482254        0.0670017819        0.4434716970        1.0738937554
       -0.0644068099        0.2659118756        0.1505389224        0.3420513336
       -0.3570493913        0.0031080420        0.1813753305        0.4241116871
       -0.0864124590        0.1621691599       -0.1595860487        0.2805591583
       -0.9306299732       -0.3204726026        1.7361986340        2.0006599706
       -1.4872367863        1.2030974562        3.5849514878        4.1706097519
       -0.7031097587        0.6300072817        1.2064951069        1.5383051504
       -0.2161833966        0.3903551137       10.4084767637       10.4189721519
        0.0803149198       -0.0314024289      268.6716585303      268.6717086219
       -0.1581949575       -0.2312517393     1476.8147189483     1476.8150435840
       -0.1128636898       -0.2129492528      384.6157144328      384.6158152677
        0.0461300467       -0.1554289250     1722.9398811202     1722.9398944016
       -0.0998121208        0.2192375613      604.2849937145      604.2850578460
       -0.1306452713       -0.0419120639       -0.1385822216        0.2398116449
        0.0670971285        0.2300405729       -0.2102272170        0.3479884444
       -0.0658102562        0.0504672667       -0.0541361008        0.0990386401
       -0.0328327591        0.1792983550        0.0355750233        0.1857187994
        0.3790254689        1.6577306248        3.3185232279        3.8454023625
        0.0790284068        0.0732545670        0.6390348988        0.6629156112
        0.4044764321       -0.1037192791        0.2540253546        0.5082986707
        0.3155650118        0.0137480471        0.4594672070        0.5747696796
       -0.2368070353       -0.0717572765       -0.0776267413        0.2945036070
        0.0150794557        0.2493484796        0.0538285482        0.2911689402
        0.5242711188        0.5212543040       -1.3586428394        1.5530474575
       -0.1894719837        0.1388649068       -1.0339703461        1.0694660146
       -0.3230259180       -0.7345551608       -4.0749313721        4.1555339609
       -0.5041837063       -0.8320104728      -10.0061700444       10.0543205330
       -0.4430443258       -0.1303902894       -2.1797648253        2.2325197381
       -0.2655783851       -0.0905889652       -0.9675911081        1.0170794348
       -0.3808833270       -0.0313661032       -3.4652636450        3.4890669032
       -0.1074870207       -0.0080526398        0.0037284190        0.1763859140
        0.1188952262       -0.1178720167       -1.9654917259        1.9775407446
       -0.1168153378       -0.2905825802       -0.2873425139        0.4473584293
        0.2049314285       -0.2479883935        0.2698296068        0.4198846870
       -0.0115063078       -0.0023845109       -0.0063955375        0.0133784869
       -0.0372355634       -0.0566035911        1.2681726633        1.2699812430
        0.0095869995       -0.0500175566        0.1409128402        0.1498335578
        0.0651788088       -0.0161068207       -0.3786984860        0.3846040173
        0.0880974512        0.1266280344       -1.7199246665        1.7268285029
        0.5861372256       -0.6143882111       -6.2493026180        6.3263329316
        0.0316062155       -0.0701959191       -0.0816668505        0.1122314323
        0.0700243700       -0.0096230070        0.0371710422        0.0798605098
        0.0811806041       -0.1901402898       -0.0263621421        0.2084192477
       -0.0030988249       -0.0110203230       -0.0589043005        0.0600063901
       -0.0027336410        0.0395970907        0.0654290850        0.0765269074
       -0.0803960589       -0.0443262239       -0.0079819519        0.0921523303
        0.7791232530       -0.2180356777        1.5238053207        1.9639006717
        0.0454966914       -0.0416899157        0.3516787782        0.3833611169
        0.2095421580       -0.2994765104        0.9330361334        1.0020731123
        0.1476283312       -0.0694285574        0.3343999962        0.3720723132
        0.5711175696       -0.2783425159        1.4917671457        1.6214250064
        0.0388355179       -0.0696716584        0.1901792717        0.2062292239
        0.2132034763       -0.2607602674        0.5536634459        0.6480700970
        0.0014997178       -0.0745293339        0.2221850392        0.2343566991
        0.9662601153       -0.7349221488        7.1749592229        7.2782751260
        0.2981093263       -0.1352674214        0.8619324895        0.9325094354
        0.2706155557        0.1954741305        7.3065204295        7.3141427182
        0.2527854008        0.3085378940        6.7006701520        6.7125313092
       -0.0484253203       -0.1535503692        1.0508531019        1.0631156895
       -0.0073954533       -0.0316416273        1.1277327544        1.1282008025
       -0.0361965680        0.0967665602        1.8918128213        1.8946318137
        0.1201730013        0.2366800895        4.2592436700        4.2675069602
       -0.1022789177        0.1157269997      111.9907956587      111.9909021572
       -0.0385313296        0.0033758186        6.5748743822        6.5749881521
        0.0262426582       -0.4107163889       21.5650881072       21.5694664163
        0.2220230408       -0.1883020242        7.2028256603        7.2100575005
       -0.1632574252        0.2417854378       21.7088366894       21.7310619664
       -0.0324910742        0.0813730435        6.9821019527        6.9840464421
       -0.0050033700        0.0490308675        0.2916829212        0.2958174879
       -0.1734647770        0.1735972586        3.9232654003        3.9309334054
        0.2533262048        0.2469523288       -2.3632817914        2.3896151247
        0.0196764305        0.0160780510       -0.0419359201        0.0490335297
        0.2930993519        0.0841211651       -0.8909584177        0.9416955466
       -0.0141795796        0.0136312697       -0.0471636871        0.0511007375
       -0.1453322307       -0.0139368720       -1.2076737231        1.2164668163
       -0.1630557917        0.0003257640       -3.1463672485        3.1505894940
        0.0095116858        0.0180053813       -0.1189006657        0.1206318127
       -0.1769584512       -0.0276514653       -0.2729277487        0.3264482394
        0.1896578048        0.4085830995      -45.5044755719       45.5094263064
       -0.1524816922        0.0190522875      -11.2835849965       11.2846313201
       -0.0360013212        0.1013039258       -8.1518479826        8.1525569064
        0.0541654450       -0.2255027699      -46.9986165450       46.9991887434
        0.0908246117       -0.2086991583      -80.2573434400       80.2576661790
        0.0573497401       -0.0666658658      -64.6668414856       64.6669012792
       -0.0386824311        0.0160515455      -10.9807010116       10.9807808779
        0.1910298306       -0.2779106293     -391.7005768967      391.7007220671
        0.1300084946       -0.1303620513     -354.3333990162      354.3334468475
        0.0251052219       -0.1885166599     -285.6351653452      285.6352286582
        0.0869150029       -0.1962836236     -585.1473153807      585.1473547566
       -0.4971768159        1.2021426904     -241.3635377853      241.3670435334
       -0.3171213084        0.7550579181     -133.3462899279      133.3488047038
        0.0298209664        0.4932502680      -92.0747424137       92.0760684199
       -0.0918700286        0.8593316264     -142.5516850893      142.5543047850
        0.0022881145       -0.0183777781       -2.9930200237        2.9930773195
       -0.3489039330       -0.2466578632     -200.3801401872      200.3805957559
        0.1115025753        0.2281227797      -18.2499967926       18.2522967196
        0.1880057745       -0.0933137134       -6.5186782948        6.5235496561
        0.0514040776       -0.1979955194       -3.6573958348        3.6631119144
        0.0465743616       -0.0353700208       -0.3814593489        0.3859163697
        0.2128325537       -0.0942725555       -0.0134117086        0.2331627855
        0.1240031763       -0.0162884840        0.0893528319        0.1537076153
        0.0120010760        0.3680152047        0.4202785963        0.7482571377
       -0.3442075736        0.8041751857        0.7264554852        1.1370638307
        0.0076321592        0.0019066994        0.0015007169        0.0080085896
       -0.0167925223        0.0279474618        0.0080812496        0.0335910110
        0.1810677361        0.2432940014        0.3580630615        0.4692405057
       -0.5266418094       -0.6322139825        0.6574217017        1.0532091003
       -0.2982095941       -0.2345215137        0.2467416052        0.4525601862
       -0.3724109473       -0.3054553985        1.9831696794        2.2467190916
       -0.0436926025       -0.0291551658        0.1958170811        0.2027397259
       -0.3107149439       -0.2210414708        0.5131845065        0.6393445440
       -0.3876987808       -0.0238519199        6.6548850022        6.6847624550
       -0.0000806122        0.0857601813       14.7877350752       14.7879837527
       -0.1944682679        0.1308906987       47.2761395375       47.2767206969
       -0.2261926949        0.4047311087        0.5617003127        0.8821298520
       -0.0927429169        0.0857225751       -0.0123488268        0.1268940584
        0.0095444890       -0.0370200596       -0.0157182661        0.0413357711
        0.0520036366        0.0216514984        0.0463238464        0.0729319159
       -0.0356572397       -0.0504258695       -0.0269616210        0.0673879519
        0.1207138060        0.0316860843        0.0132839635        0.1255081455
        0.0483281031        0.1503209370        0.0156791213        0.1586752170
       -0.0004292783       -0.2162291731       -0.6127388926        0.6497724141
        0.1326266003       -0.1931440529       -0.6109146182        0.6543020029
       -0.1128137064       -0.2122895578       -0.8568156382        0.9007811119
        0.1681673440       -0.1731319996       -2.4547336051        2.4705165051
        0.1826472912        0.0559993044       -0.0106887589        0.1913379331
        0.2113169464       -0.0797999001       -0.0268818269        0.2274763911
        0.0378914183        0.0495242267        0.1091709586        0.1257247263
        0.0472951004        0.0243294952       -0.0365668762        0.0645436851
        0.0337805991       -0.0320483379        0.0883461283        0.0998662266
        0.1997591503        0.0075575967        0.0587808887        0.2083651321
       -0.1238906915        0.3094257544        0.2326753235        0.4064861709
        0.0285115833        0.1523117308        0.1488429769        0.2148627597
        0.0337604191       -0.0011512632       -0.0444313839        0.0558143277
       -0.0853958386        0.0842971209       -0.0137632047        0.1207802949
       -0.0906088516        0.1313208263       -0.0807469672        0.1788160958
       -0.2982407157        0.1338396349       -0.0802725363        0.3366069703
        0.0842579992        0.0465765645       -0.9480490171        0.9529248269
        0.1753075370       -0.0330739435       -0.8162876861        0.8355550280
        0.0233613671        0.1374946930       -1.6842967976        1.6900610186
       -0.0104885032       -0.0039609901       -1.4305331671        1.4305771005
       -0.1568064396       -0.2921406838       -3.9731468285        3.9869575066
       -0.0189382543        0.0049192561       -0.0786708200        0.0810675921
        0.4072918690       -0.3850262714        0.7891977184        0.9779799179
        0.3576534236       -0.4609440474        1.7453730619        1.8455872497
       -0.0109044807       -0.0489811159       16.1431782388       16.1432562300
       -0.1348219263        0.0621136559       40.9312911311       40.9315603015
       -0.0466158917        0.4899579310      255.1024573732      255.1029321464
       -0.0294563013        0.0099071009       17.3387371998       17.3387650514
       -0.4092977643        0.2592610266        5.6280044295        5.6505446271
        0.0390781913        0.1223951497        4.2729081893        4.2771172367
       -0.2960106623        0.1327471298       -1.4325253415        1.4754161283
        0.1321383114        0.0286037763       -0.7034850307        0.7298285296
       -0.0742082503       -0.0637583434        0.0862751249        0.1304430448
        0.0139318062       -0.1172677077        0.2820643613        0.3057876950
       -0.0377906757       -0.1980415706       -1.3148594040        1.3302269924
        0.0923925970       -0.4442223395       -2.3801195057        2.4229813743
       -0.0624540441       -0.1397797130       -1.1614842197        1.1715308226
       -0.1304726959       -0.0219842154       -1.0945031652        1.1024715909
#SUBSTART
       -0.1734802534       -0.6041668205       -0.1421520806        0.6593936186
        0.4443987084        0.1415820509        0.5326604713        0.8630781116
       -0.0787821948       -0.0818522167        0.7012006802        0.8650027592
       -0.0905139288       -0.5927715090       -0.6316011141        0.8820264086
       -0.5943964647       -0.3576600087     -103.3205943620      103.3241021646
        0.0223434023        0.1266335828      523.8052686327      523.8053030110
       -0.0575108692        0.5959050182       -2.7909402527        3.0046810776
        0.3069975221        0.1023654814        1.4141896532        1.4574423935
        0.0592643018       -0.2362899846        2.1181056544        2.1366320606
       -0.0508582763       -0.3792723507        2.6871176324        2.7178143858
        0.9616613368       -1.2990970152       15.4607226708       15.5456061596
       -0.1830107530        0.1251128457        1.6697175951        1.6901428318
        0.1940028217        0.5105226357        0.7085770749        0.9054455878
        0.0657422154       -0.4273219204        1.3012054987        1.4572929603
       -0.0997198286        0.1260492435        0.0580357083        0.2206363169
        0.5213862652        0.5884167570       -0.7804661353        1.1165505321
       -0.3223707327       -0.4524102880       -2.8138441856        2.8715495544
       -0.1316881238       -0.1507365427       -5.4327603602        5.4588084193
       -0.1414872979        0.0368425353       -4.1659346682        4.1976217848
        0.0491209552       -0.0766561171       -6.0326205865        6.0534652167
        0.4435705326        0.0278006940       -6.4770933992        6.4938237105
        0.1889086076        0.5401954372      -13.9149142356       13.9266771255
        0.2680073416        0.2273877454      -25.9716436074       25.9743967125
        0.5801820870        0.1288392377    -5204.6451886675     5204.6453074078
        0.0974608350        0.0542162049        0.1249135093        0.2179935342
        0.4607558325        0.8695076077        3.3822885311        3.5252935919
        0.0528442804       -0.2863591633        2.7110654417        2.7302288737
       -0.1251166711        0.0155063756        0.9371201624        0.9558078325
       -0.2564335475        0.2159304535        1.8392774016        1.8747813925
       -0.0230738398       -0.0027189269       17.7405780807       17.7411423030
       -0.1046715048        0.0107004547      122.5364074007      122.5365320592
        0.2123350858        0.0998350989        3.9711557758        3.9780813756
       -0.0010632646        0.0302179597        0.1680133022        0.1707124053
       -0.0596022320       -0.4832071644      172.3906884120      172.3914324221
       -0.6495453516        0.0584863024     3650.9960390211     3650.9962178326
       -0.1740655122       -0.0806533981      551.7780176316      551.7780686336
        0.1299177805       -0.3327717024      626.3304378584      626.3305552847
       -0.1680372555        0.4438737410        0.2109428577        0.5378076713
       -0.5363354113        0.0029591480       -0.4613330325        0.8626317620
       -0.0497901576        0.2899353359       -0.0676833640        0.3325693634
       -0.1279344345        0.6757355112       -0.2080739530        0.8717347248
       -0.2475285333       -0.0770208859       -0.1701051824        0.3400266896
       -0.2310754579       -0.9986128508        0.2013776147        1.0538767583
       -0.2412693537        0.5685249332       -1.0634730503        1.2376939098
       -0.1011573295        0.0505398783      -11.3515882563       11.3908600912
        0.0520423101       -0.0672655598       -1.3867686645        1.3963667754
        0.2313286717        0.1176001878      -10.4576544974       10.4618048219
        0.1391125635       -0.1956243934      -29.8690528923       29.8703435145
       -0.2009385373       -0.0156450475      -19.1777952390       19.1793621134
        0.0535340978       -0.1883255548      -43.5964076343       43.5970706678
        0.2279978612       -0.0617316098      -27.2323609417       27.2333853253
        0.2536002229        0.0568476880      -38.7283576421       38.7292296643
        0.0776591667       -0.0580536110     -101.2558722941      101.2560149077
       -0.2258733262       -0.7381644083     -117.4678617981      117.4704811459
       -0.1689065502        0.1150742064       -0.0626991002        0.2553085540
        0.2401454328        0.0554121902       -0.0853807601        0.2958208897
       -0.0072941971        0.3797417417       -1.0431272235        1.1101222455
        0.0367663270        0.2501462116       -0.4469108255        0.5134726632
       -0.0724928974       -0.1153778103       -1.5979547385        1.6037539105
       -0.0671331855       -0.0804901441       -3.5882366067        3.5897670500
       -0.1546711308        0.0146859195       -4.1777297713        4.1806177625
       -0.0365854078       -0.0692633348       -1.2711935789        1.2736047333
       -0.0609984921       -0.0764320590      -13.5441712044       13.5445242180
       -0.3339793544       -0.0896602029      -32.6346811914       32.6365132578
        0.0939780897       -0.1198445091     -399.2274933145      399.2275223638
       -0.0001960881       -0.0946678667     -601.0634071431      601.0634145982
        0.0976934242        0.1191038860        1.1753632392        1.1854148999
        0.0904562731       -0.0271725062        0.8370557516        0.8423675052
        0.1290435611        0.2429608757        1.4765722921        1.5019813453
        0.0879582657        0.5046377586        3.2812641836        3.3210074626
        0.0145036523        0.0123537927        6.7250561883        6.7250831748
        0.1227715488       -0.2164119558       27.8873284417       27.8884383680
       -0.0965883056        0.1453065644      160.5906474174      160.5907422028
        0.0020149626        0.1023885242       42.6336715583       42.6337945533
       -0.3228813408        0.0186734444      713.9731362588      713.9732095116
       -0.1271526455       -0.0804418439      330.6858342898      330.6858685197
       -0.0031595986       -0.0327052276        0.3487370793        0.3502815517
        0.1927768334        0.0163487302        1.0155757844        1.0338396212
        0.0261850537       -0.0352144032        0.0216618444        0.0489381930
        0.1094173635        0.0558621251       -0.1016963366        0.1594831694
       -0.0084439985       -0.0679023673        0.0322318056        0.0756367760
       -0.0684326877        0.0544960496        0.0432654693        0.0975948410
       -0.1259573171       -0.0143346254       -0.4511619109        0.4889760546
        0.1377687227        0.3693423903       -0.7420435084        0.8517642722
       -0.2802526561       -0.1529295678      -14.3956013798       14.3991412275
       -0.1589627168       -0.2036933693      -14.7604705739       14.7627318508
        0.1115740216       -0.0143871725       -5.2956564841        5.2968512676
        0.0056657821       -0.0522380541       -0.7621266101        0.7639357861
       -0.3279092480        0.3435085073      -56.5342112437       56.5362057758
       -0.1787150844        0.1136784234      -35.7344525606       35.7350802668
        0.0259034502        0.1418016086       -1.4082850397        1.4225066688
        0.0312634471       -0.2088360572       -0.6664225938        0.7128735936
       -0.0507776495       -0.0704892619       -6.8536448739        6.8541954424
        0.0017364223        0.0182842508       -0.1505630033        0.1516790921
        0.2599755299        0.0628337163      -13.8705334856       13.8731119265
        0.1870480262        0.0921703262       -6.4185287169        6.4219150744
#SUBSTART
       -0.1039065923        0.0051110575       37.9336431352       37.9340425475
        0.1039065923       -0.0051110575        0.5220210047        0.5502803077
        0.1034556933        0.3673674817    -2882.4625129511     2882.4626909261
        0.4232895108        0.4152906349    -2175.8930370949     2175.8931223748
       -0.1411130628       -0.3963674436       -6.9145578872        6.9287524567
        0.1517250416        0.3954868301       -1.8422058821        1.8954241262
        1.1065101142        0.2749451166      -10.2224525153       10.2976762348
        0.3962337478        0.1346423045      -12.2245997474       12.2417159613
       -0.3096747287       -0.1012363756       -1.7799566916        1.8756422967
       -0.3998973155        0.1328527280        0.9435873110        1.0427868951
        0.0996720735        0.1357040248       -0.0345750576        0.2214166301
        0.3664551199       -0.5493840302       20.9586439962       20.9900267012
       -0.3802947715       -0.0339800129       37.7033098950       37.7169153880
        0.2034489154        0.5002362111      142.2573944596      142.2584879224
       -0.3106042504        0.2462147367     1287.4155349562     1287.4156035341
        0.1628871932       -1.0632061761      907.2064559011      907.2075787376
       -0.5609124055       -0.2393434827        0.3113120613        0.6987868157
        0.0175247922        0.2683783832        0.4695669622        0.5588443359
        1.1220437970        0.5833688799       -0.6077705844        1.6886321093
       -0.1326592342       -0.1950979122       -3.7135707186        3.8378458717
        0.4649766782        0.4590134083       -1.0238500172        1.2225568547
        0.4094962442       -0.1448258130       -2.7242652115        2.7622024577
       -0.2614016343       -0.0546712323       -4.7177679129        4.7510309195
       -0.0389861985        0.8817123334     -241.6885697156      241.6920023880
        0.7370695954       -0.6471947066     -438.8132699339      438.8153721036
        0.0027705361       -0.2894844961       -1.5913639365        1.6174820332
        0.0069707551        0.0112204726       -0.1978958306        0.1983362050
       -0.0605733521        0.0262848931       -0.3766114468        0.4070331600
       -0.9279145314        0.1252598721      -10.6178694360       10.6599881125
        0.5999660866       -0.5149943295       -4.8225776712        4.8889583394
        0.6419844727       -1.0834346584       -8.4814921860        8.5756145091
        0.0638010032        0.2587692383       -2.7176651062        2.7342669038
       -0.0632748766       -0.4452752965       -2.8247544265        2.9026112950
        0.1886979313        0.0553675578       -1.7820037420        1.7982462560
        0.4034994338        0.0684907907       -2.2310359963        2.2682646227
        0.5555470663        0.2060544347       -2.6328824834        2.6987332481
       -0.2506615571       -0.3669370219       -2.6645504144        2.7049552103
       -0.2472580843        0.1274218453       -0.0907360477        0.5738003810
        0.4137344322        0.2032217605       -0.1844874201        0.5157428210
        0.0877180488        0.0017347943       -0.0511241690        0.1015438145
        0.1899687547       -0.1670324770       -0.3344824477        0.4193643809
       -0.9478307825       -0.3695990951       -0.7087243369        1.2477005466
       -0.3216864310        0.3585487666        0.5641095059        0.7548103719
       -0.1082089695        0.2384215269        0.4677429161        0.5539108467
        0.2407833089       -0.1970657345        0.4922551973        0.5988375988
        0.1721983140        0.1365870249       -0.0675218218        0.2689744524
       -0.0780196050       -0.2124420431        0.3486728024        0.4384873869
       -0.3187790217        0.4238260521        0.9355522532        1.1832783129
       -0.4180636942       -0.3091524746        0.6595230849        0.9741479172
       -0.0057599471        0.1057756440        0.2457744754        0.3018386018
       -0.1818004317        0.2481281858        0.1997776840        0.3924409528
        0.1337357285        0.0564103971        0.2281081205        0.3042704020
       -0.4834817121       -0.6207110617        0.9215502538        1.2197423676
        0.0083982759       -0.0143388489       -0.0618281712        0.1535533825
        0.0613117494       -0.0938097722       -0.0262954669        0.1809161144
       -0.1182343544       -0.7619446561        0.5949061311        0.9738851710
       -0.1458008411        0.0574592875        0.1636242427        0.2265664312
       -0.2680402121       -0.1111101158        0.5714457284        0.6559123558
       -0.1630883591       -0.2669096387        3.3679510266        3.3853230969
       -0.6383325092       -0.6548783764        2.3345166573        2.5111315952
        0.0274365592        0.0580202893        6.7840576090        6.7857966773
        0.2268176806       -0.1984675096        6.1102538196        6.1192742329
       -0.1849019690       -0.2966372399        9.6386204680        9.6459663436
       -0.1468270345        0.7480774698       10.9211651245       10.9588624736
       -0.0041426521        0.2284397826       11.1371480988       11.1403657685
       -0.0271887007        0.1067016442        3.0696058649        3.2120704253
       -0.3348621699        0.0254219873        2.7377217740        2.8020600318
        0.2474702119       -0.0717134448        0.7921330295        0.8445938937
       -0.0120867789       -0.2521130103        0.2865576135        0.3818668957
        0.1091019451       -0.2104094790        0.3399961895        0.4144548132
        0.0340184432        0.1320421419        0.0514899758        0.1457518416
        0.6135930141        0.8937962796        0.4662534848        1.1801527395
        0.0368112000        0.6434021832        0.6341470437        1.3039385306
       -0.1522087245        0.1442942087       -0.1156828694        0.2772194539
        0.7879368308        1.1240806020        0.1563957485        1.6708240674
        0.4606761494        0.5314601126        0.2408973797        0.7564282506
       -0.5920719378        0.0604711208        0.5583672734        0.8279249561
       -0.6474928874       -0.6703616379       19.4889211831       19.5116929156
       -0.0478520576        0.2350259357      412.2824708696      412.2825406361
        0.0788380057        0.1776706681      385.2613040814      385.2613531160
       -0.2964233868       -0.0254668328      974.2100070225      974.2100624496
       -0.0852523310        0.0773462890       65.9798970457       65.9801450768
        0.4409343342        0.3117100979      933.3545773441      933.3547439828
        0.1073993289       -0.1328245249      175.2940498079      175.2941885939
       -0.6293620655       -0.4818051760      126.6400829780      126.6426402493
        0.2167947516        0.0817237799      109.8111896095      109.8115227195
       -0.1180107168       -0.0472207866        2.8662901789        2.8724998706
        0.1850697253        0.2411865730        3.6587042026        3.6739648873
        0.0934140245       -0.4062675746        1.7987426855        1.8516842484
       -0.1513943519        0.0578420144        0.4485903519        0.4969698554
        0.4440681710        0.3096166890        3.8728514427        3.9129933704
        0.3728657612        0.1979906872       -0.0492209489        0.4473607882
       -0.1552187472       -0.1080082267      -17.1017877168       17.1034026302
        0.0498557590        0.0123088693       -3.7247487643        3.7251027452
        0.1750868784        0.3270039615      -46.0428202437       46.0443143395
       -1.0532051166        0.3027144018     -173.7614219882      173.7648774879
       -0.0899923848        0.2418175494      -30.7830451748       30.7841265078
       -0.0115458851        0.0398428159       -4.7958709859        4.7960504095
        0.0323371416        0.0212456978       -8.5915803861        8.5916675099
        0.2022442611        0.0346197511      -11.7742272909       11.7760150121
       -0.2370913767       -0.2248721240     -133.7537431868      133.7550531279
        0.2023546551        0.0181372237     -196.9018849706      196.9020392508
        0.2040566843       -0.1974873361     -125.9760498977      125.9773369665
       -0.1681111823       -0.1788885259      -24.7525603703       24.7541711060
        0.1934901133        0.2544818011     -101.7165589969      101.7171571239
        0.4431634221       -0.8048983472       -3.4464391011        3.5668189814
        0.5239966650       -0.6821225560       -3.2543208416        3.3660760281
       -0.0580010022       -0.1766229554       -1.8728430707        1.8820470111
       -0.0327618734       -0.0629395750       -2.1664999530        2.1676615918
       -0.0127584669        0.0096437241       -0.3558998427        0.3562590040
       -0.0192497129       -0.1497355481       -0.5145898226        0.5362778863
        0.0672581358       -0.0552225762       -0.1369944864        0.1622981178
       -0.0193951643       -0.0472293832       -0.3902059210        0.3935320163
        0.1980909280       -0.2636747290       -2.4542451812        2.4763044619
        0.0050794673        0.0139014216       -0.0495400322        0.0517036295
        0.1636916316       -0.3521738423       -5.6301432367        5.6435214389
        0.1599063552       -0.2376317754       -2.8619667973        2.8762636966
       -0.0224755734        0.0120320984       -0.6123148647        0.6128453446
        0.1692305961        0.0622473954       -1.9883333474        1.9964927331
       -0.1013839586        0.1265374641       -6.7744120413        6.7763521855
       -0.0128024845        0.0231933722       -0.1821114059        0.1840282595
       -0.0216433426        0.0285919252        0.0786113553        0.0864041530
        0.0545751693       -0.0185899990       -0.0250181285        0.0628485793
       -0.1423437673        0.3345611322        0.1760116533        0.4039467803
       -0.0844514265       -0.0228228490        0.6665368701        0.6722531704
       -0.3037044020        0.0529864744       -0.0134818101        0.3085865997
       -0.0271790976       -0.0103959124        0.0437842271        0.0525722064
        0.0950867531        0.0392774979       -0.0696607725        0.1242450629
       -0.0280429602       -0.0193411285        0.0151170851        0.0372694665
       -0.1508107793        0.0676924340        0.1211147168        0.2049266488
        0.0065719502        0.0821609560        0.0514224499        0.0971487600
        0.3805017428       -0.1369645127        0.3552801363        0.5382980859
        0.0661718044       -0.0720033691        0.0313062800        0.1026804559
       -0.1513072139       -0.0639385966        2.3572036956        2.3629200748
       -0.8838879674       -0.4346420971       19.6561054667       19.6807686285
       -0.2779044034        0.1211170347        5.8586924744        5.8665302951
       -0.1343317569       -0.0345749808        2.4292301943        2.4331871665
       -0.7455485397       -0.5204308906       22.5996745090       22.6374099543
       -0.2480076375       -0.1993699238        5.0334263565        5.0454055165
       -0.0246675830       -0.0080580270        0.1623808065        0.1644413202
        0.0995700893        0.1215190286        0.4044664781        0.4339057604
       -0.0468402196        0.5962391038        0.9068834038        1.1949092066
       -0.0702712395       -0.0234918490        0.3841131004        0.3911940541
        0.0437038875       -0.1067430091        0.5967806301        0.6078249915
       -0.2370575603        0.2063068478      940.1573030915      940.1573556140
       -0.0615978617        0.0296470614       86.9643150880       86.9643419568
       -0.3231725544       -0.5223856757      179.4678455043      179.4688967405
        0.0049750786        0.0026916162        0.5170926580        0.5171235957
       -0.1749963829        0.2233065660        2.9392507299        2.9529111753
        0.0151677692        0.0740437515        1.1436933832        1.1461880706
       -0.0805072621       -0.0063345819        1.6103232025        1.6123468493
       -0.1148525386       -0.0384120338        0.6812536392        0.6919343256
       -0.1424136704       -0.0479389019       -0.2696774262        0.3087162225
       -0.0305664054        0.0590206841       -0.1768966179        0.1889713199
        0.4746987215        0.2164568022       -3.0048827891        3.0498381924
        0.0991807664        0.0801456524       -1.1629700215        1.1699399219
        0.0952798243       -0.0479218531       -1.4793221784        1.4831617769
        0.1024359657        0.0790097780       -1.1669209573        1.1740699266
        0.0995366917       -0.0405691920       -0.5682548317        0.5783311907
        0.0901591062        0.0917672139       -0.9004189009        0.9095625778
       -0.1019200353        0.4499532578      -10.2429764583       10.2543109051
       -0.0106130842        0.2691275418      -17.6247297227       17.6273401242
        0.0434971876        0.2857760563       -6.2137669961        6.2204871386
        0.1297485746        0.1540029648       -3.7710577065        3.7764305675
       -0.3852392116        0.7685264631     -181.7900181124      181.7920507819
       -0.0526601807        0.0398120413       -9.9723768875        9.9725953933
        0.0612640533       -0.0731883131        0.1410934528        0.1703442862
       -0.0049150314        0.0312590731       -0.0070712766        0.0324236047
       -0.0553722816       -0.1733983055        0.1090969179        0.2122149839
       -0.0016237695       -0.1482247201       -0.0268711003        0.1506494617
        0.1014096975       -0.1593307325        0.1407920095        0.2355686716
       -0.0166242150        0.0058894077        0.0623495601        0.0647959667
        0.0463266376       -0.0170960604       -0.2371025418        0.2421901071
       -0.0757088802       -0.0959765289       -1.1019265373        1.1086863498
        0.0306894230       -0.1885989198       -2.9802004337        2.9863198118
       -0.0323073059       -0.4311671345      -10.1014237872       10.1106731422
#SUBSTART
       -0.2142622169        0.0132640633    -4052.3894773558     4052.3895919643
       -0.1841169489        0.3410823540        5.4810937741        5.4965539176
       -0.8010173997        0.1515839082        7.4863371212        7.5318875346
       -0.0244780853       -0.3729051304        0.8373221513        0.9274942495
       -1.2690867166        0.7869083518       -0.0409538738        1.5732526905
        0.2654372432        0.1206053163       -2.4895099164        2.5104067362
       -0.8244243628        0.9384208203      -17.5886237149       17.6334759232
        0.0380115412       -0.0966053111       -3.3781296849        3.3826051227
       -0.0821663003        0.2806009503     -153.2040649188      153.2044074941
        0.1555363725        0.5610747953     -179.8805043996      179.8838936930
        0.3146196330       -0.6417709607      -36.9821936676       36.9893631161
        0.1164330153        0.2746600055     -127.7132381147      127.7136627941
        0.7372036343       -0.9010700684      -41.9826939987       42.0093125681
        0.7772580311        0.1887906058      -33.2915879777       33.3144105848
       -0.5695048024        0.1928050554      187.3823155685      187.3839303096
        0.0734573508        0.4179464513       22.6073235101       22.6117365829
        0.3028687216        0.3416629543        0.7787232019        0.9134290596
        1.5113505593       -0.8319323071        4.3801223220        4.7096967225
        0.4194522363        0.3437806609       -0.1491879678        1.0939529076
        0.3345456002       -0.9500052286       -2.0978704344        2.5091515788
       -0.6172043868        0.2847387002       -0.5154442234        0.8643956934
       -0.8303424704        0.3742602810       -0.7734765596        1.2030316493
       -0.3334019759        0.2243061588       -0.1255667925        0.4435278285
        0.1542546701       -0.2325117203     -150.9195177596      150.9205828837
       -0.1984983628       -0.0696492444      567.8250587967      567.8251149164
       -0.9787689728       -1.0768889568     2809.0842232381     2809.0846036394
        0.0751778353        0.0156020723     -766.4294671890      766.4294710348
        0.0002771890       -0.0398063977      -73.8241060446       73.8241167771
       -0.2345572194       -0.7000360590       31.3789857004       31.3915506486
       -0.3991794306        0.0554905345       25.2952496033       25.2988449478
       -0.7810930341       -0.1422369735       46.7683150621       46.7752617440
        0.6595146577       -0.6449841753       29.0325613258       29.0475482802
        0.7786390580        0.2869091319       43.8005611855       43.8086433890
        0.2748563098       -0.6668204914       10.3376283300       10.3636979324
        0.6986057413       -0.3500814092       33.0472913153       33.0568230482
        0.4251002412       -0.0302754031        5.8322071401        5.8494227685
        0.1062065675       -0.7580672647        4.7481906731        4.8115216165
        0.2952296778       -0.4778352981        4.0688798498        4.1074651997
       -0.5263913334        0.2164774596        2.8845559743        2.9434831884
       -0.0769586966       -0.0567339403        2.7654375052        2.7706074715
        0.1379027186       -0.1141707228        0.5065561166        0.5550954854
       -0.8726849001        0.2137649406        2.6927923968        2.8813271659
       -0.0918375192       -0.1729541914        1.5346804728        1.5534063283
       -0.2203864170       -0.0817215438        2.9499468440        2.9625858217
       -0.3551147278        0.3708696564        2.9889505888        3.0359440343
       -1.0459156336        0.0040836953        2.6311543444        2.8348561089
       -1.5283196276        0.7886132457        3.5044160488        3.9061596695
        0.1151987804        0.3441067308        6.1560094671        6.1682746814
       -0.8178740981        0.8177424866        0.0176158427        1.1650797902
       -0.0636272772        0.2193219190        0.0865768814        0.2442254920
       -0.3471227420        0.5552574145        0.1029821892        0.6628803253
       -0.0068387142       -0.1470876131        0.3060198320        0.3671640729
       -0.0470609980       -0.0458981367        0.0811723593        0.1743276034
       -0.1917391855        0.0990101391       -0.4748117059        0.5399007908
       -0.4672032006        0.1536159150       -0.7743450150        0.9278828952
       -0.0811736973       -0.1042054678       -0.4389334731        0.4583781654
       -0.1017957626       -0.1055507787       -1.2583733674        1.2668886597
       -0.0724376051        0.5138857828       -1.7119926685        1.7889227768
       -0.0127717754        0.0411112357       -0.3423721493        0.3450680231
       -0.2620316128       -0.0353048502       -0.6591978746        0.7238291383
       -0.7342559869        0.5751432716       -1.1501172577        1.4873369250
        0.1816369233       -0.1777653324       -2.1507934724        2.1702499467
        0.0140842898       -0.0434922026       -0.0256150391        0.0524029497
       -0.1630247878       -0.0488821470       -0.2199504020        0.2781091963
        0.2159666297        1.3728867402      -18.5819665179       18.6404018256
       -0.4416353882       -0.2335946613      -17.7741681190       17.7880381595
       -0.3401619610       -0.4440599956      -22.2200284321       22.2325483002
        0.5674328646        0.2606919689     -151.4983984006      151.4997496305
       -0.0256828270        0.4543719973     -100.3340467302      100.3394779664
       -0.0130984943        0.1238780061       -5.4761588003        5.4793532759
        0.0822611120       -0.3674394559       -5.3511531949        5.3661996743
       -0.0504505120       -0.1856302933      -16.9289668270       16.9306349992
       -0.0279085727       -0.1164727332       -2.2210426981        2.2286442600
        1.6550133296       -0.8691234076      -22.0829678949       22.1623869529
        0.3692557119       -0.0516618026       -4.5427017861        4.6535479833
       -0.1410738018       -0.5215517757       -1.1836264478        1.3085753418
       -0.0183550294        0.1334025852       -2.6645425280        2.8285529560
        0.0941597940       -0.0594795524       -0.1378777335        0.2255968489
        0.0473134594       -0.2092443407       -4.7923816861        4.8225081589
        0.8271538542       -0.4794459277       -7.8663026118        7.9254178730
        0.0308049354       -0.0262407001      203.8191809648      203.8191849818
        0.0796073783       -0.3185386069      632.0585518261      632.0586371063
       -0.2305720301       -0.1609910715     1989.7929685798     1989.7932096682
       -0.0433529407       -0.1098849443      131.1606952020      131.1608226562
       -0.0631824116       -0.0915330261        3.8096788654        3.8138567297
        0.2140283746       -0.2389081709       27.4985053886       27.5164219267
        0.0355894741        0.0040200710        1.1278710227        1.1370380822
       -0.1227579543       -0.2076378359        1.6487059451        1.6662575670
       -0.0092478346        0.0196532264        0.0816583254        0.0844976560
        0.2082376013       -0.0030777195        0.6964310486        0.7401813030
        0.5884444653        0.1092300346        1.9713629418        2.0602111391
        0.1577740998        0.0516424744        0.8295784672        0.8460260310
        0.2926759906       -0.0564000436        2.0072887188        2.0340914399
        0.3493031772        0.7075012839        2.7635907752        2.8774093442
        0.2606424676        0.0934350716        0.5974011019        0.6730768678
       -0.0324068858       -0.0716933180        0.2777851439        0.3206782018
        0.3028338049       -0.0324254342       -0.3105516234        0.4568170507
        0.9128661166        0.0777442689       -0.6865071179        1.1533171836
        0.5395256615        0.1282431076       -0.4480876633        0.7264960929
       -0.1416095402       -0.1082945956        0.0023745992        0.5286417018
       -0.8665977122       -0.5992301787        0.9870215181        1.5270741004
        0.1442774215        0.4169936783        0.2644565053        0.5330260127
       -0.3742246649       -0.0199635701        0.2598724784        0.4769236143
       -0.2527720173        0.1338598592        0.6529703801        0.7264036459
       -0.4653704392       -0.4352536942        0.7776039675        1.0149695262
        0.1473823526        0.2192189738        0.0956411119        0.3136965469
        0.0795304379       -0.1216527421       -0.3353824838        0.3912616459
        0.1889208086        0.1134976468       -0.0547504575        0.2270911719
        0.1246812128       -0.0232633555        0.0173914436        0.1280197283
        0.1845456359        0.2767539105       -0.3017758669        0.4703172094
        0.0848930096        0.1624232976       -0.5064470382        0.5563780532
        0.5367276448       -0.1215767550        0.4429753584        0.7201141751
        0.1623548882       -0.0439059281       -0.4077965430        0.4411177402
        0.1297490429        0.0827963403       -0.4738791101        0.4982483909
       -0.3478478681       -0.1094824218       -1.4229653124        1.4689502443
        0.3275759604       -0.0619942141       -6.6893387693        6.6990956291
       -0.0022597869       -0.2273794071       -9.2593559368        9.2631991585
        0.1366049792        0.2523606889      -87.8565752950       87.8584534626
        0.4645161392        0.0934104213     -239.7622402709      239.7627084441
        0.0971414403        0.0826337496      -80.7544289236       80.7545296289
        0.0939573204       -0.1400171278     -139.8865610077      139.8866626356
       -0.3259000090       -0.1677619538      -69.2592741428       69.2602440776
       -0.2392295351       -0.1814690010        4.6364764567        4.6461893744
       -0.0893186801       -0.2082737363        3.7969960523        3.8037527255
        0.0125904231        0.0087514016        0.2866231406        0.2870329781
       -0.2559969967       -0.0542262326       11.0324076825       11.0355106008
        0.0009644919        0.1277702098        1.6587126177        1.6636266723
        0.0408683800        0.0689104745        3.3270573964        3.3280219045
        0.2633995307        0.0088436740        8.8404968536        8.8444243534
        0.5974361325        0.1783885440       16.9062108944       16.9177043127
       -0.0270295059       -0.0418911001        1.4944879746        1.4953192852
        0.0249488222       -0.0273078852        0.1045874078        0.1109355227
       -0.0773693609       -0.0736025356        0.1688530029        0.1997866058
       -0.4770703865       -0.1029293424        1.0127160514        1.1241816597
       -0.4337886522       -0.0028358280        2.2835984518        2.3244359586
       -0.6219854735       -0.0202729755        4.2545215494        4.2997942435
       -0.0038173430       -0.0162062591        0.1086233990        0.1098920277
       -0.1932892211        0.2021088512        0.7365727582        0.7878757128
       -0.0990586410       -0.0492853145        0.0839710917        0.1388985270
       -0.6139530339        0.0362616713        0.5076970436        0.7975020532
       -0.0628880433        0.1994148176       -0.1116331282        0.2370298099
       -0.1619390098        0.1216449145       -0.1662816995        0.2620521545
       -0.0382634389        0.2413640998        0.1251453102        0.2745579504
        0.0160740541        0.0376006803       -0.0296206312        0.0504932488
       -0.0422933803       -0.0071904348       -0.0944327308        0.1037206489
        0.0600840858        0.1135342853       -0.2021810457        0.2395356060
        0.0271600890       -0.0055895242       -0.8427997340        0.8432557766
       -0.0068810289        0.0093717095       -0.0011661760        0.0116849247
        0.0111172517       -0.0286059541      -11.6071491255       11.6071896993
       -0.0118095396        0.0793317356       -5.7654622000        5.7660200632
        0.0064438112        0.0213396245       -1.4014557173        1.4016329868
        0.2120185137       -0.1867552518      -13.8803223296       13.8831976629
        0.2262978941       -0.2073692738       -2.7580412610        2.7750683505
        0.0395248568       -0.1501422983       -1.0809556671        1.0920485695
        0.0222802075       -0.0540982659       -0.0189633228        0.0615031514
        0.0185755522        0.0599987725       -0.1262324391        0.1409947961
       -0.0048896778        0.0138864255       -0.0670563512        0.0686534486
        0.4535600814       -0.0091389501       -2.4343897781        2.4762984189
       -0.0153727074        0.1055314174        4.5523233379        4.5557107851
        0.0851240322       -0.1094761844        2.2283632008        2.2326741120
        0.3804294898       -0.4211046710        5.6845440184        5.7128011026
        0.0039404872        0.0354900433        0.1713398336        0.1750211678
       -0.0611617349        0.3471286594        0.5075539402        0.6179401801
        0.3571252576       -0.1056606841       -0.0045633337        0.3724559757
        0.0084261000       -0.0429391382        0.0086908299        0.0446127704
        0.0012857421       -0.0714624218       -0.0158866379        0.0732182773
        0.3341160423       -0.4300538334       -0.2733248635        0.6093326763
       -0.2184034297        0.0135086664       -0.0493195402        0.2243099624
       -0.0507886455       -0.0075605129        0.0573712055        0.0769941756
       -0.0225136518        0.0962688089        0.0199552211        0.1721991400
       -0.0516983653       -0.3739032857        0.1051091453        0.4159376219
       -0.0054563615       -0.0077923311       -0.0639071514        0.0646112707
        0.3311188890       -0.2832191460       -0.6048696012        0.7454663224
        0.0447253877        0.0381528752        0.0752386264        0.0954822135
        0.3740579866        0.4357205843        0.2128131282        0.6124224298
       -0.0196772643        0.0669149995       -0.1741041969        0.1875555471
       -0.2169439031        0.0280849857       -0.5426696465        0.5851015029
       -0.1276083777       -0.0348945017       -0.0960563367        0.1634880550
       -0.0559296581        0.0836116204       -0.0802221741        0.1286647851
        0.1816977651        0.1657535405       -0.8403280867        0.8755795836
        0.1175327548        0.1368908195       -1.1620661147        1.1759892431
        0.0718481941       -0.1126042017       -0.6923306873        0.7050983263
        0.0282183295        0.0290090132       -0.5314909197        0.5330294501
        0.0344280690        0.1367449449      -21.8542400785       21.8546950077
        0.0668483309        0.1737489540      -12.9298244750       12.9311646170
       -0.0474111991        0.0906996749      -16.6008405636       16.6011560342
        0.0457603527       -0.0144310197      -13.2939866196       13.2940732098
        0.0118344508       -0.0114579596        0.0098860163        0.0192112567
        0.0129232019       -0.0779379675        1.0831326396        1.0860099681
        0.0045451702       -0.0331871098        0.3288454797        0.3305471106
        0.1423345922       -0.1084272932        0.3982023751        0.4365555469
        0.1664433983       -0.1877712394        2.2912968601        2.3049951723
       -0.0166366521        0.0061388556        0.0911397073        0.0928488556
        0.1562239676        0.0747468229        1.1616312901        1.1827341436
       -0.2041257654        0.3799263403        2.4355919046        2.4774178216
        0.0085726273        0.2510258181      -90.1610473121       90.1615051985
        0.1779302075        0.4225690632      -55.5105256193       55.5125945897
        0.4039338021       -0.0390360447       29.9089157976       29.9263810227
        0.1066803599       -0.1067447791        4.4508974248        4.4556416842
       -0.0562812811        0.0003622653       -2.9429701741        2.9468153903
       -0.3736738183       -0.2112368471      -29.9858391721       29.9892361318
        0.1562463932        0.0052486027       -0.0188005144        0.1574609239
        0.1766624141       -0.0470864773        0.1178388124        0.2175148974
       -0.0152206210        0.0990728214       -0.1031065999        0.1437986863
        0.0899580254        0.0142203191       -0.1026570936        0.1372338977
        0.0220188071       -0.0692366043        0.1510330259        0.1675992546
        0.1270289206        0.0246454779        0.4175375584        0.4371285382
        0.0461778066       -0.0572841603        0.0351547472        0.0815458220
        0.0672773548        0.0361242286       -0.0613810249        0.0979736320
       -0.1356212796       -0.0879092012       -6.1407699502        6.1428964455
       -0.0961168149        0.0208643146       -7.7482046363        7.7488288694
       -0.0385117139        0.2647368197      -12.0006091307       12.0035906396
       -0.0182642243        0.0420581511       -0.6645290926        0.6661091388
#SUBSTART
       -0.0799108353       -0.9455238996     2779.1584552750     2779.1587756510
        0.9206109935       -0.6259202699      -21.1638605615       21.1988663756
        0.0989462328        0.2293728293       -3.9692727930        3.9795739147
        1.8800296894       -0.6806842246      -23.8433067634       23.9274026974
        0.2719983479       -1.1647432499      -19.1545774821       19.1923924575
       -0.1719675040        0.3950528715       -1.6234428973        1.6854335405
       -0.6788119863       -2.4288268935      -28.5094443726       28.6211090632
       -0.2642169144       -0.5302064976       -1.7526611869        1.8553249120
       -0.1472174349       -0.7488612564       -1.0147150121        1.2773380505
        0.4125205041        0.5734020899       -1.3131016937        1.7616894658
       -0.2614297700        0.1008168208       -0.1159766478        0.9872952566
        0.7368048413        0.0719889144        0.2141070921        0.7831892554
        0.1587919404       -0.9503792531       -0.7634560552        1.2372471613
       -0.1221600489        0.3701228916       -0.1011386671        0.4261723212
       -0.2983325165        0.0202834878        9.8486424101        9.8541692099
        0.5570105785        0.5883216753      288.5057910349      288.5084542859
       -1.1001086686        0.0317730097     -333.3195640414      333.3214102052
       -0.6670238582       -0.0570738974     -420.9775906017      420.9781460442
       -0.2228359817        0.6395519502     -215.2271361404      215.2282469695
       -0.0393600161        0.5494134211     -333.6672634838      333.6680832295
        0.2304138583       -0.0928085944      118.1788339942      118.1791774721
        0.1666920003       -0.2384955829       93.1262763521       93.1268355167
       -0.5069387845       -0.0452023916       69.8677671670       69.8713643780
        0.3883285872        0.1209483080       23.5356182185       23.5443070289
        0.6115610613       -0.0391639572        0.8891500823        1.0888564648
       -1.5049917253       -0.7867003230        1.7726374751        2.6280204913
        0.6449101219       -0.7816797148        0.9125459630        1.6553014738
        0.1385533279       -0.1256206822        0.1682968578        0.2877172183
        0.1227710073        0.0840671586       -0.2434915720        0.3176600981
       -0.1803515573       -1.0866665437        1.4729945366        1.8446039009
        0.0661100132       -0.1664739812       11.2443419105       11.2466345591
        1.7636245714       -0.7094415418       44.4700462106       44.5108769706
        0.1989259961       -0.4427521816       70.2892545898       70.2910690744
       -0.4541332506        0.6216566067       44.7101802665       44.7170257642
        0.3128294777       -0.0321348846        0.4516536975        0.5677726484
        0.4413222625        0.6003184411      -20.3002008110       20.3143491237
        0.2412124939       -0.2402749072      -81.2277963088       81.2286297340
       -0.1422386869       -0.0991655084     -151.2852458679      151.2854096161
        0.7369303548        0.6728819731    -2866.2023657756     2866.2026934964
        0.3880992057        0.0406014380      -10.8638992844       10.8718009969
       -0.1495814528       -0.3184974964      -27.9643678341       27.9669298174
        0.2525252797       -0.2992691960       -4.6880938371        4.7064885721
       -0.0402013889        0.0003581829       -1.3603103458        1.3680425073
       -0.1461553154       -0.8807085459       -9.8486305494        9.8899955714
        0.1103672695        0.1888951222       -2.8344956547        2.8463498912
       -0.0077301276        0.0070167693       -0.0160419832        0.0191398838
       -0.4959795548       -0.1957474697       -3.4842598391        3.5248233171
       -1.2019346657       -0.9174859801      -11.2544119828       11.3942339425
       -0.4266884666       -0.3193275713       -6.1626244067        6.1872007005
       -0.5499778730       -1.3540484181      -12.9981909229       13.1137043066
       -0.0635058872        0.0105776156       -0.3076033124        0.3438669312
       -0.3642963845       -0.1779341167       -1.8549966664        1.9039077769
       -0.0277460430        0.0434793027       -0.1937959329        0.2005421559
       -0.3187950271        0.3387944074       -0.7079097763        0.8470821514
        0.2880289865       -0.0661064257       -0.0344827102        0.5763339083
        0.6643163420        0.1408241044        0.2010347024        0.7218326448
        0.4747983722        0.3482570767        0.2531617925        0.6559627763
       -0.2794264151        0.0733491864       -0.2427439299        0.4023227871
        0.3238565663        0.3861667927        0.1042259359        0.5332454388
        0.3747555465        0.0803009658        0.0502173854        0.4109641535
        0.2902554824        0.6463922375        1.2210180813        1.4186035773
       -0.5110313129        0.2632622922       -0.8084714962        1.0017814045
       -0.0116068776        0.3964015392       -0.1808842256        0.4358761326
       -0.0286978438        0.0088087966       -0.0008588793        0.0300316302
       -0.5092992279       -0.5508714441       -0.5713926760        0.9533175895
       -0.1321754785        0.1342725956        5.9677137505        5.9723183672
        0.1465787494       -0.0444265728       65.1656470939       65.1659765522
        0.1356401684       -0.0529533204       19.6396925445       19.6407282283
        0.6284830891        1.5371217325      317.9857341237      317.9914545880
        0.1852583370       -0.0795923850      -11.2846444135       11.2864456380
        0.4262631396       -0.1796548485      -85.8724997781       85.8738590844
       -1.0928848583        0.4646397112      -75.5030259832       75.5124936668
       -0.2150613753        0.0248481537      -33.2981866669       33.2991829316
        0.2658471799        0.4482778332      -67.6668890024       67.6688960675
        0.0233390639       -0.0045920856       -4.4716017027        4.4716649681
        0.7134918384        0.1737064953     -132.6093495593      132.6114561977
       -0.1149350539        0.1887568768     -330.2631191304      330.2632225616
        0.0688286058       -0.1418063151      251.8699828150      251.8705158024
       -0.0364345314       -0.2282604204      336.3064911921      336.3065995904
       -0.1220050853       -0.2144828032       49.2263628202       49.2294558733
        0.2823307230       -0.1144488812       52.0267488879       52.0278280232
       -0.2189554070        0.1809468045        0.8768051643        0.9321750358
        0.0930259137       -0.1570687620        1.3891064494        1.4079847049
       -0.6570073663        0.1990448690       13.0254507554       13.0772319515
       -0.1680191081       -0.0809235097        0.9039187975        0.9334495233
       -0.0767064702        0.1705495426        1.8810198357        1.8954383230
       -0.2949964308       -0.3913331538        0.4297666345        0.6665910864
       -0.0553091196        0.0731885402        0.3993957218        0.4329115252
       -0.2015971165       -0.2296847072        1.1696262190        1.2169230622
        0.4002530472       -0.6474377991        0.4407174080        0.8905559074
       -0.1440235733       -0.8704552900        0.4647400615        1.0069251766
       -0.0854034983       -0.1712295631        0.3257331481        0.4027346390
        0.3127265734       -0.5791176120        0.6646066838        0.9457044714
        0.0731159930       -0.0860281270        0.0906140103        0.2010907030
       -0.0680747921        0.1832607360        0.2968064692        0.3818278928
        0.0848716533       -0.1495416066        5.6217148731        5.6243438732
        0.4273409205       -0.6492938636        6.3515674934        6.3989540088
       -0.0564082277        0.5178513292        3.0930877546        3.1397489597
        0.3858638780        0.0818409207        4.3403522358        4.3604731606
        0.1362416054        0.0721612747        1.7915199739        1.7981414965
        0.1677065325       -0.0598861856        1.8433317541        1.8519135488
        0.1606888923       -0.2716750238       36.0513707817       36.0530226647
        0.2206733591        0.0829757962       66.0367585106       66.0373268394
        0.0736080783        0.0449905902        6.5713328280        6.5718990740
        0.8382525396        0.4653913276       45.9488278966       45.9588298533
       -1.0644723654        0.3192295631      102.1551941260      102.1613340537
        0.4213528730       -0.6006837482       44.7254184478       44.7316542766
       -0.0368627276        0.1157488682       29.8168302320       29.8174043393
       -0.1439645912       -0.0798302692       21.4231433668       21.4237758201
       -0.4640050805       -0.0856268113       87.9686619861       87.9699273860
       -0.6053471397        0.2432703678       34.6275273661       34.6339538156
       -0.2338232311       -0.0609424090        8.6780302195        8.6825155085
        0.0942800261        0.7037099875       18.9028191092       18.9166631976
       -0.8227535215       -0.1059587418       40.2949115459       40.3143998950
       -0.7489089332        0.1100931653       29.4015316832       29.4154158796
       -0.7271755111       -0.2309875392       15.3448359927       15.3644268001
        0.1193783781        0.0134494735        0.5693574096        0.5983976356
       -0.3904781613       -0.2296288581        0.6488968677        0.8035854259
       -0.2776178911       -0.0283060508        0.3227889573        0.4489381047
        0.2218796029       -0.0455508355       -0.0296894448        0.2677063406
       -0.1134476473        0.2661843714       -0.0886696369        0.3332665264
       -0.1108571409        0.1143393419       -0.0060437214        0.1593716328
        0.0324535745        0.0888906491        0.0233734656        0.0974735908
       -0.8159829411        0.1671532106       -0.3659836481        0.9097870007
       -0.1077221596        0.3317448940       -0.2065456203        0.4053638262
        0.0054873597        0.0630309091       -0.0198947794        0.0663235167
        0.2371322143        0.3260399460       -0.4446520137        0.6002075864
       -0.0353798222        0.3723894946       -0.6000737409        0.7207592850
       -0.3279717163        0.0506917039       -0.4186434679        0.5521568922
       -0.0365174917       -0.1609858339       -0.2292479789        0.2824970827
       -0.1585435001       -0.1482394811       -0.1727435157        0.2774009867
        0.0770765184        0.3138724596       -0.4334561709        0.5406856413
        0.0740953736        0.3099059312       -0.6942321252        0.7638652069
       -0.6434029687        0.4412526157       -1.4654223405        1.6601608016
       -0.5038128901        0.0022414855       -1.8709649161        1.9376124922
        0.1713137528        0.4417987748       -0.6664273937        0.8177163508
        0.1327035161        0.6070688632       -1.1005528513        1.2638668468
        0.2221577460        0.1015578121      -15.2335032940       15.2354616162
       -0.1104588418       -0.0004082762      -34.4037375258       34.4041979539
        0.5070705066       -0.0572918686      -47.7853747099       47.7883031589
        0.2523656975        0.2498832584     -122.2020341498      122.2061621696
        0.3752695801        0.2230778764     -200.1358290802      200.1385106980
        0.0412018538       -0.2130877438      -89.4451508143       89.4455230180
       -0.4046127874        0.1168170630       -3.7425999970        3.7688051497
        0.0173224392       -0.0781860199       -2.6694834421        2.6743288417
       -0.0039970851       -0.1184762703       -1.6976667817        1.7018005479
        0.2153864448       -0.3052401230       -4.9590799203        4.9731314591
        0.0340432783       -0.0145367706       -0.9573335118        0.9580489107
        0.0248734174       -0.2348326471       -2.2676924767        2.2799548741
        0.0429530787       -0.1000636099       -2.5905802710        2.5928678782
        0.2631993921       -0.1558223389       -4.8749697336        4.8845557039
       -0.0048911180       -0.0186228310       -1.0456701768        1.0458474322
        0.2406553761        0.0871500153       -6.6811927915        6.6860935720
       -0.3499602329       -0.7175420980       -5.4171899247        5.4756995450
       -0.1016750115       -0.0862186957       -0.9512210787        0.9605170545
       -0.1301707423       -0.4549447088       -1.6743581572        1.7399409038
       -0.1411654775       -0.2017079647       -1.0895526349        1.1170222644
        0.4457023104        1.5874126373        1.4438650717        2.2474321358
        0.0092373177        0.0563992149        0.2939289063        0.2994334675
       -0.0852576752        0.0697392184        0.1388864120        0.1772621369
        0.4026282448        1.3468360272        0.8739855515        1.6611463863
        0.3564036213        0.0633905346        0.2359817474        0.4541024897
        0.0089254977        0.0631119586        0.0682260786        0.0933679904
        0.2013344182        0.3613057148        0.0833209565        0.4219238666
        0.1330416143        0.3451070868       -0.5880604058        0.8545697410
        0.0172731545        0.3584073418       -0.0297852795        0.3600574223
       -0.0035898507       -0.0067907924        0.0152830765        0.0171048039
        0.0557006260        0.0871143528       -0.8691871914        0.8753158538
        0.0633957964       -0.0292576360       -0.2431137281        0.2529413392
        0.0025349339        0.0448095923       -0.0889181418        0.0996030190
       -0.0261714137        0.1762920434       -0.0093697504        0.1784702208
        0.3543394371        0.1667147710        2.4879143839        2.5185448642
        0.1965890554        0.1876294963        2.2457706121        2.2621533384
       -0.0909742670        0.1833930937       19.0328598254       19.0339607669
       -0.0280687453        0.0832697482       21.3364989993       21.3366799492
        0.0821457670       -0.0305187131        4.4965119234        4.4973657619
       -0.0289164112        0.0405384991        5.1769241553        5.1771636287
        0.0267417808        0.2807673724      -43.6815706084       43.6824811138
        0.1097720716        0.1703091814      -42.6622752050       42.6627563665
        0.0040856809        0.1371818239      -10.5501208037       10.5510134356
       -0.0419821364        0.0746048048      -19.2261285348       19.2263191176
       -0.1571306479       -0.6331822160     -232.2231121386      232.2240285180
        0.0245948174       -0.0726385924      -33.9904999742       33.9905864875
        0.0835080533       -0.0411652288      -77.9257446910       77.9258003091
        0.0925292911        0.0999769912     -105.4975726390      105.4976605892
       -0.0428097952       -0.2354149965     -391.2767293430      391.2771190009
       -0.0723368913       -0.0545505226       83.8887718639       83.8888207881
       -0.0138969202       -0.2226353690      132.1371650631      132.1373533508
       -0.2138015673       -0.1509608617        2.3268186182        2.5229698688
        0.3622205292        0.4128540894        1.2262726042        1.3436505166
        0.0075634036        0.0578611248        0.0748489629        0.0949077557
        0.0240375957       -0.1985177758        0.3501757996        0.4032495554
       -0.0047318279       -0.0857233793        0.3634152196        0.3734190273
       -0.0039338748       -0.0336301753        0.1449557498        0.1488586361
       -0.2613091544       -0.1916906165        0.0840059529        0.3347906312
       -0.0021070413       -0.0123330385        0.0457025608        0.0473842540
       -0.2635863447        0.2562528666        2.1336111161        2.1695436092
       -0.2129196626       -0.1481752280        2.2503469389        2.2695444061
        0.0026227545       -0.1581032268        0.0193982628        0.1593103944
        0.0547292786       -0.0316933816        0.0758740410        0.0987756775
       -0.0083738512       -0.1402749299        0.0395162228        0.1459750294
        0.1644861172       -0.6735558540        0.4329699238        0.8174326431
        0.0086328734        0.0281334747        0.3542626270        0.3554828094
        0.1935499165        0.0611291808        0.6060826855        0.6391670897
        0.1652150214       -0.0973653132       10.3685982044       10.3703714847
        0.1644037048       -0.0753690236       19.7503813147       19.7512093590
       -0.0131488860       -0.0035294431        0.0514945953        0.0532639045
        0.0115789246        0.0888776940        4.8605690306        4.8613953365
       -0.1493534648        0.1615105664       17.0778843606       17.0793011085
       -0.0144510465        0.1360450618        6.7497157594        6.7511021266
       -0.0405016547        0.0832403075        5.9354938856        5.9362157137
       -0.2191942739        0.0330186113       16.4311650853       16.4326602356
        0.0380413109        0.0558848526        0.6765287670        0.6798981031
        0.0935757232       -0.0233103885        3.0678403600        3.0693556758
       -0.0914750333        0.6898058757        9.7089054984        9.7789261372
       -0.0639123368        0.0275961699        0.8607485362        0.8747652044
        0.0410981851       -0.0095704130        0.4310256363        0.4330863109
       -0.7075040229        0.0546515489        0.7821227770        1.0560609700
       -0.0939281609        0.1255094994        0.0280497288        0.1592542657
        0.0327700087        0.1612413466       -0.0022568297        0.1645531483
       -0.1497038515        0.2423153700       -0.2029323316        0.3497277697
       -0.0683450386        0.0641843072        0.0095354096        0.0942422073
       -0.3130310851        0.3835024487      -17.6822710529       17.6891993086
       -0.1867396630        0.4353485971      -16.7091717222       16.7158852516
        0.0290550015        0.3418836569      -48.2399611685       48.2411813928
       -0.0477831894        0.0553136116       -7.2413867307        7.2417556305
       -0.0892831778        0.1584026457       -3.2532855841        3.2583630823
       -0.0155788244       -0.0190807147       -1.3260187944        1.3262475699
       -0.0333814551       -0.0827739741       -4.9503152751        4.9511197900
        0.0036968710        0.0520286306       -2.6113932687        2.6119141351
        0.0579793025        0.0762842827       -4.5846119603        4.5856131235
        0.0312644996       -0.0438184656       -1.0107953343        1.0122276102
       -0.1467479272       -0.0512067586        0.5495087533        0.5710665077
        0.0124921620       -0.0524702446        0.0993536796        0.1130501408
        0.1880413720       -0.3179714008        1.0837835413        1.1534868523
        0.0935552445       -0.0133970296        1.6702850763        1.6787686217
        0.2678279762        0.8570988359       -0.0111913703        0.8980398021
        0.1940917722        0.3772493212       -0.0627191283        0.4288616973
        0.1870214831        0.2998829157        0.0484846952        0.3567317815
        0.1826713842        0.1297990004        0.0947431530        0.2432958695
       -0.2459194989        0.2206222223      702.9726837095      702.9727613445
       -0.0325734456        0.0890530233      360.7484548306      360.7484672929
       -0.0583974132       -0.0800890923      204.5949041748      204.5949281845
        0.0488220524       -0.0115910783       41.6286833172       41.6287135601
#SUBSTART
        0.3427342115        0.2873884881     2762.8243896279     2762.8244293587
        1.0465573566       -0.4282709796     1372.3460670936     1372.3468537204
       -0.4049533038       -0.2280589205      117.9630390915      117.9640371874
        0.1406675994        0.7590017056        9.5514344989        9.6285286381
       -0.2947323301        0.5278422044       34.5648395732       34.5704078519
       -0.0072282568       -0.6129783650       28.7257555942       28.7476541820
       -0.3835839675        0.1330811641       29.3149578793       29.3219242834
       -0.6737165377        0.2501334482        0.5026629304        0.8880374550
        0.0867214777       -0.7347657130        1.9891858624        2.1269088950
        0.0950660433       -0.6542487503       -0.2752857329        0.7296170224
       -0.3646744434       -0.1687797384       -0.2261958697        0.6754847010
        0.4131002042       -0.0021718445      173.8803304556      173.8808771994
       -0.0114398907       -0.1086356575       -4.5226852397        4.5261566631
       -0.1713059709        0.0458797677       -0.7004706274        1.1852854397
        0.5511135102       -0.6288120983        0.4331458441        0.9519589610
       -0.7412514169        0.3715097812       -0.6026648909        1.0344843818
       -0.0055642603        0.0639107617       -3.7544941414        3.7576351059
       -0.0076013747        0.5501336846       -6.5333900406        6.5580004619
       -0.1292389870        0.3074533973      -82.3183330486       82.3191269754
       -0.5647502607        0.6666143574    -3630.1680758661     3630.1683025924
        0.0135314117       -0.1293240441        4.7737003294        4.7775100656
        0.0399682861       -0.8301912176      195.8459402520      195.8477536452
        0.0751585002       -0.0331918544       67.9440444530       67.9442374813
        0.0601631722       -0.1563285828       21.4217371095       21.4228466551
        0.0036633105        0.0002991783        0.0077965673        0.0086195019
        0.1343139684        0.2113779413       11.7166121311       11.7192884045
        0.5462683293       -0.7672930528      224.1963710439      224.1983495412
        0.2376151702       -0.2169606531       86.6660072011       86.6666045088
       -0.0665840117       -0.5116262837       31.0658373513       31.0704349021
       -0.0064568486       -0.2779312608        4.2928681454        4.3041240892
       -0.0374937103       -0.1482495408        3.5187978215        3.5248832035
        0.2149157902       -0.0323557191       11.5483142507       11.5512024269
       -0.0725197457       -0.3839567041        5.0402294422        5.0572793554
       -0.0414612402       -0.0386137258        1.1294620361        1.1394622987
       -0.6074297295        0.3728556960       13.5657629626       13.6168376504
       -0.1392136894        0.1499072624        1.9494595406        1.9651272030
        0.2359151935        0.0180823702        2.7768447582        2.8302810323
        0.2891581607        0.4921904312        1.5835325456        1.6890586048
       -0.5096402479        0.2400293043        2.5433040239        2.6520592067
        0.0533709949        0.1155201600        0.5910193115        0.6204651335
       -0.8577368601       -0.9297966826       32.6544510480       32.6792424548
       -0.3927584470       -0.1691945428       25.8210899445       25.8250082613
       -0.3476691479       -0.5482953623       24.2035252187       24.2304545240
        0.0860945911       -0.2593578041        9.6511684431        9.6560453008
        0.0361075568        0.1417067236        2.0100517089        2.0153640921
        0.1465597713        0.0717938683        2.8626581563        2.8673063746
        0.1252003006        0.6900336264       -0.3883436150        0.8016434895
        0.0299439992        0.6179076553       -0.4586229502        0.7700918932
       -0.4770738066        0.9051244713       -4.8239310311        4.9332180272
        0.1203637682        0.6497040176      -32.4559226333       32.4629480564
        0.1408993573       -0.1673386530       -7.0308075960        7.0355945087
       -0.5401134941       -0.4292467222      -29.6165226010       29.6248859254
        0.2585860397       -0.1157496748      -10.7260011637       10.7306498161
        0.1838214949        0.2133291042      -44.2075345523       44.2086517621
       -0.5207070431        0.6081982910      -61.9552474730       61.9605778718
        0.1216784498        0.5142957916     -161.9051122605      161.9060349761
        0.2256764769        0.0193052124      -61.1283016153       61.1288805780
        0.4364724401        0.4316447473     -175.8258707616      175.8269977399
       -0.5882204236        0.4931288276     -320.7240592466      320.7250081280
       -0.1428541720        1.4820730802      212.8157499015      212.8209584464
       -0.0815200037        0.6768592211      111.1660382357      111.1681287103
        0.1628578095        0.1792924676       75.7420813072       75.7440769312
       -0.2835980228        2.8900214398      519.7906022510      519.7989520148
        0.2472015518        0.0089663126        1.5132484796        1.5396719611
        0.2657238644        0.1711112786       13.3785032891       13.3829637331
        0.1428619587       -0.4320135728        1.7257279610        1.8517081902
        0.3817806870       -0.1416244033        0.1578497596        0.4584869639
        0.0480934351       -0.2527893561       -1.4577980112        1.4868995472
        0.4918018433       -0.3951184888       -0.7161098638        0.9645106506
       -0.1104938824        0.1069748430       -1.0200889624        1.0410157498
        0.5654201214        0.5509289637       -5.7554153195        5.8109816659
        0.1305022814        0.1181095347       -1.3848426156        1.4029431786
       -0.2272103374        0.0341552564       -5.6427970274        5.7250974835
        0.0515448338        0.0099387214       -0.3586079392        0.3624297202
        0.9811697586        0.8393341779       -8.0927383541        8.1950954860
       -0.1593149826       -0.0361199851        0.1224563730        0.2041604278
       -0.0438614263        0.0444819997       -0.0122131777        0.0636524526
       -0.2668638836       -0.1822766879       -0.2104829599        0.4101511729
        0.0771582264        0.4775604939        0.1794423975        0.5345061049
        0.1403523728       -0.6434188758        1.6553018928        1.7869501334
        0.0300196911       -0.0503811116        0.8014616892        0.8156347604
        0.2174349022        0.2344617884        0.9796916563        1.0399643231
        0.3148802613       -0.6046272522        0.9073756026        1.1434745131
        0.1003237111        0.1924448242        1.0528942689        1.0840507293
       -0.0807484241       -0.2164112780        0.4533342857        0.5275849777
        0.0725321981       -0.3184870228        2.1707370469        2.1996076958
        0.4812598898        0.0212726595        1.1488614687        1.2535653420
        0.0811839514       -0.2410980898        0.6376188082        0.7005402575
        0.2318856645       -0.0148910504        1.6584630061        1.6804678016
        0.5384749661       -0.2799051100       -0.2720583012        0.6650698301
        0.0119727992       -0.0193939310       -0.0439995497        0.0495523244
        0.3047328089       -0.1252600471        0.4576335660        0.5809134444
        0.1285182994       -0.0496845313       -0.1056782644        0.1736473481
        0.1058940959        0.0818613694       -0.1293171045        0.1861122158
        0.1922488996       -0.0931589461       -1.0417465688        1.0725455362
        0.2369662934       -0.0107733493       -2.6218928897        2.6362987690
       -0.0545904104       -0.3278539586       -1.1594864781        1.2142310360
       -0.3647731938       -0.1909646722       -7.7591338001        7.7713038868
        0.3931371315        0.0125474283       -8.2510921943        8.2616412671
       -0.4145396482       -0.2454427565       -6.8849141765        6.9031592962
        0.3446552950       -0.0876780193      -66.4679284674       66.4690263901
        0.2608514254        0.2922587610     -162.2666308947      162.2671637774
       -0.6254716219       -0.1058668316    -1077.0937460814     1077.0939328908
       -0.2075903843        0.0304796577     -434.3625551762      434.3626058513
       -0.0824102021        0.0022395463       13.1874797046       13.1877373881
        0.2074576996       -0.1332647366       21.6038392085       21.6056970848
       -0.0213761632       -0.3170262685       29.8895436326       29.8915583560
       -0.2092413002        0.3556256842       27.5733176639       27.5767579372
        0.3029471678        0.2985969581       40.2698706199       40.2751419343
       -0.1339462321        0.0455984883       45.3205277032       45.3207485829
       -0.1761968469       -0.0889598286       50.3563529119       50.3567397452
        0.0436770341        0.0221419026        5.6511523214        5.6513644818
       -0.0947974411       -0.0093641351        8.9655865321        8.9660925774
       -0.0890158372        0.0194841588        6.4086548962        6.4093026946
       -0.3272842509        0.1673654757       13.1167291415       13.1218790405
       -0.0501883010       -0.0885686251        3.0052793106        3.0102403204
       -0.2475447530       -0.3097018602        5.0392358485        5.0567352481
        0.0066214608        0.0291068650        0.5052564152        0.5250284595
       -0.6938998983        0.0725432815        2.7361080483        2.8271056990
       -0.0628685198       -0.5174622376        6.2236129485        6.2652017669
       -0.7006467615       -0.1821782765       30.8319504413       30.8404484861
       -0.0800648665       -0.0673931008        5.5141975970        5.5151905998
       -0.0128072372        0.0080912000        1.6543627836        1.6544321420
       -0.0025915817        0.4904418360       16.6370961923       16.6443236457
        0.0091144927       -0.0148645155       -0.0760029034        0.0779773629
       -0.3412189236       -0.0355960977       -2.3030656386        2.3284777799
        0.0047467969        0.0154538321       -0.2452425122        0.2457747806
        0.2845936248       -0.1741846432      -12.5476440857       12.5520797449
        0.0550366518       -0.0441084759       -1.1070785442        1.1093229889
        0.1820670968       -0.1210783993       -9.6827846751        9.6852530928
        0.0975800613       -0.2681382807       -5.4022090284        5.4097395864
        0.1038570456       -0.1042221137       -4.5627087742        4.5650804914
        0.0422596223        0.0146128360      -11.8087477701       11.8088324278
       -0.0784397008       -0.0652366207      -19.0159417908       19.0162154698
       -0.1712985220       -0.1714715574      -39.1960108407       39.1967602169
        0.0155100131        0.0080834741       -5.2325022558        5.2325314868
       -0.1147190137       -0.0360883320     -185.8909256974      185.8909645988
       -0.1390297075       -0.0587886196      -89.3382468582       89.3383743811
        0.1362506460       -0.1939444686       30.3942750815       30.3951992332
        0.2098800095       -0.1142238662       42.8698202849       42.8704862110
       -0.1388015284       -0.0948561030        1.2602362705        1.2714004098
       -0.2248510597       -0.4056508198        4.0250631725        4.0516964508
        0.0202840276        0.0946512183        0.2940661778        0.3095887786
        0.0583348137       -0.0291710259        0.1006695875        0.1199510945
       -0.0589899313        0.2391889050        2.9471694973        2.9607395993
       -0.2697911233       -0.0689611315        1.7951036416        1.8219274840
        0.0733009520        0.0841871611       -0.0039237243        0.1116955830
        0.0362333111       -0.0455633696        0.0382431592        0.0696520833
        0.1166956992        0.1791022221        0.2512425902        0.3581872642
       -0.4251776354       -0.1226755490       -0.0640302909        0.4684068478
        0.0720900098        0.1404923506        0.0908089744        0.1821574591
        0.0800513601       -0.0096068133        0.0158023017        0.0821597459
       -0.0373019302        0.0916613970       -0.1485613773        0.1785041414
        0.0159376039        0.0551413597       -0.4304732849        0.4342831171
        0.2066508512       -0.2607917259       -2.6981813421        2.7186208734
        0.2364492994       -0.5970589968       -5.2317123587        5.2709773213
       -0.1827887545        0.2479164978       -1.8725420573        1.8977060033
       -0.0537564085       -0.0086480478       -0.3482564110        0.3524869756
        0.0507230632       -0.3823314884       -1.7225905288        1.7652388864
       -0.0483935838       -0.3133642977       -1.0821785803        1.1276744219
        0.1131097588        0.0096459835       -2.1215891342        2.1246240413
        0.0086919002        0.0326179450       -0.1180909900        0.1228208508
       -0.0439283255        0.0220218133       -0.7374281948        0.7390635971
        0.0851148553        0.0533067654       -0.6830113680        0.6903554727
       -0.0842071091        0.0711040218       -2.1416604532        2.1444943730
       -0.0835172712       -0.0129094788       -0.5581162232        0.5644780845
       -0.2208879358       -0.0670857942       -2.4172156039        2.4282140061
       -0.1180377049        0.0552859175       -1.0069895168        1.0153902301
        0.1894842872        0.1628532498       -0.4709752189        0.7293274723
        0.0785562627        0.0253139280       -0.0001404834        0.0825342419
        0.0458788235        0.0219675309        0.1522494246        0.1605220426
       -0.1480473798       -0.1666027673        1.4340161584        1.4512328728
        0.0136466306       -0.0249319988        0.0532024320        0.0603186029
        0.4157891803        0.0936957899       -0.2568511504        0.4976264231
        0.1418266638       -0.0063315000       -0.0135554893        0.1426136099
       -0.0768947985       -0.0490942044       -0.1424559040        0.1691648176
       -0.1721282834       -0.2010473298       -0.1179303654        0.2897511792
       -0.0494563696       -0.0116687747        0.0278507586        0.0579461608
        0.0308970720       -0.1586086937       -0.0024388011        0.1616084605
        0.0152581226       -0.0065457632       -0.0532151055        0.0557449977
       -0.0675980383       -0.0769179437        0.0443643123        0.1115977466
       -0.0245777935        0.0627860972       -0.3272350135        0.3341091378
       -0.0116127410        0.1533383779       -2.5413722056        2.5460204637
       -0.4364987732       -0.2620297104       -1.8384191061        1.9076099072
       -0.1477212750       -0.0334517068       -0.7969918973        0.8112562333
        0.2555346523        0.1467234791       -2.2179506139        2.2374384156
        0.0189246958        0.0865547516       -0.5433150685        0.5504917190
        0.0061125039        0.1482128240       -1.0065901670        1.0174616298
        0.1248818754        0.2111566166       -2.7734620258        2.7842906113
       -0.1137481023       -0.0841268217       -4.7668489513        4.7689479843
       -0.0333541496       -0.0105385165       -6.3510020684        6.3510983958
        0.1344632671       -0.5925017327     -119.4295122208      119.4310576357
       -0.0200196144       -0.0166389467       -6.5099358614        6.5099879078
       -0.2741378513       -0.0863519961       23.4493082217       23.4514849016
        0.0798598960        0.7685933964       75.8384504232       75.8425154896
        0.1287150171        0.1050110676        9.0119864887        9.0135173685
        0.1527709096       -0.0231235240        6.6634423898        6.6652335391
       -0.0994405619       -0.0826650556        8.4563471291        8.4573357924
       -0.0129514207       -0.2067113393       17.0224417157       17.0237016915
        0.5854429357        0.3174027102       45.1473895113       45.1523008007
        0.1657956342        0.1233707429       10.0405523070       10.0426788838
        0.0927732778       -0.4370027253       19.7725632122       19.7776094168
       -0.0169854937       -0.1484712213        9.9546088997        9.9557305385
       -0.0329998175       -0.0109685452        0.5130544509        0.5142316273
       -0.0180198979       -0.3352944341        8.4573842745        8.4640472495
        0.0437357113       -0.0158949013        1.3931397333        1.3939167037
        0.0594454805       -0.3656573142       13.2904491123       13.2956111798
       -0.0645067407       -0.0552828763        3.6764747038        3.6774561267
       -0.0155775810       -0.0752306551        0.8029314467        0.8065985499
        0.0020224904       -0.2202271194        4.6949328940        4.7000956324
        0.0210268069       -0.0032647372        0.1136161000        0.1155915365
       -0.1276892243        0.0937364327        1.0290871968        1.0412067592
        0.0230400538        0.0079552397        0.0455686626        0.0516781668
       -0.4990637786       -0.1258269654        5.8157914437        5.8385209769
       -0.0599863419       -0.0479550568        0.5119618738        0.5176900703
       -0.1078217834       -0.0623841040       -0.0802077441        0.1481573340
        0.0329858889        0.0117336586       -0.0445429971        0.0566553281
       -0.0042120079       -0.0089249911        0.0043292746        0.0107767850
        0.4437854217       -0.2434170862       -0.4643758283        0.6869077727
        0.2447013372        0.1179531108        0.1646735685        0.3469709640
       -0.1132821072       -0.1006947007        0.1712834942        0.2679367068
        0.1788045206        0.1699117647        0.2930191933        0.4076531576
        0.0270992065       -0.2055747302        0.3842812565        0.4584181559
        0.0602935964        0.0890158741        0.0768323141        0.1321451781
        0.0696528691        0.1329862982       -0.0533073905        0.1593064831
        0.0000162854       -0.0528588383       -0.1152939303        0.1268335422
        0.0792675213       -0.1091156129       -0.0211254001        0.1365131475
        0.0130367070       -0.0499796049        2.1010759148        2.1017107119
       -0.1864807060       -0.2650042297       24.2045509852       24.2067199490
       -0.1637107915        0.0068238561        8.1876677980        8.1893071599
       -0.1285508721       -0.0069016616        2.6288597266        2.6320099586
#END
